name_en,name_ar,gender
Aabad,عبد,male
Aaban,ابن,male
Aabdar,أبْدَرٌ,male
Aabid,عَابِد,male
Aabida,عَابِدَة,female
Aabidullah,عَابِدُ الله,male
Aabir,عَابِر,male
Aabira,عَابِرَة,female
Aabis,عَابِس,male
Aabroo,عبرو,female
Aadam,آدم,male
Aaden,,male
Aadheen,اذن,male
Aadil,عَادِل,male
Aadila,عَادِلَة,female
Aaf,اف,male
Aafa,عَافَة,male
Aafaq,آفَاق,male
Aafiq,أفيق,male
Aafira,عافرة,female
Aafiya,عَافِيَة,female
Aahga,أحج,male
Aahil,أهل,male
Aaid,عائد,male
Aaida,عَائِدَة,female
Aaidun,عائدون,male
Aaila,أيلة,female
Aaima,إِيْمَاء,female
Aaina,انا,female
Aaiz,عايز,male
Aaiza,عَائِضة,female
Aaki,آكي,male
Aakif,اقيف,male
Aakifah,عَاكِفَة,female
Aakil,عَاقِل,male
Aala,أَعْلى,male
Aalam,أعلم,male
Aalamgir,المجير,male
Aalee,الي,male
Aali,آلي,male
Aalif,الف,male
Aalifa,أَلِيْفة,female
Aalii,الي,male
Aalim,اليم,male
Aaliya,عالية,female
Aaliyah,,female
Aamad,عماد,male
Aamal,آمال,female
Aameen,آمين,male
Aamer,عامر,male
Aamilah,عاملة,female
Aamin,آمين,male
Aamina,آمنة,female
Aamir,أمير,male
Aamirah,عَامِرَة,female
Aamla,أملا,male
Aana,آناء,female
Aaneseh,انصح,female
Aanil,انيل,male
Aaqib,عقيب,male
Aaqif,اقيف,male
Aaqilah,عقيله,female
Aara,أرى,female
Aaraf,عارف,male
Aarav,,male
Aarib,عريب,male
Aaribah,آرِبْة,female
Aarif,أعرف,male
Aarifah,عَرِيفَة,female
Aariz,أرز,male
Aaron,,male
Aaryan,ارين,male
Aarzam,رزم,male
Aarzu,أرز,female
Aas,اس,male
Aasaal,اسال,male
Aasal,أصل,male
Aaseman,اسمان,female
Aasfa,اسفة,female
Aashif,اشف,male
Aashik,اشيك,male
Aashiq,عاشق,male
Aashiq-Ali,شيقل,male
Aashiq-Muhammad,أشيقمهمد,male
Aashir,أشير,male
Aasia,آسيا,female
Aasif,آسف,male
Aasimah,اسمه,female
Aasir,أسير,male
Aasira,أسيرة,female
Aasiyah,اصيح,female
Aasma,اسم,female
Aasmaa,أسماء,female
Aati,آتي,male
Aatif,عطيف,male
Aatifa,عطيفة,female
Aatifah,اتفه,female
Aatik,أطيق,male
Aatika,اتيكا,female
Aatikah,اطيقه,female
Aatiq,أطيق,male
Aatiqa,عتيقة,female
Aatiqah,اطيقه,female
Aatirah,اطرح,female
Aatish,أتش,male
Aatiya,آتية,female
Aauf,اوف,male
Aaus,اس,male
Aawaz,أوز,female
Aaween,اوين,female
Aawf,اوف,male
Aayaan,ايان,male
Aayan,أين,male
Aayiz,عايز,male
Aayizah,عايزه,female
Aayun,عيون,female
Aazaad,آزاد,male
Aazad,آزاد,male
Aazam,عزام,male
Aazim,عظيم,male
Aazz,اذ,male
Ab,,male
Abaal,أبال,female
Abaas,عباس,male
Abaasa,عباس,female
Ababil,أبابيل,male
Abad,أبد,male
Abadiya,أبدية,male
Abagail,,female
Abahat,أبحت,male
Abahh,أباه,male
Abaid,أبيض,male
Abal,أبل,female
Abanus,أبنوس,male
Abasah,عبسة,female
Abasi,عباسي,male
Abasin,بسين,male
Abb,,male
Abbaar,أبار,male
Abbaas,عباس,male
Abbaasah,باسه,female
Abbad,عبد,male
Abbas,عباس,male
Abbey,,female
Abbie,,male
Abbigail,,female
Abbood,عبود,male
Abbott,,male
Abbud,عبد,male
Abbudin,عابدين,male
Abby,,female
Abd,عبد,male
Abd-Al,أبدل,male
Abd-Al-Ala,عبداللة,male
Abd-Khayr,بذخير,male
Abda,أبدا,male
Abdaal,أبدال,male
Abdah,عبده,male
Abdal,أبدل,male
Abdallah,عبدالله,male
Abdan,أبدا,male
Abdel,عبدال,male
Abdia,أبدية,female
Abdiel,,male
Abdiqani,بضيقن,female
Abdiya,أبدية,female
Abdud-Daar,بدوددر,male
Abduh,عبده,male
Abdul,عبدال,male
Abdullah,,male
Abdun-Naafe,بدونناف,male
Abdun-Nasir,بدونناسر,male
Abdun-Noor,بدوننر,male
Abdur,عبدر,male
Abdus,عبدوس,male
Abdut-Tawwab,أبدتتوب,male
Abduz-Zahir,عبدززهر,male
Abe,,male
Abedin,عابدين,male
Abeel,أبيل,male
Abeela,أبلة,female
Abeira,عَبِيْرَة,female
Abel,,male
Abelardo,,male
Abhaj,أبهج,male
Abhar,أبحر,male
Abi,أبي,male
Abia,أبي,female
Abidain,أبيضين,male
Abideen,أبيضين,male
Abidin,عابدين,male
Abie,,male
Abigail,,female
Abigale,,female
Abigayle,,female
Abinus,أبنوس,male
Abir,عَبِيْر,male
Abisali,بيصلي,male
Abisha,بيشة,female
Abiyyi,أبي,male
Abkar,أبقار,male
Abla,عبلة,female
Ablagh,أبلغ,male
Ablaj,أبلج,male
Abner,,male
Abnus,آبنوس,male
Abood,عبود,male
Abou,أبو,male
Abqar,أبقار,male
Abqurah,بقره,female
Abra,عبر,female
Abraar,أبرار,male
Abrad,أبرد,male
Abraha,أبرهة,male
Abraham,,male
Abraj,أَبْرَج,male
Abram,أبرام,male
Abraq,أبرق,male
Abrar,أبرار,male
Abrash,أبراش,male
Abraz,أبرز,male
Abreeq,أبريق,male
Abreshmina,أبرزهمنا,female
Abril,,female
Abrisham,أبرزهم,female
Absaar,أبصار,male
Absar,أبصر,male
Absat,أبسط,male
Absham,بشم,male
Absi,عبسي,male
Abtahi,أبتاه,female
Abteen,أبطن,male
Abthi,عبثي,male
Abu-Al-Khayr,أبوالخير,male
Abu-Ayyub,أبيب,male
Abu-Bakr,أبوبكر,male
Abu-Darda,بدردا,male
Abu-Dawud,أبوداود,male
Abu-Hanifa,أبوحنيفة,male
Abu-Hurairah,أبوهريرة,male
Abu-Huzaifah,أبوحذيفة,male
Abu-Isa,أبوعيسى,male
Abu-Juhafa,أبوجهافا,male
Abu-Mahzoorah,بمحذورة,male
Abu-Masood,بمزود,male
Abu-Moosa,أبوموسى,male
Abu-Saeed,أبوزيد,male
Abu-Talha,أبطالها,male
Abu-Talib,أبوطالب,male
Abu-Turab,بتراب,male
Abu-Ubaidah,أبوعبيده,male
Abu-Yousuf,أبويوسف,male
Abu-Zar,أبوذر,male
Abudah,عَبُّودة,male
Abudain,عابدين,male
Abul-Alaa,بلالا,male
Abul-Barakat,ابولبركاة,male
Abul-Bashar,بلباسهر,male
Abul-Bashr,بلباسهر,male
Abul-Farah,بولفارة,male
Abul-Faraj,بولفاراج,male
Abul-Fath,بلفظ,male
Abul-Fazl,بلفظل,male
Abul-Haisam,بلحسم,male
Abul-Hasan,بلحسن,male
Abul-Hassan,بلحسن,male
Abul-Husain,بلحسن,male
Abul-Kalam,بولقلام,male
Abul-Khair,بلخير,male
Abul-Khayr,بلخير,male
Abul-Mahasin,بعلمهسن,male
Abul-Qasim,بلقاسم,male
Abul-Yumn,بوليمن,male
Abul-Yusr,بليزر,male
Aburah,عَبُّورة,female
Abwan,أبون,male
Abyad,أبيض,male
Abyah,أبيه,female
Abyan,أبين,male
Abyaz,بيز,male
Abzari,ابزار,male
Ace,,male
Acey,,male
Achsah,,female
Acie,,male
Acy,,male
Ada,أدى,female
Adaan,أدان,male
Adab,أدب,male
Adah,,female
Adalat,أدلة,male
Adalberto,,male
Adaline,,female
Adalyn,,female
Adalynn,,female
Adam,,male
Adamaris,,female
Adams,,male
Adan,أدان,male
Adaniyyah,أذنيه,female
Adar,أدار,male
Adara,أدارة,female
Adarina,أدرنة,female
Adawi,أداوي,male
Adawiyah,أدوية,female
Adbul,دبل,male
Adbul-Qawi,دبلقو,male
Add,,male
Adda,,female
Addal,عَدَّال,male
Addar,أدار,male
Addie,,male
Addison,,male
Addisyn,,female
Addul,عدل,male
Addyson,,female
Adeeb,أديب,male
Adeeba,أديبة,female
Adeebah,أديبة,female
Adeema,عديمة,female
Adeen,أدين,male
Adeena,أدينا,female
Adeeva,أضيف,female
Adel,,female
Adela,,female
Adelaide,,female
Adelard,,male
Adelbert,,male
Adele,,female
Adelia,,female
Adelina,,female
Adeline,,female
Adell,,female
Adella,,female
Adelle,,female
Adelyn,,female
Aden,أضن,female
Adena,أدنى,female
Adham,أدهم,male
Adhara,عذرة,female
Adheem,عظيم,male
Adheen,أظن,male
Adi,عادي,male
Adib,أديب,male
Adiba,أديبة,female
Adifaah,أضيفه,female
Adil,عَادِل,male
Adilene,,female
Adin,,male
Adina,أدينا,female
Adineh,أذينه,female
Adir,أدير,male
Adira,أديرة,female
Adison,,female
Aditya,,male
Adiv,أضيف,male
Adiva,أضيف,female
Adiy,أدعي,male
Adl,أضل,male
Adla,أدلى,female
Adlaa,أدلاء,female
Adlah,أدلة,female
Adlai,,male
Adlan,عدلان,male
Adlea,أدلة,female
Adli,أدلي,male
Adlii,أدلي,male
Adline,,female
Admiral,,male
Adn,أظن,female
Adnaan,عدنان,male
Adnan,عدنان,male
Adnanah,عدنانيه,female
Adniyyah,أذنيه,female
Adolf,,male
Adolfo,,male
Adolph,,male
Adolphus,,male
Adonis,,male
Adr,أدر,male
Adrain,,male
Adria,,female
Adrian,,male
Adriana,,female
Adriane,,female
Adrianna,أدريانا,female
Adrianne,,female
Adriel,,male
Adrien,,male
Adriene,,female
Adrienne,,female
Adrish,أدرسه,male
Adron,,male
Aduzahir,عضوذهر,male
Aduzzahir,عضوذهر,male
Adwam,أدوم,male
Adyan,أديان,female
Adyson,,female
Aedan,,male
Aejaz,أجاز,male
Aeni,عَيْنِيّ,female
Aerdoan,إردوغان,male
Aetisham,تشم,male
Afaak,أفاق,male
Afaf,عفاف,female
Afam,فم,male
Afana,أفنى,female
Afandi,أفندي,male
Afdaal,أفضال,male
Afdal,أفضل,male
Afeef,عفيف,male
Afeefa,عفيفى,female
Afeefah,عفيفه,female
Afeen,فين,female
Afeera,عَفِيْرَة,female
Affaan,عفان,male
Affan,عفان,male
Affera,عفرا,female
Affie,,female
Affra,عفرا,female
Afhaam,أفهام,male
Afham,أفهم,male
Afif,عفيف,male
Afif-Ud-Din,فيفضدن,male
Afifa,عفيفى,female
Afifah,عفيفه,female
Afiq,أفيق,male
Afizah,فيزه,female
Afkar,أفكار,female
Aflah,أفلح,male
Afnan,أفنان,female
Afra,لتي,male
Afraa,عفراء,female
Afrad,أفراد,male
Afrah,أفراح,female
Afraima,أفرايم,female
Afrasiab,أفراسب,male
Afraz,أفرز,male
Afreeda,آفريده,female
Afridi,فريدي,male
Afrin,عفرين,female
Afrisham,فرصهم,female
Afrouz,أفرز,female
Afroz,أفرز,female
Afroza,أفرز,female
Afroze,أفرز,female
Afrozeh,أفرزه,female
Afruz,أفرز,male
Afsa,أفصى,female
Afsah,أفصح,female
Afsan,فصان,male
Afsana,فسنة,female
Afsanah,فسنة,female
Afsaneh,فسنه,female
Afsar,أفسر,female
Afsar-Ud-Din,أفسرددن,male
Afsaruddin,أفسردن,male
Afseruddin,أفسردن,male
Afshan,فشن,female
Afshar,افشار,male
Afsheen,أفصح,female
Afshin,فشن,female
Afsoon,عفص,female
Aftab,آفتاب,male
Aftab-Ud-Din,فتبددن,male
Aftar,أفطر,male
Afton,,female
Afuww,عفو,male
Afza,أفز,female
Afzaal,فزال,male
Afzal,أفظل,male
Afzoon,أفز,female
Aga,أجا,male
Agatha,,female
Aggie,,female
Agha,أغا,male
Aghala,أغلى,female
Agharid,أغاريد,female
Agharr,لتي,male
Aghigh,غيغ,female
Aghla,أغلى,female
Aghlab,أغلب,male
Aghsan,أغصان,female
Agnes,,male
Agness,,female
Agreen,أجرين,female
Agrim,عجرم,male
Agusta,,female
Agustin,,male
Agustus,,male
Ah,,male
Ahab,أحب,male
Ahad,أحد,male
Ahbab,أحباب,female
Ahd,أحد,male
Ahdaf,أهداف,female
Ahdawi,هداوي,male
Ahdee,أهدي,male
Ahdia,أحذية,female
Aheedah,أهداه,female
Ahibun,حبن,male
Ahid,أحد,male
Ahida,أحدا,female
Ahin,أهين,male
Ahina,عَاهِنة,female
Ahkam,أحكام,male
Ahlaam,أحلام,female
Ahlam,أحلام,female
Ahlem,أحلم,female
Ahmad,أحمد,male
Ahmadullah,حمدلله,male
Ahmar,أحمر,male
Ahmaraan,حمران,female
Ahmed,أحمد,male
Ahmer,أحمر,male
Ahnaf,أحنف,female
Ahoo,أهو,female
Ahram,أهرام,female
Ahraz,أحرز,male
Ahsab,أحسب,male
Ahsan,أحسن,male
Ahsanullah,أحسنلله,male
Ahsun,أحسن,male
Ahtesham,احتشام,male
Ahvaz,أحفظ,female
Ahwas,أحوس,male
Ahwaz,أحواز,female
Ahyam,أهيم,male
Ahyan,أحيان,male
Ahyas,حيث,female
Ahzab,أحزاب,male
Aibak,أيبك,male
Aicha,عائشة,female
Aid,عيد,male
Aida,,female
Aidan,أيضا,female
Aidana,أدنى,female
Aiden,,male
Aidh,أيده,male
Aidyn,,male
Aighar,أغار,female
Aigheen,أغن,female
Aigul,أجل,female
Aijaz,أعجز,male
Aileen,ألين,female
Ailene,,female
Aili,,female
Aimal,أعمال,female
Aiman,أيمن,male
Aimee,,female
Aimen,أيمن,female
Ain,عين,male
Ain-Alsaba,نلسبا,female
Ainaz,عنز,female
Ainsley,,female
Aireen,أيرين,female
Aisana,أسنى,female
Aish,أيش,male
Aisha,عائشة,female
Aisooda,أسودا,female
Aissa,عيسى,male
Aisy,عيسي,male
Aiya,أية,female
Aiyana,,female
Aiyaz,عايز,male
Aiyla,أيلة,female
Aiz,عايز,male
Aizaad,أزاد,male
Aizat,عايزة,male
Aja,,female
Ajaam,عجام,male
Ajaar,أجار,male
Ajab,أجاب,male
Ajam,أجم,male
Ajaweed,أجاويد,male
Ajawid,أجاويد,male
Ajeeb,أجيب,male
Ajeebah,أجيبه,female
Ajeel,أجل,male
Ajer,أجر,male
Ajia,أجي,female
Ajiad,أجياد,male
Ajib,أجيب,male
Ajjaj,عجاج,male
Ajlah,أجله,male
Ajlal,اجلال,female
Ajmal,أجمل,male
Ajmar,جمر,male
Ajmel,أجمل,male
Ajmi,أجمع,male
Ajrada,أجرد,male
Ajradah,جراده,female
Ajtaba,جتب,male
Ajwa,اجوا,female
Ajwaad,أجواد,male
Ajwad,أجود,male
Ajwed,أجود,male
Akbar,أكبر,male
Akbari,أكبر,female
Akber,أكبر,male
Akdas,أقدس,male
Akeek,عقيق,male
Akeelah,,female
Akeem,أقيم,male
Akeeq,عقيق,male
Akfah,اكفه,male
Akfash,قفاش,male
Akhal,أكحل,male
Akhas,أخص,male
Akhdan,أخدان,male
Akhfash,خفاش,male
Akhil,أخيل,male
Akhlaak,أخلاق,male
Akhlaaq,أخلاق,male
Akhlaas,أخلاص,male
Akhlak,أخلاق,male
Akhlaq,أخلاق,male
Akhlas,أخلص,male
Akhmad,أخمد,male
Akhmas,أخماس,male
Akhram,خرم,male
Akhtab,أخطب,male
Akhtaf,أخطف,male
Akhtar,أخطر,female
Akhtar-Zamir,أخترزمر,male
Akhtari,أختر,female
Akhter,أختر,male
Akhund,خوند,male
Akhundzada,خندزدا,male
Akhyar,أخيار,male
Akhzam,أخزم,male
Akhzar,خزر,male
Akhzer,خزر,male
Aki,أقع,male
Akia,عكا,female
Akib,عقيب,male
Akida,أكيدة,female
Akif,كيف,male
Akili,عقيلي,male
Akim,أقيم,male
Akin,أكن,male
Akira,,male
Aklamash,أقلامش,male
Akleema,أقليمى,female
Aklima,أقليمى,female
Akmal,أكمل,male
Akmel,أكمل,male
Aknan,كنا,male
Akram,أكرم,male
Akrama,عكرمة,male
Akshiti,كشتي,female
Akwan,أكون,male
Akyas,أكياس,male
Al,,male
Al-Abbas,العباس,male
Al-Amin,الأمين,male
Al-Burhan,البرهان,male
Al-Faiz,الفائز,male
Al-Hasan,لتي,male
Al-Mamoon,المامون,male
Al-Rafi,الرفع,male
Al-Safi,الصافي,male
Al-Siddiq,الصديق,male
Al-Tahir,الطاهر,male
Al-Tayyib,الطيب,male
Ala,,female
Ala-Al-Din,اللذين,male
Ala-Ud-Din,العددين,male
Alaaldin,اللذين,male
Alaaudeen,الدين,male
Alabama,,female
Aladdin,الدين,male
Alaina,,female
Alalah,الله,female
Alaleem,الأليم,male
Alaleh,الله,female
Alam,ألم,male
Alamafruz,المفرز,female
Alamara,الأمارة,female
Alamat,علامة,male
Alamulhuda,الملحدة,male
Alamzeb,المذيب,male
Alan,الآن,male
Alana,,female
Alani,,female
Alanna,,female
Alannah,,female
Alanzo,,male
Alaqat,علاقات,male
Alauddin,الدين,male
Alaudeen,الدين,male
Alawi,علاوي,male
Alayna,علينا,female
Alba,,male
Albara,البارى,male
Albert,,male
Alberta,,female
Albertha,,female
Albertina,,female
Albertine,,female
Alberto,,male
Albertus,,male
Albin,,male
Albina,,female
Albion,,male
Alborz,البرز,male
Alby,,male
Alcee,,male
Alcide,,male
Alcie,,female
Alda,,female
Alden,,male
Aldo,,male
Aldona,,female
Aleah,,female
Alease,,female
Alec,,male
Alecia,,female
Aleck,,male
Alee,ألي,male
Aleef,أليف,male
Aleem,أليم,male
Aleem-Ul-Huda,الملحدة,male
Aleemuddin,العمودين,male
Aleen,ألين,female
Aleena,علينا,female
Aleesa,أليسا,female
Aleeza,أليز,female
Aleha,عليها,female
Alejandra,,female
Alejandro,,male
Alek,,male
Alena,,female
Alene,,female
Alesha,العشا,female
Alesia,,female
Alessandra,,female
Alessandro,,male
Aleta,,female
Aletha,,female
Alethea,,female
Alex,,male
Alexa,,female
Alexande,,male
Alexander,,male
Alexandr,,female
Alexandra,,female
Alexandre,,male
Alexandrea,,female
Alexandria,,female
Alexandro,,male
Alexia,,female
Alexina,,female
Alexis,,male
Alexus,,female
Alexys,,female
Alexzander,,male
Alf,,male
Alfah,ألفه,female
Alfaz,ألفاظ,male
Alferd,,male
Alfie,,male
Alfonse,,male
Alfonso,,male
Alfonzo,,male
Alford,,male
Alfred,,male
Alfreda,,female
Alfredo,,male
Alger,,male
Algernon,,male
Algie,,male
Algot,,male
Alhakam,الحكم,male
Alhan,ألحان,male
Alharith,الحارث,male
Alhasan,الحسن,male
Alhazar,الحذر,male
Alhena,الهنا,female
Alhusain,الحسين,male
Alhusayn,الحسين,male
Ali,علي,male
Alia,عالية,female
Aliana,,female
Alibaba,البابا,male
Alice,,male
Alicia,أليسا,female
Alida,,female
Alif,ألف,male
Alih,أله,male
Alihat,الاهات,female
Alijah,,male
Alika,عليك,female
Alim,علم,male
Alima,أليمة,female
Alin,الإن,male
Alina,علينا,female
Aline,,female
Alisa,أليسا,female
Alisha,العشا,female
Alishaba,الإسهاب,female
Alishba,العشبة,female
Alison,,female
Alissa,,female
Alisson,,female
Alivia,,female
Aliya,,female
Aliyah,,female
Aliyy,الإي,male
Aliza,العزة,female
Alize,,female
Alla,,female
Allaam,ألام,male
Allah-Bakhsh,اللهبخش,male
Allal,علال,male
Allam,علام,male
Allama,علامة,male
Allamah,ألمه,male
Allan,,male
Allean,,female
Alleen,,female
Allen,,male
Allena,,female
Allene,,female
Alleyah,عليه,female
Allie,,male
Alline,,female
Allison,,male
Allisson,,female
Ally,,female
Allyn,,male
Allyson,,female
Allyssa,,female
Alma,ألما,female
Almaas,ألماس,male
Almahdi,المهدي,male
Alman,ألمان,male
Almas,ألماس,male
Almasa,المسا,female
Almash,المسح,female
Almaz,الماظ,female
Almeda,,female
Almedia,,female
Almer,,male
Almeta,,female
Almina,,female
Almir,المير,male
Almira,الميرا,female
Almon,,male
Almond,,male
Almus,,male
Almyra,,female
Alois,,male
Aloma,,female
Alondra,,female
Alonso,,male
Alonza,,male
Alonzo,,male
Aloys,,male
Aloysius,,male
Alparslan,البارسلا,male
Alpha,,male
Alpheus,,male
Alphons,,male
Alphonse,,male
Alphonsine,,female
Alphonso,,male
Alphonsus,,male
Alsafi,الصافي,male
Alston,,male
Alta,,male
Altaaf,ألطاف,male
Altaam,التام,male
Altaf,ألطاف,male
Altaf-Hussain,التفحصن,male
Altair,الطير,male
Altamash,التمسح,male
Altayyib,الطيب,male
Altha,,female
Althaf,التحف,male
Althea,,female
Altie,,female
Altijani,التيجاني,male
Altin,الطين,female
Alto,,male
Alton,,male
Altthea,التحية,female
Altufail,التفعيل,male
Altufayl,التفعيل,male
Altun,ألتون,female
Aludra,العدرا,female
Aluf,ألف,male
Alva,,male
Alvah,,male
Alvan,,male
Alvand,الفند,male
Alvaro,,male
Alveena,ألفينا,female
Alvena,,female
Alver,,male
Alvera,,female
Alverda,,female
Alverta,,female
Alvi,ألفي,male
Alvia,,male
Alvie,,male
Alvin,,male
Alvina,ألفينا,female
Alvira,,female
Alvis,,male
Alvy,,male
Alwan,ألوان,male
Alwand,الوند,female
Alwaz,الوز,male
Alwilda,,female
Alwin,,male
Alwina,,female
Alwine,,female
Alyaan,عليان,male
Alyaanah,ليانه,female
Alyan,ألين,male
Alyasaa,أليسا,male
Alyce,,female
Alycia,,female
Alys,,female
Alysa,,female
Alyse,,female
Alysha,,female
Alysia,,female
Alyson,,female
Alyssa,,female
Alyssia,,female
Alysson,,female
Alyvia,,female
Alzahra,الزهرة,female
Alzena,الزينة,female
Alzina,,female
Alzubra,الزبر,female
Ama,,female
Amaad,عماد,male
Amaan,أمان,male
Amaanullah,أمانلله,male
Amaar,عمار,male
Amad,عماد,male
Amado,,male
Amah,عامه,female
Amail,أميل,male
Amalia,عملية,female
Amalie,,female
Amalillah,عمليلله,female
Amam,أمام,male
Aman,أمان,female
Amanaat,أمانات,female
Amanah,أمانه,female
Amanat,أمانة,female
Amanatullah,أماناتلله,female
Amanda,,male
Amani,أماني,female
Amanuddin,منددين,male
Amanullah,أمانلله,female
Amar,أمر,male
Amara,عمارة,female
Amare,,male
Amari,,male
Amarion,,male
Amaris,,female
Amasa,,male
Amat,أمة,female
Amatullah,مطوله,female
Amaya,أمية,female
Amayr,أمير,male
Ambar,أمبر,female
Ambara,أمبر,female
Ambareen,أمبر,female
Ambarin,أمبرين,female
Amber,أمبر,female
Ambereen,أمبر,female
Amberly,,female
Ambers,,male
Ambra,أمبر,female
Ambreen,أمبر,female
Ambrose,,male
Amdad,أمداد,male
Ameed,عميد,male
Ameen,أمين,male
Ameer,أمير,male
Ameera,أميرة,female
Ameerah,أميرة,female
Amelia,عمليا,female
Amelie,,female
Amer,أمر,male
America,,female
Americo,,male
Amerigo,,male
Amerulla,مريول,male
Amey,,female
Ami,,female
Amiah,,female
Amial,أميال,female
Amid,عميد,male
Amiduddawlah,معدودولة,male
Amie,,female
Amil,عَامِل,male
Amima,لتي,male
Amin,أمين,male
Amina,,female
Aminan,أمينا,female
Aminat,أمينة,female
Amine,أمين,male
Aminu,أمين,female
Aminuddin,منددين,male
Amir,أمير,male
Amira,أميرة,female
Amiraa,أميرة,female
Amirah,,female
Amiri,أميري,male
Amiruddin,معرضين,male
Amit,,male
Amiya,,female
Amiyah,,female
Amjaad,أمجاد,male
Amjad,أمجاد,male
Amlaas,أملس,female
Amlahan,عملها,female
Amlas,أملس,male
Amma,,female
Ammaar,عمار,male
Ammam,أمام,male
Amman,عمان,male
Ammar,عمار,male
Ammatunnaafe,ماتنفع,female
Ammie,,female
Ammon,,male
Ammuna,أمونة,female
Ammuni,أمني,male
Ammura,أمورة,female
Ammuri,أموري,female
Amna,أمنة,female
Amnajane,منجن,female
Amnan,أمنا,male
Amnati,أمنت,female
Amnian,أمنين,female
Amon,,male
Amooz,موز,male
Amos,,male
Amparo,,female
Amr,عمر,male
Amra,أمرا,female
Amrah,لتي,male
Amras,مراس,female
Amreen,أمرين,female
Amri,أمري,male
Amro,عمرو,male
Amrozia,امروز,female
Amrullah,أمرلله,male
Amsah,أمسح,female
Amsal,أمثال,male
Amtullah,أمتلله,female
Amy,,male
Amya,,female
Amyali,أميلي,male
Amytis,ميتز,female
Ana,أناء,female
Anaan,أنان,female
Anabel,,female
Anabella,,female
Anabelle,,female
Anabia,عنابية,female
Anadil,عندل,female
Anahi,,female
Anahid,أناهيد,male
Anahit,أنهيت,female
Anahita,أنهيت,female
Anais,,female
Anam,أنام,male
Anan,أنا,male
Ananias,,male
Anaqat,أناقة,male
Anar,أنار,male
Anarat,أنارت,female
Anas,أنس,male
Anasa,أنسى,female
Anasat,أنصت,male
Anasi,أنسي,male
Anasiya,أنسي,female
Anass,أنس,male
Anastacia,,female
Anastacio,,male
Anastasia,,female
Anat,أَناة,female
Anatole,,male
Anaum,أنام,female
Anaya,أني,male
Anbar,عنبر,female
Anbarin,عنبرين,female
Anbas,نبص,male
Ancel,,male
Ancil,,male
Andalah,نضاله,female
Andalee,نضالي,female
Andaleeb,عندليب,male
Andalib,عندليب,male
Andalus,أندلس,male
Andalusi,أندلسي,male
Andam,أنضم,male
Anders,,male
Anderson,,male
Andia,أندية,female
Andisheh,انديشه,female
Andleeb,عندليب,female
Andlib,عندليب,male
Andon,,male
Andra,,male
Andrae,,male
Andre,,male
Andrea,,male
Andreas,,male
Andres,,male
Andrew,,male
Andria,,female
Andy,,male
Aneen,أنين,male
Aneeq,أنيق,male
Anees,أنيس,male
Aneesh,أنيسه,male
Anfa,أنفا,male
Anfani,انفعني,male
Anfas,أنفاس,male
Anfernee,,male
Angar,عنجر,male
Angbin,أنجبن,female
Angel,,male
Angela,,male
Angele,,female
Angeles,,female
Angelia,,female
Angelic,,female
Angelica,,female
Angelina,,female
Angeline,,female
Angelique,,female
Angelita,,female
Angella,,female
Angelo,,male
Angeza,أنجز,female
Anghum,نغم,female
Angie,,female
Angus,,male
Anhar,أنهار,male
Anibal,,male
Anice,,female
Anida,عنيدة,female
Anie,,female
Anif,عنيف,male
Anifa,عنيفة,female
Anika,أنيقة,female
Anila,أنيل,female
Aniq,أنيق,male
Anis,أنيس,male
Anise,أنيس,male
Anisha,أَنِيْسَة,female
Anissa,أنيسة,female
Anita,أنيتا,female
Anitra,,female
Aniya,عَانِيَة,female
Aniyah,,female
Aniza,عَنِيْزَة,female
Anja,أنجا,female
Anjab,أنجب,male
Anjali,,female
Anjam,أنجم,male
Anjanette,,female
Anjelica,,female
Anjud,أنجود,male
Anjudi,أنجود,male
Anjudiya,نجدية,female
Anjum,أنجم,female
Anjuman,انجمن,female
Anmar,أنمار,female
Anmol,نمل,female
Ann,أن,female
Anna,,male
Annabel,,female
Annabell,,female
Annabella,,female
Annabelle,,female
Annali,أنال,female
Annalise,,female
Annam,أنام,female
Annamae,,female
Annamarie,,female
Anne,,female
Anneliese,,female
Annemarie,,female
Anner,,female
Annetta,,female
Annette,,female
Annice,,female
Annie,,male
Annika,,female
Annis,,female
Annissa,أنيسة,female
Annmarie,,female
Annum,أنعم,female
Anona,,female
Anoosh,أنوش,female
Anoosha,أنوش,female
Anooshah,انوشه,female
Anouar,أنوار,male
Anoud,عنود,female
Anoush,أنوش,female
Anousha,أنوش,female
Anoushiravan,نشرفا,male
Anqa,أنقى,female
Ans,أنس,male
Ansaar,أنصار,male
Ansab,أنسب,female
Ansah,أنصح,male
Ansam,أنسام,female
Ansar,أنصار,male
Ansara,أنصار,female
Ansari,أنصاري,male
Ansel,,male
Ansha,أنشا,female
Anshar,أنشر,male
Ansharah,أنشره,female
Ansley,,female
Anson,,male
Antar,عنتر,male
Antarah,عنتره,female
Anthoney,,male
Anthony,,male
Antione,,male
Antionette,,female
Antoine,,male
Antoinette,,female
Anton,,male
Antone,,male
Antonetta,,female
Antonette,,female
Antonia,,male
Antonina,,female
Antonio,,male
Antony,أنتوني,male
Antwain,,male
Antwan,,male
Antwon,,male
Anum,أنعم,female
Anumullah,أنملة,female
Anush,أنوش,female
Anusha,أنشا,female
Anushah,أنشأه,female
Anusheh,أنصحه,female
Anwaar,أنوار,female
Anwaaraddin,نوردن,male
Anwar,أنوار,female
Anwara,أنوار,female
Anwarah,أنواره,female
Anwari,أنوار,male
Anwarul-Karim,نورلكرم,male
Anwarus-Sadat,نورسسداة,male
Anwer,أنور,male
Anya,,female
Anzar,أنظر,male
Apana,أبانا,female
Aphra,عفرا,female
April,,female
Aqdas,أقدس,male
Aqeeb,عقيب,male
Aqeed,عقيد,male
Aqeek,عقيق,male
Aqeeq,عقيق,male
Aqib,عقيب,male
Aqiba,عقبة,female
Aqidah,عقيدة,female
Aqif,أقف,male
Aqiq,عقيق,male
Aql,أقل,male
Aqlan,عقلان,male
Aqleem,أقليم,male
Aqlimah,قلمه,female
Aqmar,أقمار,male
Aqqaad,عقاد,male
Aqqad,عقد,male
Aqrab,أقرب,male
Aqsa,أقسى,female
Aqsaa,اقصاء,male
Aqsad,أقصد,male
Aquilah,أقوله,female
Aqwa,أقوى,male
Ara,,female
Araabi,عرابي,male
Araam,أرام,female
Arab,عرب,male
Arabella,,female
Araceli,,female
Aracely,,female
Arad,أراد,male
Arafaa,عرفاء,female
Arafah,عرفه,male
Arafat,عرفات,male
Arah,,female
Araiz,أرز,male
Araj,أرج,male
Aram,أرام,male
Arameh,أرميه,female
Aramesh,رمش,female
Araminta,,female
Aran,أرن,male
Arandas,عرندس,male
Arang,رانج,male
Arar,عرار,male
Ararah,عرعره,female
Aras,عرس,male
Arash,عرش,male
Arasteh,أرسطه,female
Arastoo,أرسطو,male
Arax,آركس,male
Araysh,عريش,male
Araz,أرز,male
Arba,,male
Arbaab,أرباب,male
Arbaaz,أرباز,male
Arbab,أرباب,male
Arbad,أربد,male
Arban,عربان,male
Arbaz,أربز,male
Arbie,,male
Arch,,male
Archer,,male
Archibald,,male
Archie,,male
Arda,أرضى,female
Ardah,أرضه,female
Ardalan,اردلان,male
Ardam,ردم,male
Ardas,عرضس,male
Ardath,,female
Ardavan,ردفان,male
Ardelia,,female
Ardell,,male
Ardella,,female
Ardelle,,female
Arden,,male
Ardeshir,أردشير,male
Ardeth,,female
Ardin,أرضين,male
Ardis,,female
Ardith,,female
Ardyce,,female
Areeb,أريب,male
Areeba,أريبة,female
Areef,عريف,male
Areej,أريج,male
Areen,عرين,male
Areena,أرينا,female
Areeq,عريق,male
Areeqa,عريقة,female
Arees,عريس,male
Areesa,عريسا,female
Areesh,عريش,male
Areesha,عريسها,female
Areez,أرز,male
Aref,عرف,male
Areli,,female
Arely,,female
Aresha,عرسها,female
Aretha,,female
Arf,عرف,male
Arfa,عرفة,male
Arfaa,عرفاء,male
Arfaan,عرفان,male
Arfaana,عرفانا,female
Arfan,عرفان,male
Arfeen,عارفين,male
Arghavan,رغيفان,female
Argie,,female
Arhaa,أرها,female
Arhab,أرحب,male
Arham,أرحم,male
Ari,,male
Aria,,female
Ariana,أريانة,female
Arianaz,ريناز,female
Ariane,,female
Arianna,,female
Arib,عريب,male
Aric,,male
Arie,,female
Ariel,,male
Ariella,,female
Arielle,,female
Arietta,,female
Arif,عارف,male
Arifin,عارفين,male
Ariiq,عريق,male
Arij,أريج,male
Arikah,أريكة,male
Arinah,عرينه,female
Ariqaat,عريقات,female
Arish,عريش,male
Arisha,عريسها,female
Arissa,عريسا,female
Ariz,أرز,male
Arizona,,female
Arjasb,رجسب,male
Arjmand,ارجمند,male
Arjomand,ارجومند,male
Arjumand,ارجومند,female
Arjun,,male
Arkaan,أركان,male
Arkan,أركان,male
Arkhun,أرخن,male
Arkie,,female
Arla,,female
Arlan,,male
Arland,,male
Arleen,,female
Arlen,,male
Arlena,,female
Arlene,,female
Arleth,,female
Arletta,,female
Arley,,male
Arlie,,male
Arlin,,male
Arline,,female
Arlington,,male
Arlis,,male
Arlo,,male
Arly,,female
Arlyn,,male
Arlyne,,female
Armaan,عرمان,male
Armaghan,أرمغا,male
Armaghn,أرمغن,female
Arman,أرمن,male
Armand,,male
Armando,,male
Armani,,male
Armeen,أرمن,male
Armida,,female
Armin,أرمن,female
Armina,رمينا,female
Arminda,,female
Arminta,,female
Armita,رميت,female
Armond,,male
Armstead,,male
Arnav,,male
Arnavaz,أرنفز,female
Arnawaz,أرنوز,female
Arne,,male
Arnett,,male
Arnetta,,female
Arnica,رنك,female
Arnie,,male
Arno,,male
Arnold,,male
Arnoldo,,male
Arnoush,رنوش,female
Arnulfo,,male
Aron,,male
Aroob,عروب,female
Arooba,أروبا,female
Aroof,عرف,male
Aroofa,عرفة,female
Aroos,عروس,female
Aroosa,عروسة,female
Aroosh,عروسه,male
Aroub,عروب,female
Aroush,عروسه,female
Arqam,أرقام,male
Arra,,female
Arrie,,female
Arron,,male
Arsal,أرسل,male
Arsala,أرسل,female
Arsalaan,أرسلان,male
Arsalan,أرسلان,male
Arsam,أرسم,male
Arsan,عرسان,male
Arsel,أرسل,male
Arsenio,,male
Arsh,عرش,male
Arshad,أرشد,male
Arshak,عرشك,male
Arsham,عرسهم,male
Arshama,عرسهم,male
Arshan,عرسها,male
Arshaq,رشق,male
Arshavir,أرشافير,male
Arsheeda,أرشيد,female
Arsheen,عرش,female
Arshi,عرشي,male
Arshia,عرسها,male
Arshiya,عرشي,female
Arsin,أرسين,male
Arslaan,أرسلان,male
Arslan,أرسلان,male
Art,,male
Arta,أرت,male
Artaban,رطبا,male
Artabaz,أرتبز,male
Artadokht,أرتدخة,female
Artadukht,أرتدخة,female
Artah,أرتاح,male
Artan,رتن,male
Arteban,رطبا,male
Arteena,آرتين,female
Artelia,,female
Artepan,رطبا,male
Arteshtar,ارتعشتر,male
Arther,,male
Arthor,,male
Arthur,,male
Artie,,male
Artin,آرتين,male
Artis,,male
Arturo,,male
Arub,عرب,female
Arubiyyah,عربيه,female
Arus,عروس,female
Arva,عرفة,female
Arvand,عرفند,male
Arveen,عارفين,male
Arvel,,male
Arvid,,male
Arvil,,male
Arvilla,,female
Arvin,,male
Arvo,,male
Arwa,لتي,male
Arwaa,ارواء,female
Arwah,أرواح,female
Arwarh,روره,male
Arya,عارية,female
Aryabod,ريبد,male
Aryaman,عريمان,male
Aryan,عرين,female
Aryana,,female
Aryanna,,female
Aryano,عريانه,male
Aryisha,عريسها,female
Aryou,أري,male
Arz,أرز,female
Arzaan,رزان,male
Arzan,رزان,male
Arzanda,رزاندا,female
Arzandeh,رزانده,female
Arzang,رزانج,male
Arzhang,رزهنج,male
Asa,أسا,female
Asaad,أساد,male
Asaalat,أسالت,female
Asad,أسد,male
Asadah,أسعده,female
Asadel,أسدل,male
Asadullah,أصدلله,male
Asah,أصح,female
Asal,أسأل,female
Asala,أصالة,female
Asalah,أصاله,female
Asali,أصلي,female
Asan,أسن,male
Asar,أثر,female
Asareer,أسارير,male
Asareh,أسره,female
Asas,أساس,female
Asbaat,أسباط,male
Asbagh,أصباغ,male
Asbah,أصبح,female
Asbat,أثبت,male
Asberry,,male
Asbury,,male
Asdaf,أصداف,female
Aseed,أسيد,male
Aseel,أسيل,female
Aseela,أصيلة,female
Aseelah,أصيله,female
Aseer,أصير,male
Asfa,أسفة,female
Asfaq,أصفق,male
Asfar,أصفر,male
Asfia,عسفيا,female
Asfiya.,عسفيا.,female
Asfour,عصفور,female
Asfoureh,عصفوره,female
Asgar,أصغر,male
Asgari,أصغر,female
Asger,أصغر,male
Asghar,أصغر,male
Asgher,أصغر,male
Asghia,أصغي,female
Asha,عشا,female
Ashaab,أصحاب,male
Ashaar,أشار,male
Ashaas,شاص,male
Ashaath,شاذ,male
Ashab,أصحاب,male
Ashadieeyah,شاديه,female
Ashaes,أشعث,male
Ashaj,شج,male
Ashal,أسهل,male
Ashalina,سحالينا,female
Ashanti,,female
Ashar,أشار,male
Ashaz,شاذ,male
Ashbah,أشباه,female
Ashbal,أشبال,male
Ashby,,male
Asheb,عشب,male
Asheeq,عشيق,male
Asheeqa,عشيقة,female
Asheeyana,أشين,female
Ashely,,female
Ashena,عشنا,female
Asher,عشر,male
Ashfaaq,اشفاق,male
Ashfaq,أشفق,male
Ashhab,أصحاب,male
Ashhal,أسهل,male
Ashham,أسهم,male
Ashhar,أشهر,male
Ashhub,أشهب,male
Ashik,أشيك,male
Ashika,عشيقة,female
Ashil,أشيل,male
Ashiq,عشيق,male
Ashiqa,عشيقة,female
Ashiqah,عشيقه,female
Ashir,أشير,male
Ashira,عشرة,female
Ashiya,أشعيا,female
Ashja,أشجع,male
Ashkan,عشقان,male
Ashlea,,female
Ashlee,,female
Ashleigh,,female
Ashley,,male
Ashli,,female
Ashlie,,female
Ashly,,female
Ashlyn,,female
Ashlynn,,female
Ashmaan,سحمان,male
Ashmal,أشمل,male
Ashmath,شماته,male
Ashna,عشنا,female
Ashnad,شند,male
Ashofta,شفت,female
Ashofteh,شفته,female
Ashour,أشور,male
Ashqar,أشقر,male
Ashraf,أشرف,female
Ashrafus-Sadat,أشرفصصداة,male
Ashras,أشرس,male
Ashtar,أشطر,male
Ashti,اشتي,female
Ashton,,male
Ashtyn,,female
Ashwaq,أشواق,female
Asia,,female
Asif,أسف,male
Asifa,أسفة,female
Asil,أصيل,male
Asilah,أسئله,female
Asili,أصيل,female
Asim,عاصم,male
Asima,أسمى,female
Asimah,أسمه,female
Asir,أصير,male
Asira,أسيرة,female
Asiruddin,سردين,male
Asiya,أسيا,female
Asiyah,أصيح,female
Asiyeh,أصيح,female
Asjad,أسجد,female
Askar,عسكر,male
Askari,عسكري,male
Asker,أسكر,male
Asla,أصلا,male
Aslam,أسلم,male
Aslan,أصلا,male
Asli,أصلي,female
Asma,أسما,female
Asmaa,أسماء,female
Asmar,أسمار,female
Asmara,أسمرة,female
Asmat,أصمت,female
Asna,أسنى,female
Aso,أسو,male
Ason,,female
Asooda,أسودا,male
Aspen,,female
Asr,أسر,male
Asra,أسرى,female
Asrar,أسرار,female
Asreen,عصرين,female
Asriyah,أسرية,female
Assab,أصاب,male
Assia,أسيا,female
Assunta,,female
Astaan,استان,male
Astan,استان,male
Astrid,,female
Asu,أس,female
Asuda,أسودا,female
Asudeh,أسعده,female
Aswab,أصوب,male
Aswad,أسود,male
Asya,أسيا,female
Asyaf,أسياف,male
Asyam,أثيم,male
Asyhab,سيحب,male
Asyqar,سيقر,male
Asyraf,سيرف,male
Asyur,أسير,male
Ata,أتى,male
Ata-Al-Rahman,أطلرهما,male
Ata-Allah,عطاالله,male
Ata-Ataa,اطاطا,male
Ataa,عطاء,male
Atabak,أطباق,male
Atabuk,أطبق,male
Atafah,أتفه,female
Atah,أتاه,male
Atal,أطال,male
Atalaya,أطاليا,female
Atallah,عطالله,male
Atanaz,تنز,female
Atarin,ترين,female
Atarisa,عتريس,female
Atash,أتش,male
Ataubaq,أطباق,male
Ataullah,عطالله,male
Ataur-Rahman,تررهما,male
Ataya,عطية,female
Atayat,أتيت,female
Atbin,أتبين,male
Ateeb,أطيب,female
Ateebah,عتيبه,female
Ateef,عطيف,female
Ateek,أطيق,male
Ateen,أتين,female
Ateeq,أطيق,male
Ateeqa,عتيقة,female
Ateeqah,أطيقه,female
Ateer,أطير,male
Ateera,أطير,female
Ateeyah,أتيح,female
Atefeh,أتفه,female
Atf,عاطف,male
Atfah,أتفه,female
Atfat,أطفأت,male
Atha,أذا,male
Athar,أثار,male
Athazaz,أتهزز,male
Atheel,أثيل,male
Atheer,أثير,male
Athena,,female
Ather,أثر,male
Athier,أثير,male
Athif,أظيف,male
Athil,أثيل,male
Athilah,أذله,female
Athir,أثير,female
Athmah,عظمه,female
Athtar,تحتار,male
Atia,عطية,female
Atif,عطيف,male
Atifa,عطيفة,female
Atifah,أتفه,female
Atifat,عطيفة,female
Atik,أطيق,male
Atika,عتيقة,female
Atikah,أطيقه,female
Atila,أطيل,male
Atiq,أطيق,male
Atiqa,عتيقة,female
Atiqah,أطيقه,female
Atir,أطير,male
Atira,أطير,female
Atirah,أطرح,female
Atiya,عطية,female
Atiyaa,أتيا,female
Atiyah,أتيح,female
Atiyyaat,عطيات,female
Atiyyatullah,أتيتلله,female
Atlas,,male
Atoof,أطوف,male
Atoosa,أتوسع,female
Atqa,أتقى,female
Atqaa,عتقاء,female
Attaar,أطار,male
Attaboak,أطباق,male
Attaf,عاطف,male
Attar,أتار,male
Attarah,تراه,female
Attawah,أتوه,female
Atticus,,male
Attie,,female
Attilio,,male
Attiq,أطيق,male
Atubah,أتبعه,female
Atuf,أطوف,female
Atusa,عطسة,female
Atyaaf,أطياف,female
Atyab,أطيب,male
Atyaf,أطياف,female
Aubra,,male
Aubree,,female
Aubrey,,male
Aubrie,,female
Audie,,male
Audley,,male
Audra,,female
Audrey,,male
Audriana,,female
Audrianna,,female
Audrina,,female
Audry,,female
Audy,,male
Aufa,أوفى,male
August,,male
Augusta,,male
Auguste,,male
Augustin,,male
Augustina,,female
Augustine,,male
Augustus,,male
Aula,أولا,male
Aun,أن,male
Aura,,female
Aurang,أورانج,male
Aurangzeb,أورانجزب,male
Auraq,أوراق,female
Aurelia,,female
Aurelio,,male
Aurilla,,female
Aurora,,female
Aurore,,female
Aurthur,,male
Aus,أوس,male
Ausa,أوصى,female
Ausaf,أوصاف,male
Ausan,أوسان,male
Ausaq,أوسق,female
Austen,,male
Austin,,male
Auston,,male
Austyn,,male
Auther,,male
Author,,male
Authur,,male
Autry,,male
Autumn,,female
Ava,أفا,female
Avah,,female
Avan,أفان,female
Avaz,أفز,female
Aveed,أفيد,female
Aveen,فين,female
Averi,,female
Averie,,female
Avery,,male
Avesta,فيستا,female
Avie,,female
Avis,,female
Avishan,فعشان,female
Avivit,عفيفة,female
Avizah,فيزه,female
Avizeh,فيزه,female
Avon,,male
Awa,أو,female
Awad,أود,male
Awadi,أودي,male
Awadil,وديل,male
Awadili,وديلي,male
Awadini,أودين,male
Awafita,أوفيت,female
Awaidia,أودية,female
Awais,أويس,male
Awaisha,عويشة,female
Awaiz,أوز,male
Awaiza,أوز,female
Awalmir,والمر,male
Awamil,عوامل,male
Awamila,عوامل,female
Awamir,أوامر,male
Awamira,أوامر,female
Awamiri,أوامري,male
Awan,أوان,male
Awanah,أوانه,male
Awani,أواني,male
Awarif,عوريف,female
Awasim,أوسيم,male
Awat,أوت,female
Awatif,عواطف,female
Awayed,أويد,male
Awayeda,عويضة,female
Awb,أوب,female
Awbi,أوبي,female
Awbia,أوبئة,female
Awd,أود,male
Awdaq,ودق,female
Awdiya,أودية,female
Awelijama,ولجم,male
Awena,أون,female
Awf,أوف,male
Awfa,أوفا,female
Awfar,أوفر,male
Awhad,أوحد,male
Awisa,عويصة,female
Awishan,أوشن,female
Awj,أوج,male
Awja,عوجا,female
Awla,أولى,female
Awlan,أولا,male
Awlya,أولية,female
Awmani,أومن,male
Awmar,أومر,male
Awmari,عومري,male
Awn,أون,male
Awni,أون,male
Awqa,أوقع,female
Awrad,أورد,male
Aws,أوس,male
Awsal,أوصل,female
Awsam,أوسم,female
Awsat,أوساط,male
Awshan,أوشن,male
Awsima,أوسمة,female
Awthal,أوثال,male
Awwaab,أواب,male
Awwab,أواب,male
Awwad,أود,male
Awwadi,أودي,male
Awwak,أوك,male
Awwal,أول,male
Awwalan,أولا,female
Awwam,أوام,male
Awwaz,أوز,male
Awwazah,عاوزه,female
Axel,,male
Aya,أيا,female
Ayaan,أيان,male
Ayaat,أيات,female
Ayaaz,عايز,male
Ayad,أياد,male
Ayah,أيه,female
Ayamin,أيمن,female
Ayan,أيان,male
Ayana,أين,female
Ayaneh,عينه,female
Ayanna,,female
Ayat,آيات,female
Ayatullah,يتولاه,male
Ayaz,عايز,male
Aybak,أيبك,male
Ayd,عيد,female
Aydan,,male
Aydania,أيدنا,female
Aydarus,عيدروس,male
Aydarusi,عيدروسي,male
Aydeen,أيدين,male
Ayden,,male
Aydi,أَيْدِي,female
Aydin,أيدين,male
Ayed,أيد,male
Ayeen,أين,male
Ayeh,أيه,female
Ayesha,,female
Ayham,أيهم,male
Ayineh,عيينه,female
Ayiq,عايق,male
Ayish,أيش,male
Aykon,أيكون,male
Ayla,,female
Ayli,أيلي,female
Aylin,,female
Aymaan,أيمان,male
Aymalak,يملك,female
Ayman,أيمن,male
Aymen,أيمن,female
Ayn,أين,male
Ayna,أين,female
Aynan,عينان,male
Aynoor,اينور,female
Aynuddin,أيندن,male
Aynul-Hayat,ينلهياة,male
Aynun-Naim,عينننم,male
Aynunnahar,عينناهر,female
Ayoob,أيوب,male
Ayoosh,عيوش,female
Ayoub,أيوب,male
Aypari,يباري,female
Ayra,أرى,female
Aysal,أيصال,female
Aysan,ايسن,female
Aysar,أيسر,male
Ayse,أيس,female
Aysen,أيس,female
Ayser,أيسر,male
Aysheen,عايشين,female
Aysoo,عيسو,female
Aytak,يطاق,female
Aytan,آيتان,female
Ayub,أيوب,male
Ayusha,عيشة,female
Ayyaaz,عايز,male
Ayyad,عيد,male
Ayyam,أيام,female
Ayyan,أين,male
Ayyash,أيش,male
Ayyashi,عيشي,male
Ayyasy,عيسي,male
Ayyaz,عايز,male
Ayyub,أيوب,male
Ayyubi,عيوبي,male
Ayyubia,عيوبي,female
Az-Zahra,عززهرة,female
Aza,أذا,male
Azaa,عزاء,female
Azaad,أزاد,male
Azaam,عزام,male
Azaan,أذان,male
Azab,عزب,male
Azad,أزد,male
Azadah,زاده,female
Azaddokht,أزدخة,female
Azadeh,زاده,female
Azah,أزاح,female
Azain,أزين,male
Azal,أزال,female
Azalee,,female
Azali,أزلي,male
Azalia,أزاليا,female
Azam,عزام,male
Azan,أذان,male
Azarakhsh,زرقهش,female
Azarang,عزرانج,male
Azardokht,زردخة,female
Azari,أزري,female
Azaria,,female
Azarm,أزرم,female
Azayiz,عزيز,female
Azb,عذب,male
Azbah,عذبه,female
Azbak,عذبك,male
Azban,زبان,male
Azeeb,أذيب,male
Azeebah,عذبه,female
Azeem,عظيم,male
Azeema,عزيمة,female
Azeemah,عزيمه,female
Azeen,أزين,female
Azeez,عزيز,male
Azeeza,عزيزة,female
Azeezah,عزيزه,female
Azfaar,أظفار,male
Azfar,أظفار,male
Azfer,أظفر,male
Azghan,زجها,male
Azhaan,أذهان,male
Azhaar,أزهار,female
Azhaf,أزحف,male
Azhar,أزهار,female
Azharan,أزهارا,male
Azharuddin,أزهاردن,male
Azher,أظهر,male
Azhmeer,عزهمر,male
Azil,أزل,male
Azila,أزيل,female
Azim,عظيم,male
Azima,أزمة,female
Aziman,أزمان,female
Azimushshan,عظيمششا,male
Azin,أزين,female
Azita,عزيت,female
Aziz,عزيز,female
Aziza,عزيزة,female
Azizah,عزيزه,female
Azizullah,عزيزلله,male
Azka,أزكى,female
Azlan,أزلا,male
Azli,أزلي,male
Azm,عزم,male
Azma,أزمة,female
Azmaray,زماري,male
Azmat,أزمة,male
Azmeer,أزمير,male
Azmi,عزمي,male
Azmia,أزمة,female
Azmii,عزمي,male
Azmina,أزمنة,female
Azoom,عزوم,male
Azra,عذرا,female
Azraa,عذراء,female
Azraf,أذرف,male
Azrah,أزره,female
Azrak,أزرق,male
Azraq,أزرق,male
Azraqi,أزرق,male
Azud,أزود,male
Azududdawlah,ازددولة,male
Azududdin,ازددن,male
Azul,,female
Azwa,عزوة,female
Azyan,أزين,female
Azza,عزة,female
Azzaa,عزاء,female
Azzaam,عزام,male
Azzah,أذاه,female
Azzam,عزام,male
Azzami,عزمي,male
Azzan,أظن,male
Azzat,عززت,female
Azzie,,female
Azziz,عزيز,male
Baadi,بادي,male
Baadir,بادر,male
Baadiyah,باديه,female
Baahi,باهي,male
Baahir,باهر,male
Baakir,باكير,male
Baaligh,بالغ,male
Baan,بان,female
Baanah,بانه,female
Baaqa,باقة,female
Baaqir,باقير,male
Baar,بار,male
Baare,بار,male
Baari,باري,male
Baariq,بارق,male
Baariz,باريز,male
Baasha,باشا,male
Baashir,باشر,male
Baasim,باسم,male
Baasima,باسمة,female
Baasir,باسر,male
Baasit,باسط,male
Baaz,باز,male
Bab,باب,male
Babak,باباك,male
Babar,بابار,male
Babbar,بابار,male
Babe,,male
Baber,ببر,male
Babette,,female
Babik,بابك,male
Babr,ببر,male
Babrak,ببرك,male
Baby,,male
Babymale,,male
Bachir,بشير,male
Badaa,بداء,female
Badaah,بداح,male
Badai,بدي,female
Badar,بدر,male
Badawi,بدوي,male
Badawiya,بدوية,female
Badaya,بداية,female
Baddar,بدر,male
Badee,بدي,male
Badeea,بادية,female
Badeeah,باديه,female
Badeed,بعديد,male
Badeeda,بددا,female
Badeeh,باديه,male
Badeel,بديل,male
Badeela,بديلا,female
Badeen,بعدين,male
Badhaa,بدهاء,female
Badi,بدي,male
Badi-Al-Zaman,بديلزما,male
Badia,بادية,female
Badiah,باديه,female
Badih,باديه,male
Badiha,بديهة,female
Badii,بدي,male
Badiil,بديل,male
Badilayn,بديلين,male
Badir,بادر,female
Badira,بادرة,female
Badiul-Alam,بدلالم,male
Badiuz-Zaman,بادززما,male
Badiy,بدي,male
Badiyah,باديه,female
Badr,بدر,male
Badr-Al-Din,بدرالدين,male
Badr-E-Alam,بدرالم,male
Badr-Ud-Duja,بدرددجا,male
Badra,بادرة,female
Badrah,بادره,female
Badrai,بدري,female
Badran,بدران,female
Badrawi,بدراوي,male
Badri,بدري,female
Badriya,بدرية,female
Badriyah,بدريه,female
Badriyyah,بدريه,female
Badrud-Duja,بدرددجا,male
Badruddin,بدردن,male
Badrudeen,بدرد,male
Badshah,بدشة,male
Baduah,بعده,female
Badyah,باديه,female
Baghawi,بغاو,male
Baghish,بغش,male
Baghisha,بغش,female
Baha,بها,female
Baha-Al-Din,بهالدن,male
Baha-Ud-Dawlah,بيحددولة,male
Bahaar,بحار,female
Bahadur,بحضور,male
Bahameen,بهمن,female
Bahamin,بهمن,female
Bahar,بحر,female
Bahar-Banu,بحربن,female
Baharah,بهره,female
Baharak,بحرق,female
Baharan,بهرا,female
Baharbano,بحربنه,female
Bahareh,بحره,female
Bahasht,بهشت,female
Bahat,بحت,male
Bahauddin,بحضن,male
Bahaudeen,بهذين,male
Bahayah,بهيه,female
Baheej,بهيج,male
Baheeja,بهيجة,female
Baheela,بحيلة,female
Baheen,بهين,male
Baheenah,بحينة,female
Baheer,بحير,male
Baheera,بحيرة,female
Baheerah,بحيره,female
Bahhas,بحث,male
Bahi,باهي,male
Bahia,بها,female
Bahiga,بهيجة,female
Bahij,بهيج,male
Bahija,بهيجة,female
Bahijah,بهيجة,female
Bahili,باهلي,male
Bahir,بحر,male
Bahira,بحيرة,female
Bahirah,بحيره,female
Bahiri,بحيري,female
Bahiriya,بحرية,female
Bahirun,بهرن,male
Bahis,بحيث,male
Bahisa,بحيث,female
Bahiy,بحيي,male
Bahiy-Ud-Din,بهيددن,male
Bahiya,بهية,female
Bahiyaa,باحياء,female
Bahiyah,بهيه,female
Bahiyudeen,بحيض,male
Bahiyy,بحيي,male
Bahiyy-Al-Din,بحيلدن,male
Bahiyya,بهية,female
Bahiyyah,بهيه,female
Bahiyyal,بحيل,male
Bahja,بحجة,female
Bahjat,بهجة,male
Bahlawan,بهلوان,male
Bahlul,بحلول,male
Bahman,بهما,male
Bahnam,بهنام,male
Bahnaz,بهنز,female
Bahoos,بحوث,male
Bahoosh,بحوش,male
Bahr,بحر,female
Bahraa,بهراء,female
Bahradin,بحردن,male
Bahram,بهرام,male
Bahrawar,بحرور,male
Bahri,بحري,male
Bahriyah-Al-Aabidah,بحريهلبدة,female
Bahroz,بهروز,male
Bahsa,بحصة,female
Bahu,به,male
Bahuj,بحج,male
Bahur,بحور,male
Bahz,لاريب,female
Bahzad,بهزاد,male
Bahzar,بهزر,male
Baid,بعيد,male
Baidar,بيدر,male
Baihas,بيحس,male
Bailee,,female
Bailey,,male
Bailul,بالول,male
Bais,بيس,male
Baitaar,بيطار,male
Baiza,بيزا,female
Bajala,بعجلة,male
Bajdan,بجدا,male
Bajes,باجس,male
Bajila,بجيلة,female
Bajli,بجلي,male
Bakarah,بقره,female
Bakeel,بكيل,male
Bakeet,بقيت,male
Baker,,male
Bakhat,بخط,male
Bakheet,بخيت,male
Bakheeta,بخيتة,female
Bakhit,بخيت,male
Bakhita,بخيتة,female
Bakhsh,بخش,male
Bakhshandeh,بخشنده,female
Bakhshayesh,بخشيش,male
Bakht,بخت,female
Bakht-Rawan,باختراوا,male
Bakhta,بخطى,female
Bakhtaavar,باختفار,male
Bakhtaawar,بخطور,male
Bakhtar,بخطر,male
Bakhtari,بخطر,male
Bakhtavar,باختفار,male
Bakhtawar,بخطور,female
Bakhtawara,بخطورة,female
Bakhti,باختي,male
Bakhtia,باختي,female
Bakhtiar,باختيار,male
Bakhtiyar,باختيار,male
Baki,باقي,male
Bakir,بكير,male
Bakira,باكرا,female
Bakirin,بقرن,female
Bakkar,بكار,male
Bakkur,بكر,male
Bakr,بكر,male
Bakri,بكري,male
Bakrun,بقرون,male
Baktash,بكتاش,male
Bakur,بكر,male
Bakura,باكورة,female
Balagh,بلغ,male
Balaghah,بلغه,female
Balay,بلاي,male
Balbala,بلبلة,female
Baldwin,,male
Baleegh,بليغ,male
Baleegha,بليغة,female
Baleel,بليل,male
Bali,بالي,female
Baligh,بليغ,male
Baligha,بليغة,female
Balj,بالج,male
Baljah,بالجاه,female
Ballard,,male
Balooj,بلوج,male
Balooja,بالوجة,female
Balqees,بلقيس,female
Balqis,بلقيس,female
Balquees,بلقيس,female
Balsam,بلسم,female
Bama,,female
Bambi,,female
Bamdad,بمداد,male
Bamdat,بمدة,male
Banaan,بنان,male
Banafsaj,بنفسج,female
Banafsha,بنفسها,female
Banafshah,بنفسهة,female
Banafsheh,بنفسهه,female
Banan,بنان,female
Banazir,بنازير,female
Bandar,بندر,male
Bani,بني,male
Banks,,male
Banna,بأننا,male
Bano,بنو,female
Banou,بانو,female
Banu,بن,female
Banujah,بنجاح,female
Baqa,باقة,female
Baqai,باقي,male
Baqar,باقر,male
Baqat,باقة,female
Baqee,باقي,male
Baqer,باقر,male
Baqi,باقي,male
Baqian,بقين,male
Baqir,باقير,male
Baqiya,بقية,female
Bara,برا,male
Baraa,براء,female
Baraaem,برايم,female
Baraah,براه,female
Barack,باراك,male
Barafi,برفع,male
Baraha,براحة,female
Barahim,براهيم,male
Baraim,برايم,female
Baraj,برج,male
Barak,بارك,male
Baraka,باركا,female
Barakah,بركه,female
Barakat,بركات,male
Barakatullah,بركاتلله,male
Baram,برام,male
Baran,باران,female
Baraq,براق,male
Barat,بارت,female
Barayek,بريق,female
Barb,,female
Barbara,,male
Barbie,,female
Barbra,,female
Bardia,بردية,male
Baree,بري,male
Bareea,برية,female
Bareed,بريد,male
Bareek,بارك,male
Bareeq,بريق,male
Bareerah,بريرة,female
Baresham,برشام,male
Barhamah,برحمه,female
Barhi,برحي,male
Bari,باري,male
Baria,برية,female
Bariah,بريه,female
Barii,بري,male
Barika,بريقا,female
Barikaa,بركاء,female
Barikah,بريكة,female
Bariq,بريق,male
Barir,برير,male
Barirah,بريرة,female
Bariyya,بريا,female
Bariza,بارزة,female
Barizi,باريزي,male
Barizia,باريزي,female
Barja,برجى,female
Barjaa,برجاء,female
Barjees,برجيس,female
Barkaat,بركات,male
Barkat,بركات,female
Barkatullah,بركاتلله,male
Barkha,باركها,female
Barkhan,باركها,male
Barmak,برمك,male
Barnard,,male
Barnett,,male
Barney,,male
Barni,بارني,male
Barnie,,male
Baron,,male
Barqah,برقه,female
Barqash,برقش,male
Barr,بار,male
Barrah,بره,female
Barraq,برق,male
Barraqa,بارقة,female
Barraz,بارز,male
Barrett,,male
Barrie,,male
Barron,,male
Barry,,male
Barsala,برسالة,female
Bart,,male
Bartholomew,,male
Bartley,,male
Barton,,male
Baryal,بريال,male
Barzah,بارزه,female
Barzan,برزان,male
Basaair,بصائر,female
Basaam,بسام,male
Basaaria,بسارة,female
Basair,بصير,male
Basalah,بصله,female
Basam,بسام,male
Basama,بسمة,female
Basan,بسن,male
Basar,بسعر,male
Basaud,باسود,male
Basbas,بسباس,female
Bascom,,male
Baseel,باسيل,male
Baseem,باسم,male
Baseema,بسيمة,female
Baseemaa,باسماء,female
Baseemah,باسمه,female
Baseer,بصير,male
Baseera,بصيرة,female
Baseerat,بصيرة,male
Baseet,بسيط,male
Basel,باسل,male
Basem,باسم,male
Basemah,باسمه,female
Basha,باشا,female
Bashaar,بشار,male
Bashaarat,بشارات,male
Bashair,بشير,female
Bashar,بشار,male
Bashara,بشارة,female
Basharat,بشرط,female
Bashash,بشاش,male
Bashasha,بشاشة,female
Basheer,بشير,male
Basheera,بشيرا,female
Basheesh,بشيش,male
Basheesha,بشيش,female
Bashir,بشير,male
Bashira,بشرة,female
Bashirah,بشعره,female
Bashiri,بشير,male
Bashirun,بشرون,male
Bashrah,بشره,female
Bashshar,بششر,male
Bashu,باش,male
Bashur,بشر,male
Bashurah,بشره,female
Bashush,بشوش,female
Bashusha,بشوشة,female
Bashwan,بصحون,male
Bashwi,بشوي,male
Basil,باسل,male
Basila,باسيلى,female
Basilah,بصله,female
Basili,باسيلي,male
Basim,باسم,male
Basima,بسيمة,female
Basimah,باسمه,female
Basimi,باسمي,male
Basimia,بسيمة,female
Basinah,بثينه,female
Basiq,بصق,male
Basiqa,باسقة,female
Basir,بصير,male
Basira,بصيرة,female
Basiraa,بصيرا,female
Basit,بسيط,male
Basita,بسيطة,female
Basma,بسمة,female
Basmaa,باسماء,female
Basmah,باسمه,female
Basman,بسمان,male
Basmat,باسمة,male
Basmin,باسمين,male
Basna,بسنة,female
Basoom,بسوم,male
Basoomah,بسومه,female
Basoos,بصوص,female
Basr,بسر,male
Basrah,بصره,male
Bassaar,بازار,male
Bassam,بسام,male
Bassama,بسمة,female
Bassem,باسم,male
Bassim,باسم,male
Basyar,بصير,male
Basyir,بصير,male
Batal,بطل,male
Batek,بتك,male
Bathna,باذن,female
Bathr,بذر,male
Batia,بطي,female
Batil,باطل,male
Batin,بطين,male
Batina,باتنة,female
Batinah,بطنه,female
Batlaa,بطلاء,female
Batlah,بطله,female
Batool,بتول,female
Batoor,بطور,male
Batrisyia,باتريسيا,female
Battaal,بطال,male
Batu,بات,female
Batul,بطول,female
Batula,بطولة,female
Bawan,بون,female
Bawasim,بأوسم,female
Baxter,,male
Bayan,بيان,female
Bayard,,male
Bayazid,بايزيد,male
Bayd,بيض,male
Baydaa,بيضاء,female
Baydah,بيده,female
Bayhas,بيحس,male
Baylee,,female
Baylie,,female
Baysan,بيسان,female
Bayyan,بين,male
Bayyina,بيينا,female
Bayyinat,بينت,female
Bayzaa,بيزا,female
Baz,باز,male
Baza,بذا,female
Bazaan,باذان,male
Bazala,بازالة,female
Bazam,بزعم,male
Bazan,باذن,male
Bazegha,بازغة,female
Bazgar,بيزغر,male
Bazigh,بزغ,male
Bazigha,بازغة,female
Bazij,بذيج,male
Bazija,بذيج,male
Bazil,بازيل,male
Bazilah,بذيله,female
Bazir,بزر,male
Bazira,بذرة,female
Baziriya,بذرية,female
Bazish,بزيش,male
Bazl,بذل,male
Bazla,بازل,female
Bazlur-Rahman,بذلررهما,male
Bazriqa,بزرقة,female
Bazullah,بذله,male
Bea,,female
Beadie,,female
Beatrice,,male
Beatrix,,female
Beatriz,,female
Beau,,male
Beaulah,,female
Bebe,,female
Beckett,,male
Beckham,,male
Beckie,,female
Becky,,female
Beda,,female
Bedar,بدر,male
Bedaruddin,بدردن,male
Bedford,,male
Bee,,male
Beecher,,male
Beena,بينا,female
Beenish,بنعيش,female
Beeta,بيتا,female
Beetaa,بيتا,female
Beg,بيج,male
Begum,بجم,female
Behafarin,بحفرين,female
Behasht,بهشت,female
Behashta,بهشت,female
Behashteh,بهشته,female
Behboud,بحبود,male
Behdad,بحداد,male
Behdokht,بهدخة,female
Beheen,بهين,female
Beheena,بحينة,female
Behlol,بحلول,male
Behnam,بهنام,male
Behnaz,بهنز,female
Behr,بحر,male
Behrad,بحرد,male
Behram,بهرام,male
Behrang,بحرانج,male
Behrokh,بحركه,male
Behrouz,بهروز,male
Behroz,بهروز,male
Behruz,بهروز,male
Behsa,بحصة,male
Behshad,بحشد,male
Behshid,بحشد,female
Behtash,بحتش,male
Behy,بحي,female
Behzad,بهزاد,male
Bekir,بكير,male
Belal,بلال,male
Belen,,female
Belia,,female
Belinda,,female
Bell,,male
Bella,,female
Belle,,female
Belton,,male
Belva,,female
Ben,,male
Bena,,female
Benard,,male
Benazeer,بنازير,female
Benazir,بنازير,male
Benedict,,male
Benita,,female
Benito,,male
Benjaman,,male
Benjamen,,male
Benjamin,,male
Benjamine,,male
Benji,,male
Benjiman,,male
Benjman,,male
Bennett,,male
Bennie,,male
Benny,,male
Benson,,male
Bentley,,male
Benton,,male
Benyamin,بنيامين,male
Benzair,بنظير,female
Beram,برام,male
Berdie,,female
Berenice,,female
Berka,بركة,female
Berkley,,male
Berlin,,male
Bernadette,,female
Bernadine,,female
Bernard,,male
Bernardine,,female
Bernardo,,male
Berneice,,female
Bernetta,,female
Bernhard,,male
Bernice,,male
Bernie,,male
Berniece,,female
Bernita,,female
Berry,,male
Bert,,male
Berta,,female
Bertha,,male
Bertie,,male
Bertina,,female
Berton,,male
Bertram,,male
Bertrand,,male
Beryl,,male
Besharat,بشرط,female
Bess,,female
Besse,,female
Bessie,,male
Beth,,female
Betha,,female
Bethann,,female
Bethany,,female
Bethel,,male
Bethzy,,female
Betsey,,female
Betsy,,female
Bette,,female
Bettie,,female
Bettina,,female
Betty,,male
Bettye,,female
Bettyjane,,female
Bettylou,,female
Beula,,female
Beulah,,male
Bev,,female
Beverlee,,female
Beverley,,female
Beverly,,male
Beyonce,,female
Bhajat,بحاجة,female
Bianca,,female
Bibi,لتي,male
Bidar,بدر,male
Bidayah,بيديه,female
Bidayat,بداية,male
Biddie,,female
Bihar,بيهار,male
Bihjan,بهجا,male
Bijan,بيجن,male
Bikr,بيكر,male
Bilaal,بلال,male
Bilal,بلال,male
Bill,,male
Billah,بالله,female
Billal,بالليل,male
Billie,,male
Billy,,male
Billye,,female
Bilqees,بلقيس,female
Bilqis,بلقيس,female
Bina,بنا,male
Binesh,بنش,female
Binish,بنعيش,female
Binnaz,بينز,female
Binyamin,بنيامين,male
Bird,,male
Birdella,,female
Birdie,,female
Birjees,برجيس,male
Birrah,بيره,male
Birt,,male
Birtha,,female
Birtie,,female
Biryar,برير,male
Bisar,بيسر,female
Bisharah,بشره,male
Bisharat,بشرط,female
Bishop,,male
Bishr,بشر,male
Bishra,بشرى,female
Bishry,بشري,male
Bisma,بسمة,female
Bismal,بزميل,female
Bisyr,بيصير,male
Bita,بيتا,female
Bizhan,بعزها,male
Bizrah,بزره,female
Bjorn,,male
Blain,,male
Blaine,,male
Blair,,male
Blaise,,male
Blake,,male
Blanca,,female
Blanch,,female
Blanchard,,male
Blanche,,male
Blanchie,,female
Blane,,male
Blas,,male
Blaze,,male
Bliss,,male
Blossom,,female
Bluford,,male
Bo,,male
Bob,,male
Bobbi,,female
Bobbie,,male
Bobby,,male
Bobbye,,female
Bodaad,بعداد,male
Bode,,male
Bokhur,بخور,female
Bolden,,male
Bolour,بلور,female
Bonita,,female
Bonnie,,male
Bonny,,female
Booker,,male
Boone,,male
Boris,,male
Borna,برنا,female
Borumand,بروماند,male
Borzan,برزان,male
Borzou,برز,male
Bose,,male
Boshry,بشري,female
Boss,,male
Bostan,بستان,male
Boston,,male
Botros,بطرس,male
Boulos,بولس,male
Boutros,بطرس,male
Bouzid,بوزيد,male
Bowman,,male
Bozorg,بزرج,male
Bozorgmehr,بزرجمهر,male
Brad,,male
Braden,,male
Bradford,,male
Bradley,,male
Bradly,,male
Brady,,male
Bradyn,,male
Braeden,,male
Braedon,,male
Braelyn,,female
Brahin,براهين,male
Braiden,,male
Brain,,male
Branch,,male
Brandan,,male
Brande,,female
Brandee,,female
Branden,,male
Brandi,,female
Brandie,,female
Brandin,,male
Brandon,,male
Brandt,,male
Brandy,,male
Brandyn,,male
Brannon,,male
Branson,,male
Brant,,male
Brantley,,male
Braulio,,male
Braxton,,male
Brayan,,male
Brayden,,male
Braydon,,male
Braylen,,male
Braylon,,male
Brea,,female
Breana,,female
Breann,,female
Breanna,,female
Breanne,,female
Bree,,female
Brenda,,male
Brendan,,male
Brenden,,male
Brendon,,male
Brenna,,female
Brennan,,male
Brennen,,male
Brennon,,male
Brent,,male
Brenton,,male
Breonna,,female
Bret,,male
Brett,,male
Bria,,female
Brian,,male
Briana,,female
Brianda,,female
Brianna,,female
Brianne,,female
Brice,,male
Bridger,,male
Bridget,,female
Bridgett,,female
Bridgette,,female
Brielle,,female
Brien,,male
Brigette,,female
Brigid,,female
Brigitte,,female
Briley,,female
Brinda,,female
Brion,,male
Brionna,,female
Brisa,,female
Britany,,female
Britney,,female
Britni,,female
Britny,,female
Britt,,male
Britta,,female
Brittaney,,female
Brittani,,female
Brittanie,,female
Brittany,,male
Brittnay,,female
Brittnee,,female
Brittney,,female
Brittni,,female
Brittnie,,female
Brittny,,female
Britton,,male
Brock,,male
Broderick,,male
Brodie,,male
Brody,,male
Brogan,,male
Bronson,,male
Brook,,male
Brooke,,female
Brooklyn,,female
Brooklynn,,female
Brooks,,male
Brown,,male
Bruce,,male
Bruno,,male
Bryan,,male
Bryana,,female
Bryanna,,female
Bryant,,male
Bryce,,male
Brycen,,male
Brylee,,female
Bryn,,female
Brynlee,,female
Brynn,,female
Bryon,,male
Bryson,,male
Bryton,,male
Buck,,male
Bud,,male
Budaid,بعديد,male
Budaida,بعديد,female
Budail,بديل,male
Budaili,بديل,male
Budair,بدير,male
Budaira,بدائرة,female
Budaiwi,بديوي,male
Budayl,بديل,male
Budd,,male
Buddah,بعده,female
Buddie,,male
Buddy,,male
Budool,بدول,male
Budur,بدور,female
Buduriya,بدرية,female
Buel,,male
Buelah,,female
Buell,,male
Buena,,female
Buffy,,female
Buford,,male
Buhair,بحير,male
Buhairah,بحيره,female
Buhaisah,بحسه,female
Buhaysah,بحيثة,female
Buhayyah,بهيه,female
Buhjah,بحجة,female
Buhthah,بهذه,female
Buhur,بحور,female
Bujaij,بجاج,male
Bujair,بجير,male
Bujaybah,بجيبه,female
Bujud,بوجود,female
Bukair,بوكير,male
Bukhari,بخاري,male
Bukrah,بكره,female
Bukran,بوكرن,male
Bula,,female
Bulah,,female
Bulainah,بلعنة,female
Buland,بولند,male
Bulbul,بلبل,male
Bulhut,بلحة,male
Bullah,بلله,female
Bulooj,بولوج,female
Bulus,بولس,male
Buna,,female
Bunanah,بنانه,female
Bunk,,male
Bunyan,بنين,male
Buqayrah,بقيرة,female
Buqrat,بقرة,male
Buraik,بريق,male
Buraikaat,بركات,female
Burak,برق,male
Buraq,برق,male
Burayd,بريد,male
Buraydah,بريده,male
Burd,بورد,male
Burdah,برضه,female
Burdette,,male
Buren,,male
Burgess,,male
Burhaan,برهان,male
Burhan,برهان,male
Burhan-Ud-Din,برهانددن,male
Burhanah,برهانه,female
Burk,,male
Burke,,male
Burl,,male
Burleigh,,male
Burley,,male
Burnell,,male
Burnett,,male
Burney,,male
Burnice,,male
Burnie,,male
Burns,,male
Burr,,male
Burrel,,male
Burrell,,male
Burt,,male
Burton,,male
Burum,بروم,female
Busain,بسين,female
Busaina,بثينة,female
Busayrah,بصيره,female
Bush,,male
Bushr,بشر,male
Bushra,بشرى,female
Bushrah,بشره,female
Busr,بسر,female
Busrah,بسرعه,female
Busraq,بسرق,female
Bustan,بوسطن,female
Buster,,male
Busyr,بصير,male
Butaila,بطالة,female
Butch,,male
Buthainaa,بثناء,female
Buthainah,بثينه,female
Buthayna,بثينة,female
Buthaynah,بثينه,female
Butler,,male
Butrus,لتي,male
Buzur,بذور,female
Bynum,,male
Byrd,,male
Byrdie,,female
Byron,,male
Caddie,,female
Cade,,male
Caden,,male
Cadence,,female
Cael,,male
Caesar,,male
Caiden,,male
Cailyn,,female
Cain,,male
Caitlin,,female
Caitlyn,ساتلين,female
Caitlynn,,female
Cal,,male
Cala,كلا,female
Caldonia,,female
Cale,,male
Caleb,,male
Caleigh,,female
Calhoun,,male
Cali,,female
Calista,,female
Calla,,female
Callie,,male
Callum,,male
Calvin,,male
Cam,,male
Camden,,male
Cameron,,male
Cami,,female
Camila,,female
Camilla,,female
Camille,,male
Camisha,,female
Cammie,,female
Campbell,,male
Camren,,male
Camron,,male
Camryn,,male
Candace,,female
Candi,,female
Candice,,female
Candida,,female
Candido,,male
Candis,,female
Candy,,female
Candyce,,female
Cannie,,female
Cannon,,male
Cantara,سنتر,female
Canyon,,male
Cap,,male
Capitola,,female
Cappie,,female
Caprice,,female
Captain,,male
Cara,,female
Caren,,female
Carey,,male
Cari,,female
Carie,,female
Carin,,female
Carina,,female
Carisa,,female
Carissa,,female
Carl,,male
Carla,,female
Carlee,,female
Carleen,,female
Carleigh,,female
Carlene,,female
Carleton,,male
Carley,,female
Carli,,female
Carlie,,male
Carlisle,,male
Carlo,,male
Carlos,,male
Carlota,,female
Carlotta,,female
Carlton,,male
Carly,,female
Carlyle,,male
Carlyn,,female
Carma,,female
Carmel,,male
Carmela,,female
Carmelita,,female
Carmella,,female
Carmelo,,male
Carmen,,male
Carmine,,male
Carna,سعرنا,female
Carnell,,male
Caro,,female
Carol,,male
Carolann,,female
Carole,,female
Carolee,,female
Carolina,,female
Caroline,,male
Carolyn,,male
Carolyne,,female
Carolynn,,female
Caron,,female
Carra,,female
Carri,,female
Carrie,,male
Carrol,,male
Carroll,,male
Carry,,female
Carsen,,male
Carson,,male
Carter,,male
Cary,,male
Caryl,,female
Caryn,,female
Cas,,male
Casandra,,female
Case,,male
Casey,,male
Cash,,male
Casie,,female
Casimer,,male
Casimir,,male
Casimiro,,male
Cason,,male
Casper,,male
Cass,,male
Cassandra,,female
Cassidy,,male
Cassie,,male
Cassius,,male
Cassondra,,female
Caswell,,male
Catalina,,female
Catharine,,female
Catherine,,male
Cathern,,female
Cathey,,female
Cathi,,female
Cathie,,female
Cathleen,,female
Cathrine,,female
Cathryn,,female
Cathy,,female
Catina,,female
Cato,,male
Catrina,,female
Cayden,,male
Cayla,,female
Caylee,,female
Ceasar,,male
Cecelia,,female
Cecil,,male
Cecile,,female
Cecilia,,female
Cecily,,female
Cedric,,male
Cedrick,,male
Ceil,,female
Celena,,female
Celesta,,female
Celeste,,female
Celestia,,female
Celestine,,female
Celestino,,male
Celia,,female
Celie,,female
Celina,,female
Celine,,female
Cemal,كمال,male
Cena,,female
Ceola,,female
Cephus,,male
Cesar,,male
Ceylon,,male
Chabuk,شبك,male
Chace,,male
Chad,,male
Chadd,,male
Chadia,شادية,female
Chadrick,,male
Chadwick,,male
Chafia,شافية,female
Chafik,شفيك,male
Chafika,شفيقة,female
Chahid,شاهد,male
Chahra,شهر,female
Chahrazad,شهرزاد,female
Chaim,,male
Chaka,,female
Chakama,كحاكم,female
Chaker,شاكر,male
Chakira,شاكرة,female
Chakori,شكري,female
Chalmer,,male
Chalmers,,male
Chaman,شامان,female
Chaman-Gul,كمنجل,female
Chaman-Naz,كمنناز,female
Chamanara,شامانرا,female
Chamis,شمس,female
Champ,,male
Champa,كامب,female
Chams,شمس,male
Chan,شان,male
Chana,كهنة,female
Chanan,شنان,male
Chance,,male
Chancey,,male
Chanchal,شنشل,male
Chancy,,male
Chand,كند,female
Chanda,شندى,female
Chandler,,male
Chandni,شندني,female
Chandra,شاندرا,female
Chanel,,female
Chanelle,,female
Chaney,,female
Changez,كينجز,male
Chanie,,female
Channie,,female
Channing,,male
Chantal,,female
Chante,,female
Chantel,,female
Chantelle,,female
Charagh,شرجه,female
Chargul,كرجل,male
Charissa,,female
Charisse,,female
Charity,,female
Charla,,female
Charle,,male
Charlee,,female
Charleen,,female
Charlene,,female
Charles,,male
Charley,,male
Charlie,,male
Charline,,female
Charlize,,female
Charlotta,,female
Charlotte,,female
Charlottie,,female
Charls,,male
Charlsie,,female
Charlton,,male
Charly,,male
Charmaine,,female
Charolette,,female
Chas,,male
Chase,,male
Chasheen,شاش,female
Chashida,كأشد,female
Chasity,,female
Chastity,,female
Chauncey,,male
Chauncy,,male
Chawki,شوقي,male
Chaya,,female
Chaz,,male
Che,,male
Chehra,شهرا,female
Chelsea,,female
Chelsey,,female
Chelsi,,female
Chelsie,,female
Chelsy,,female
Cher,,female
Cheragh,شرجه,female
Cherelle,,female
Cheri,,female
Cherie,,female
Cherilyn,,female
Cherise,,female
Cherish,,female
Cherrelle,,female
Cherri,,female
Cherrie,,female
Cherry,,female
Cherryl,,female
Cheryl,,male
Cheryle,,female
Cheryll,,female
Cheshideh,كأشد,female
Chesley,,male
Chessie,,female
Chessy,كسي,female
Chester,,male
Chestina,,female
Chet,,male
Cheyanne,,female
Cheyenne,,male
Chimere,,female
Chin,,male
China,,female
Chip,,male
Chiquita,,female
Chishti,كشتي,male
Chloe,,female
Chloie,,female
Chokri,شكري,male
Chris,,male
Chrissie,,female
Chrissy,,female
Christ,,male
Christa,,female
Christal,,female
Christeen,,female
Christel,,female
Christen,,female
Christena,,female
Christene,,female
Christi,,female
Christian,,male
Christiana,,female
Christie,,female
Christin,,female
Christina,,male
Christine,,female
Christion,,male
Christop,,male
Christoper,,male
Christopher,,male
Christy,,male
Chrystal,,female
Chuck,,male
Chyna,,female
Chynna,,female
Ciara,,female
Ciarra,,female
Cicely,,female
Cicero,,male
Cielo,,female
Ciera,,female
Cierra,,female
Ciji,,female
Cilla,,female
Cinda,,female
Cindi,,female
Cindy,,female
Cinnamon,,female
Cinthia,,female
Citlali,,female
Citlalli,,female
Clabe,,male
Claiborne,,male
Clair,,male
Claire,,male
Clara,,male
Clarabelle,,female
Clarance,,male
Clare,,male
Clarence,,male
Claribel,,female
Clarice,,female
Clarinda,,female
Clarine,,female
Clarisa,,female
Clarissa,,female
Clark,,male
Clarke,,male
Clarnce,,male
Classie,,female
Claud,,male
Claude,,male
Claudette,,female
Claudia,,female
Claudie,,male
Claudine,,female
Claudio,,male
Claudius,,male
Claus,,male
Clay,,male
Clayton,,male
Clearence,,male
Cleave,,male
Cleda,,female
Clell,,male
Clella,,female
Clem,,male
Clemence,,male
Clemens,,male
Clement,,male
Clemente,,male
Clementina,,female
Clementine,,female
Clemie,,female
Clemma,,female
Clemmie,,male
Clemon,,male
Cleo,,male
Cleola,,female
Cleon,,male
Cleone,,female
Cleora,,female
Cleta,,female
Cletus,,male
Cleva,,female
Cleve,,male
Cleveland,,male
Clevie,,female
Clide,,male
Cliff,,male
Cliffie,,female
Clifford,,male
Clifton,,male
Clint,,male
Clinton,,male
Clive,,male
Cloe,,female
Clora,,female
Clotilda,,female
Clotilde,,female
Clovis,,male
Cloyd,,male
Clyda,,female
Clyde,,male
Clydie,,female
Clytie,,female
Coby,,male
Codey,,male
Codi,,male
Codie,,male
Cody,,male
Coen,,male
Cohen,,male
Colbert,,male
Colby,,male
Cole,,male
Coleen,,female
Coleman,,male
Coleton,,male
Coletta,,female
Colette,,female
Coley,,male
Colie,,male
Colin,,male
Colleen,,female
Collette,,female
Collie,,male
Collier,,male
Collin,,male
Collins,,male
Collis,,male
Colon,,male
Colonel,,male
Colt,,male
Colten,,male
Colter,,male
Colton,,male
Columbia,,female
Columbus,,male
Colvin,,male
Coman,كمان,male
Commodore,,male
Con,,male
Conard,,male
Concepcion,,female
Concetta,,female
Concha,,female
Conley,,male
Conner,,male
Connie,,male
Connor,,male
Conor,,male
Conrad,,male
Constance,,female
Constantine,,male
Consuela,,female
Consuelo,,female
Contina,,female
Conway,,male
Coolidge,,male
Cooper,,male
Cora,,male
Coraima,,female
Coral,,female
Coralie,,female
Corbett,,male
Corbin,,male
Corda,,female
Cordaro,,male
Cordelia,,female
Cordell,,male
Cordella,,female
Cordero,,male
Cordia,,female
Cordie,,female
Corean,,female
Corene,,female
Coretta,,female
Corey,,male
Cori,,female
Corie,,female
Corina,,female
Corine,,female
Corinna,,female
Corinne,,female
Corliss,,female
Cornel,,male
Cornelia,,female
Cornelious,,male
Cornelius,,male
Cornell,,male
Cornie,,female
Corrie,,female
Corrina,,female
Corrine,,female
Corry,,male
Cortez,,male
Cortney,,male
Corwin,,male
Cory,,male
Cosmo,,male
Coty,,male
Council,,male
Courtland,,male
Courtney,,male
Coy,,male
Craig,,male
Crawford,,male
Creed,,male
Creola,,female
Cressie,,female
Crete,,female
Cris,,male
Crissie,,female
Crissy,,female
Crista,,female
Cristal,,female
Cristen,,female
Cristi,,female
Cristian,,male
Cristin,,female
Cristina,,female
Cristine,,female
Cristobal,,male
Cristofer,,male
Cristopher,,male
Cristy,,female
Crockett,,male
Cruz,,male
Crysta,,female
Crystal,,male
Cuba,,female
Cullen,,male
Curley,,male
Curt,,male
Curtis,,male
Curtiss,,male
Cydney,,female
Cyndi,,female
Cyntha,,female
Cynthia,,male
Cyra,سيرة,female
Cyril,,male
Cyrus,,male
Daaem,دَائِم,male
Daaemiyyah,دامية,female
Daafi,دافي,male
Daai,داعي,male
Daajiyah,داجية,female
Daalii,دالي,male
Daamin,ضامن,male
Daanaa,دانا,male
Daanii,داني,male
Daanish,دانش,male
Daarii,داري,male
Dabbah,دبه,male
Dabir,دَابِر,female
Dabney,,male
Daboor,دبور,male
Dadmehr,ضدمهر,male
Dadvar,ضدفر,male
Dadwar,دادور,male
Daeb,دب,male
Daeej,ديج,male
Dafeenah,دفينه,female
Daffa,دفا,male
Dafiq,دافق,male
Dafiya,دافية,female
Dafiyah,دافيه,female
Dafne,,female
Dafqah,دفقة,female
Dagar,داغر,male
Daghfal,دغفل,male
Dagmar,,female
Dagny,,female
Dahaa,دهاء,male
Dahab,دهب,female
Dahbal,ذهبل,male
Dahban,ذهبان,male
Dahee,ضاحي,male
Dahhaak,دهاك,male
Dahhak,ضحك,male
Dahi,ضاحي,male
Dahiah,داهيه,female
Dahiyyah,داهيه,female
Dahlia,,female
Dahma,داهما,female
Dahra,ضاهرة,female
Dahus,دهس,male
Daib,ديب,male
Daiba,ديبا,female
Daieba,ديبا,female
Daija,,female
Daijah,,female
Daima,دائما,female
Daisey,,female
Daisha,,female
Daisie,,female
Daisy,,male
Daisye,,female
Daiya,داعية,female
Daiyan,داعيا,male
Daja,,female
Dakheel,دخيل,male
Dakhil,داخل,male
Dakoda,,male
Dakota,,male
Dakotah,,male
Dalaal,دلال,female
Dalaj,دعلج,male
Dalal,لتي,male
Dale,,male
Daleel,دليل,male
Daleela,دليل,female
Daler,دلير,male
Dalia,داليا,female
Dalil,دليل,male
Dalila,دليلة,female
Dalilah,دليله,female
Dalir,دلير,male
Daliya,داليا,female
Daliyah,داليه,female
Dalkah,دلكه,female
Dallas,,male
Dallin,,male
Dalmaa,دلما,female
Dalmah,ضلمه,female
Dalton,,male
Dalu,دلع,female
Dalvin,,male
Dalwah,دلوعه,female
Damaa,دماء,female
Damali,دمل,female
Damarcus,,male
Damari,,male
Damarion,,male
Damaris,,female
Dameer,ضمير,male
Dameetha,دميتها,female
Dameon,,male
Damian,داميان,male
Damien,,male
Damion,,male
Damon,,male
Damond,,male
Damurah,دمره,male
Dan,,male
Dana,دانا,female
Danae,,female
Danah,دانه,female
Dandre,,male
Dane,,male
Daneen,ضنين,female
Daneer,دينير,male
Danelle,,female
Danesh,دانش,female
Daneshvar,دانشفر,male
Danette,,female
Dangelo,,male
Dani,ضني,male
Dania,دَانِيَة,female
Danial,,male
Danica,,female
Daniel,دانيل,male
Daniela,,female
Daniele,,female
Daniella,,female
Danielle,,male
Danika,,female
Danish,دانش,male
Danita,,female
Daniyal,دانييل,male
Dann,,male
Danna,,female
Dannie,,male
Danniel,,male
Dannielle,,female
Danny,,male
Dante,,male
Danyal,دانيال,male
Danyel,,female
Danyell,,female
Danyelle,,female
Daoud,داود,male
Daphne,,female
Daqeeq,دقيق,male
Daqr,دقر,male
Daquan,,male
Dar,دار,male
Dara,دارا,female
Darab,ضرب,male
Darakhshaan,درخشا,female
Darakhshan,درخشا,female
Darby,,male
Darci,,female
Darcie,,female
Darcy,,male
Dardana,داردان,female
Dareeb,دريب,male
Dareeq,درق,male
Darell,,male
Daren,,male
Daria,ضارية,female
Darian,,male
Dariana,,female
Darien,,male
Darim,دريم,male
Darin,,male
Dario,,male
Darion,,male
Daris,دريس,male
Darius,,male
Dariush,داريوش,male
Dariya,ضارية,female
Dariyah,داريه,female
Darkan,درقن,male
Darkhshanda,درخشندا,female
Darl,,male
Darla,,female
Darleen,,female
Darlene,,female
Darline,,female
Darlyne,,female
Darmal,درمال,male
Darman,درمان,male
Darnell,,male
Darold,,male
Daron,,male
Darra,درة,female
Darrah,داره,female
Darrak,دارك,male
Darrel,,male
Darrell,,male
Darren,,male
Darrian,,male
Darrick,,male
Darrien,,male
Darrin,,male
Darrion,,male
Darrius,,male
Darron,,male
Darry,,male
Darryl,,male
Darryle,,male
Darryll,,male
Darryn,,male
Daruj,درج,male
Darvesh,دارفش,male
Darvin,,male
Darweesh,درويش,male
Darwesh,درويش,male
Darwin,,male
Darwish,درويش,male
Darwyn,,male
Darya,داريا,female
Daryab,دريب,male
Daryl,,male
Daryle,,male
Daryn,,male
Daryush,داريوش,male
Dasa,داس,female
Dashawn,,male
Dasia,,female
Dastan,داستان,male
Dastgir,دستغير,male
Dastiaar,دستر,female
Daud,داود,male
Daudi,دودي,male
Daulah,دولة,female
Daulat,دولة,female
Daulton,,male
Daumaa,دماء,female
Daunte,,male
Davante,,male
Davar,ضفر,male
Dave,,male
Davey,,male
Davian,,male
David,,male
Davie,,male
Davin,,male
Davina,,female
Davion,,male
Davis,,male
Davon,,male
Davonta,,male
Davonte,,male
Davood,ديفد,male
Davut,دفعت,male
Davy,,male
Dawar,دور,male
Dawha,دوحة,female
Dawid,داود,male
Dawlah,دولة,male
Dawlat-Khatoon,دولتخت,female
Dawlatyab,دولتيب,male
Dawmah,دومه,female
Dawmat,داومت,female
Dawn,,female
Dawna,,female
Dawne,,female
Dawood,داوود,male
Dawoud,داوود,male
Dawouss,دووس,male
Dawson,,male
Dawub,دوب,female
Dawud,داوود,female
Dawwas,دوس,male
Dax,,male
Daxton,,male
Daya,دية,female
Dayami,,female
Dayana,ديانا,female
Dayanara,,female
Dayanna,ديانا,female
Dayeah,ديه,female
Dayfah,ضيفه,female
Dayim,دايم,male
Daylam,ديلم,male
Dayle,,female
Dayna,,female
Dayne,,male
Dayse,,female
Dayton,,male
Dayyaan,ديان,male
Dayyan,دين,male
Dayyar,ديار,male
Dayyin,دين,male
Deacon,,male
Dean,دين,male
Deana,,female
Deandra,,female
Deandre,,male
Deane,,male
Deangelo,,male
Deann,,female
Deanna,,female
Deanne,,female
Deante,,male
Deasia,,female
Deb,,female
Debbi,,female
Debbie,,female
Debbra,,female
Debby,,female
Debera,,female
Debi,,female
Debora,,female
Deborah,,male
Deborrah,,female
Debra,,male
Debrah,,female
Debroah,,female
Declan,,male
Dedra,,female
Dedric,,male
Dedrick,,male
Dee,,male
Deeann,,female
Deeb,ديب,male
Deeba,ديبا,female
Deebaa,ديبا,female
Deedee,,female
Deegan,,male
Deema,ديمة,female
Deen,دين,male
Deena,دينا,female
Deenah,دينه,female
Deenar,دينار,male
Deetta,,female
Deforest,,male
Dehqan,دهقان,male
Deidra,,female
Deidre,,female
Deion,,male
Deirdre,,female
Deja,,female
Dejah,,female
Dejon,,male
Dejuan,,male
Dekel,دقل,male
Del,دل,female
Delaney,,female
Delano,,male
Delara,ديلارا,female
Delaram,دلارم,female
Delavar,ديليفر,male
Delawar,ديلاوير,male
Delbar,دلبير,female
Delbaz,دلبز,female
Delbert,,male
Delcie,,female
Deldar,دلدار,female
Delfina,,female
Delia,,female
Deliah,,female
Delila,,female
Delilah,,female
Delina,,female
Delinda,,female
Delisa,,female
Delisha,دلش,female
Delkash,ذلكش,female
Dell,,male
Della,,male
Dellar,,female
Delle,,female
Dellia,,female
Dellie,,female
Delma,,male
Delmar,,male
Delmas,,male
Delmer,,male
Delmus,,male
Delnavaz,دلنفز,female
Delnawaz,دلنوز,female
Delnaz,دلنز,female
Delnia,دلني,female
Delois,,female
Delora,,female
Delores,,female
Deloris,,female
Delos,,male
Delpha,,female
Delphia,,female
Delphin,,male
Delphine,,female
Delroba,ديلربا,female
Delshad,دلشاد,female
Delsie,,female
Delta,,female
Delton,,male
Delvin,,male
Delwin,,male
Dema,لتي,male
Demarco,,male
Demarcus,,male
Demario,,male
Demarion,,male
Demetra,,female
Demetri,,male
Demetria,,female
Demetric,,male
Demetrios,,male
Demetrius,,male
Demi,,female
Demian,,male
Demond,,male
Demonte,,male
Dempsey,,male
Dena,,female
Deneen,,female
Denese,,female
Denice,,female
Denine,,female
Denis,,male
Denise,,female
Denisha,,female
Denisse,,female
Denita,,female
Dennie,,male
Dennis,,male
Denny,,male
Denton,,male
Denver,,male
Denzel,,male
Denzell,,male
Denzil,,male
Deon,,male
Deondre,,male
Deonta,,male
Deontae,,male
Deonte,,male
Dequan,,male
Derakhshan,درخشا,female
Derakhshandeh,درخشنده,female
Derald,,male
Dereck,,male
Derek,,male
Dereon,,male
Deric,,male
Derick,,male
Derik,,male
Derl,,male
Deron,,male
Derrek,,male
Derrell,,male
Derrick,,male
Derwin,,male
Deryl,,male
Desean,,male
Deshaun,,male
Deshawn,,male
Desi,,male
Desirae,,female
Desiree,,female
Desmond,,male
Dessa,,female
Dessie,,male
Destany,,female
Destin,,male
Destinee,,female
Destiney,,female
Destini,,female
Destiny,,female
Destry,,male
Devan,,male
Devante,,male
Devaughn,,male
Deven,,male
Devin,,male
Devon,,male
Devonta,,male
Devontae,,male
Devonte,,male
Devyn,,male
Deward,,male
Dewayne,,male
Dewey,,male
Dewitt,,male
Dexter,,male
Deyanira,,female
Dezzie,,female
Dhaakir,ذاكر,male
Dhaakirah,ذاكرة,female
Dhaamir,ضامر,male
Dhahi,ضاحي,male
Dhaif,ضيف,male
Dhaifullah,ضيفلله,male
Dhakaa,ذكاء,male
Dhakawaan,ذكوان,male
Dhaki,ذكي,male
Dhakir,ذكر,male
Dhakirah,ذكره,female
Dhakiy,ذكي,male
Dhakiyah,ذكيه,female
Dhakiyyah,ذكيه,female
Dhakwan,ذكوان,male
Dheeshaan,دهشان,male
Dhirgham,ضرغام,male
Dhiya,ضحية,male
Dhiyaa,ضياء,male
Dhuha,ضحى,female
Dhuka,ذوق,female
Dhukaa,ذكاء,male
Dhul,ظل,male
Dhul-Fiqar,ذلفيقر,male
Dhulfaqaar,ذلفقر,male
Dhulfiqaar,ذلفيقر,male
Dhulkifl,ذلكفل,male
Dhunnoon,ظنون,male
Dhushshimalain,دهششملن,male
Diaab,دياب,male
Diakou,ديكو,male
Diallo,,male
Diamond,,male
Dian,,female
Diana,,female
Diandra,,female
Diane,,male
Diann,,female
Dianna,,female
Dianne,,female
Diar,ديار,male
Diaudin,ديدين,male
Dibaaj,ديباج,female
Dicie,,female
Dick,,male
Dickie,,male
Dicy,,female
Didar,ديدار,female
Diego,,male
Dihya,ضحية,male
Dihyah,ضحيه,male
Dihyat,ضحية,male
Dijon,,male
Dil,ديل,male
Dil-Afroze,ديليفرز,female
Dil-Nawaz,دلنوز,male
Dilafroz,ديليفرز,male
Dilafruz,ديليفرز,female
Dilalah,دلاله,female
Dilara,ديلارا,female
Dilaram,ديلارام,male
Dilawar,ديلاوير,male
Dilbar,ديلبير,male
Dildar,دلدار,female
Dilf,دلف,male
Dilkash,ذلكش,female
Dillan,,male
Dillard,,male
Dillie,,female
Dillion,,male
Dillon,,male
Dilnawaz,دلنوز,male
Dilruba,ديلربا,female
Dilshaad,دلشاد,female
Dilshad,دلشاد,female
Dima,ديما,female
Dimah,ديمه,female
Dimitri,,male
Dimitrios,,male
Dimple,,female
Din,دين,male
Dina,دينا,female
Dinah,,female
Dinar,دينار,female
Dinarah,دينارة,female
Dink,,male
Dino,,male
Dion,,male
Dione,,female
Dionicio,,male
Dionne,,female
Dionte,,male
Diqrah,ضيقرة,female
Dirar,درر,male
Diras,درس,male
Dirbas,درباس,male
Dirgham,ضرغام,male
Dirk,,male
Dirran,ديرا,female
Diryas,دريس,male
Diwa,دعوة,female
Diwan,ديوان,male
Diwan-Muhammad,دونمهمد,male
Dixie,,male
Dixon,,male
Diya,ديا,female
Diya-Al-Din,ديالدن,male
Diyaa,ضياء,female
Diyaaudeen,ديدين,male
Diyab,دياب,male
Diyan,دين,male
Diyana,ديانة,female
Diyanah,دينه,female
Diyanat,ديانة,female
Diyari,دياري,male
Dizhwar,دزهور,male
Djamel,دجيمل,male
Djamila,دجيملا,female
Djillali,دجلل,male
Djuana,,female
Djuna,,female
Dler,دلير,male
Dmaurah,دمره,male
Doa,دى,female
Doaa,دعاء,female
Doc,,male
Docia,,female
Dock,,male
Doctor,,male
Doha,ضحى,female
Dola,,female
Doll,,male
Dollie,,female
Dolly,,female
Dollye,,female
Dolores,,male
Doloris,,female
Dolph,,male
Dolphus,,male
Domenic,,male
Domenica,,female
Domenick,,male
Domenico,,male
Dominga,,female
Domingo,,male
Dominic,,male
Dominick,,male
Dominik,,male
Dominique,,male
Dominque,,male
Domonique,,male
Don,,male
Dona,,female
Donaciano,,male
Donal,,male
Donald,,male
Donat,,male
Donato,,male
Donavan,,male
Donavon,,male
Dondre,,male
Donell,,male
Donia,,female
Donie,,female
Donita,,female
Donn,,male
Donna,,male
Donnell,,male
Donnie,,male
Donny,,male
Donovan,,male
Donta,,male
Dontae,,male
Donte,,male
Donya,دنيا,female
Doost,دوست,female
Dora,,male
Dorathea,,female
Dorathy,,female
Dorcas,,female
Dordana,دردنا,female
Dordaneh,دردنه,female
Doreen,دورين,female
Dorene,,female
Doretha,,female
Doretta,,female
Dori,,female
Dorian,,male
Dorinda,,female
Dorine,,female
Doris,,male
Dorla,,female
Dorman,,male
Dorna,دورنا,female
Dornaz,دورناز,female
Dorotha,,female
Dorothea,,female
Dorothy,,male
Dorr,,male
Dorrah,دوره,male
Dorris,,male
Dorsa,درسا,female
Dorsey,,male
Dortha,,female
Dorthea,,female
Dorthey,,female
Dorthy,,female
Dosha,,female
Doshia,,female
Doshie,,female
Dosia,,female
Doss,,male
Dossie,,female
Dost,دوست,male
Dost-Muhammad,دوستمهمد,male
Dot,,female
Dottie,,female
Dotty,,female
Doug,,male
Douglas,,male
Douglass,,male
Douha,دوحة,male
Dounia,دنيا,female
Dove,,female
Dovie,,female
Dow,,male
Dowana,دون,male
Doyle,,male
Dozier,,male
Drake,,male
Drakhshan,درخشا,female
Draven,,male
Drema,,female
Drew,,male
Droon,درون,male
Drucilla,,female
Drury,,male
Drusilla,,female
Dua,دعا,female
Duaa,دعاء,female
Duane,,male
Duard,,male
Dubaah,ذباح,female
Dudley,,male
Duff,,male
Duha,دوحة,male
Duhat,دوحة,male
Duhr,دهر,male
Dujanah,دجانه,female
Duke,,male
Dulamah,دولمه,male
Dulce,,female
Dulcie,,female
Duman,ضمن,male
Dunaa,دونا,female
Duncan,,male
Dunia,دنيا,female
Duniya,دنيا,female
Dunya,دنيا,female
Dunyana,دنيانا,female
Duqaq,دقاق,male
Durafshan,درافشا,female
Durar,درر,female
Durdanah,دردنة,female
Durell,,male
Duriya,دورية,female
Durr,دور,female
Durra,دورة,female
Durrah,دوره,male
Durrdana,دردنا,female
Durrell,,male
Durri,دوري,female
Durrishahwar,دريشهور,male
Durriya,دورية,female
Durriyah,دوريه,female
Durriyyah,دوريه,female
Durruya,دورية,female
Durward,,male
Durwood,,male
Duryab,دريب,female
Dustan,,male
Dustin,,male
Dusty,,male
Duwayne,,male
Dwain,,male
Dwaine,,male
Dwan,,female
Dwane,,male
Dwayne,,male
Dwight,,male
Dwyane,,male
Dyab,دياب,male
Dyan,,female
Dylan,,male
Dyllan,,male
Dylon,,male
Dzaki,دزك,male
Dzakir,دزكر,male
Dzakwan,دزكوا,male
Dzimaar,دزيمر,male
Dzubyan,دزبيا,male
Dzulfaqar,دزلفقر,male
Ean,,male
Earl,,male
Earle,,male
Earlean,,female
Earlene,,female
Earley,,male
Earlie,,male
Earline,,female
Early,,male
Earnest,,male
Earnestine,,female
Eartha,,female
Easter,,female
Easton,,male
Eathel,,female
Ebb,,male
Ebba,,female
Ebbie,,male
Eben,,male
Ebenezer,,male
Eber,,male
Ebert,,male
Ebi,ابي,male
Eboni,,female
Ebony,,female
Ebrah,عبره,female
Ebrahim,إبراهيم,male
Echo,,female
Ed,,male
Eda,,female
Edd,,male
Eddie,,male
Eddy,,male
Eden,,male
Edgar,,male
Edgardo,,male
Edie,,male
Edison,,male
Edith,,male
Edla,,female
Edmon,,male
Edmond,,male
Edmonia,,female
Edmund,,male
Edna,,male
Ednah,,female
Edra,,female
Edrie,,female
Edris,,female
Edsel,,male
Edson,,male
Eduardo,,male
Edw,,male
Edward,,male
Edwardo,,male
Edwin,,male
Edwina,,female
Edyth,,female
Edythe,,female
Eeda,إذا,female
Eesha,عشا,female
Eezah,إِيْضَاح,female
Efah,عفه,female
Effa,,female
Effie,,male
Efrain,,male
Efrem,,male
Efren,,male
Eftikhar,افتخر,female
Egbert,,male
Ehab,إيهاب,male
Ehan,إحن,male
Ehsaan,إحسان,male
Ehsaas,إحساس,male
Ehsan,إحسان,male
Ehsaneh,إحسانه,female
Ehsun,احسن,male
Ehteram,إحترام,female
Ehtiram,إحترام,male
Ehtisham,احتشام,male
Eid,عيد,male
Eidi,عِيْدِيّ,male
Eifa,إيفا,female
Eifad,إيفاد,female
Eihaa,إيحاء,female
Eihab,إيهاب,male
Eiham,إيهام,female
Eijaz,إيجاز,male
Eileen,إيلين,female
Eiliad,اليد,male
Eiliar,العار,male
Eiliyah,إليه,female
Eilman,علما,male
Eilnaz,النز,female
Eilqar,القار,male
Eilshan,علشان,male
Eima,إِيْمَاء,female
Eimaan,إيمان,female
Eimam,إمام,male
Eiman,إيمان,female
Einar,,male
Einas,إيناس,female
Eino,,male
Eira,إيراء,female
Eisa,عيسى,male
Eisun,إيسن,male
Eisuni,إصنع,male
Eithar,إيثار,female
Eithel,,female
Eitzaz,إعتزاز,male
Eiwa,إيوا,female
Ejaaz,إيجاز,male
Ejaz,إيجاز,male
Ejlaal,إجلال,male
Ekhlaq,اخلاق,male
El-Amin,الأمين,male
Ela,,female
Elaf,إيلاف,female
Elaina,,female
Elaine,,female
Elam,,male
Elana,,female
Elayne,,female
Elba,,female
Elbert,,male
Elberta,,female
Elbridge,,male
Elby,,male
Elda,,female
Elden,,male
Elder,,male
Eldon,,male
Eldora,,female
Eldred,,male
Eldridge,,male
Eleanor,النور,female
Eleanora,,female
Eleanore,,female
Elease,,female
Electa,,female
Elena,,female
Eleni,,female
Elenor,,female
Elenora,,female
Elenore,,female
Eleonora,,female
Eleonore,,female
Elex,,male
Elfie,,female
Elfreda,,female
Elfrieda,,female
Elgie,,male
Elgin,,male
Elham,الهم,female
Eli,,male
Elia,,female
Elian,,male
Eliana,إلينا,female
Elianna,,female
Eliar,العار,male
Elias,إلياس,male
Elick,,male
Elida,,female
Elie,,male
Eliezer,,male
Eliga,,male
Eligah,,male
Elige,,male
Elihu,,male
Elijah,العجه,female
Elika,إليك,female
Elinor,,female
Elinore,,female
Eliot,,male
Elisa,,female
Elisabeth,,female
Elise,,female
Eliseo,,male
Elisha,العشا,female
Elissa,,female
Eliza,العزة,female
Elizabet,,female
Elizabeth,إليزابيث,female
Elizah,,male
Elizbeth,,female
Elizebeth,,female
Ell,,male
Ella,,male
Ellamae,,female
Ellar,,female
Elle,,female
Ellen,,male
Eller,,female
Ellery,,male
Elliana,,female
Ellie,,male
Elliot,,male
Elliott,,male
Ellis,,male
Ellison,,male
Ellsworth,,male
Ellwood,,male
Ellyn,,female
Elma,علما,female
Elmer,,male
Elmina,,female
Elmira,الميرا,female
Elmire,,female
Elmo,,male
Elmore,,male
Elmyra,,female
Elna,,female
Elnaz,النز,female
Elnora,,female
Elodie,,female
Elois,,female
Eloisa,,female
Eloise,,female
Elon,,male
Elonzo,,male
Elouise,,female
Eloy,,male
Elroy,,male
Elsa,السى,female
Elsana,السنة,female
Else,,female
Elsie,,male
Elsworth,,male
Elta,,female
Elton,,male
Elva,,male
Elvera,,female
Elvia,,female
Elvie,,male
Elvin,,male
Elvina,,female
Elvira,,female
Elvis,,male
Elwanda,,female
Elwin,,male
Elwood,,male
Elwyn,,male
Ely,,male
Elyse,,female
Elyssa,,female
Elza,,male
Elzada,,female
Elzie,,male
Elzy,,male
Ema,,female
Emaan,إيمان,female
Emad,عماد,male
Emaline,,female
Eman,إيمان,female
Emanuel,,male
Emelia,,female
Emelie,,female
Emeline,,female
Emely,,female
Emerald,,female
Emerson,,male
Emery,,male
Emett,,male
Emil,,male
Emile,,male
Emilee,,female
Emilia,,female
Emiliano,,male
Emilie,,female
Emilio,,male
Emily,إيميلي,female
Emir,عمير,male
Emit,,male
Emma,إِيْمَاء,female
Emmalee,,female
Emmaline,,female
Emmanuel,,male
Emmer,,female
Emmet,,male
Emmett,,male
Emmie,,female
Emmit,,male
Emmitt,,male
Emmons,,male
Emmy,,female
Emna,امنة,female
Emogene,,female
Emory,,male
Emran,عمران,male
Emry,,male
Ena,,female
Encarnacion,,male
Enid,,female
Ennis,,male
Enoch,,male
Enola,,female
Enos,,male
Enrico,,male
Enrique,,male
Enriqueta,,female
Enzo,,male
Eola,,female
Ephraim,,male
Ephram,,male
Ephriam,,male
Epifanio,,male
Eppie,,female
Epsie,,female
Era,,female
Eraj,إيراج,male
Erasmo,,male
Erasmus,,male
Erastus,,male
Erby,,male
Erdogan,إردوغان,male
Ereshva,ارشفة,female
Eric,,male
Erica,,female
Erich,,male
Erick,,male
Ericka,,female
Erie,,male
Erik,,male
Erika,,female
Erin,,male
Erina,إيرينى,female
Eris,,female
Erla,,female
Erland,,male
Erle,,male
Erlene,,female
Erlinda,,female
Erline,,female
Erling,,male
Erma,,female
Ermina,رمينا,female
Ermine,,female
Erna,,female
Ernest,,male
Ernestina,,female
Ernestine,,female
Ernesto,,male
Ernie,,male
Ernst,,male
Erol,إيرل,male
Errol,,male
Erum,إرم,female
Ervin,,male
Erving,,male
Erwin,,male
Erykah,,female
Eryn,,female
Esa,عسى,male
Esam,عصام,male
Esau,,male
Esco,,male
Esequiel,,male
Esfand,اسفند,male
Esfandiar,اسفنديار,male
Eshaal,إشعال,female
Eshaan,عشان,male
Eshal,إسهال,female
Eshan,عشان,male
Eshaq,عشاق,male
Eshmaal,شمال,male
Esita,عصيت,female
Esker,,male
Esley,,male
Esmaeel,إسماعيل,male
Esmail,إسماعيل,male
Esmeralda,,female
Esperanza,,female
Essa,عسى,male
Essam,عصام,male
Essence,,female
Essex,,male
Essie,,male
Esta,,male
Esteban,,male
Estefani,,female
Estefania,,female
Estefany,,female
Estel,,male
Estela,,female
Estell,,male
Estella,,female
Estelle,,female
Ester,,male
Estes,,male
Estevan,,male
Esther,,male
Estie,,female
Estill,,male
Eston,,male
Estrella,,female
Etemad,تمد,female
Etha,,female
Ethan,,male
Ethel,,male
Ethelbert,,male
Ethelene,,female
Ethelyn,,female
Ethen,,male
Ether,,female
Ethie,,female
Ethyl,,female
Ethyle,,female
Etimad,اتعمد,female
Etizaaz,تعزز,male
Etna,,female
Etta,,female
Etter,,female
Ettie,,female
Ettifaq,إتفاق,male
Eudora,,female
Eugene,,male
Eugenia,,female
Eugenie,,female
Eugenio,,male
Eula,,male
Eulah,,female
Eulalia,,female
Eulalie,,female
Euna,,female
Eunice,,male
Euphemia,,female
Eura,,female
Eusebio,,male
Eustace,,male
Eva,إيفا,female
Evalena,,female
Evaline,,female
Evalyn,,female
Evan,,male
Evander,,male
Evangelina,,female
Evangeline,,female
Evans,,male
Eve,,female
Evelena,,female
Evelin,,female
Evelina,,female
Eveline,,female
Evelyn,,male
Evelyne,,female
Ever,,female
Everet,,male
Everett,,male
Everette,,male
Evert,,male
Evertt,,male
Evette,,female
Evia,,female
Evie,,female
Evita,,female
Evon,,female
Evonne,,female
Ewald,,male
Ewart,,male
Ewazi,عوزي,male
Ewell,,male
Ewin,,male
Ewing,,male
Exa,,female
Exie,,female
Eyad,إياد,male
Eyazi,إيزي,male
Ezaz,ازاز,male
Ezekiel,,male
Ezell,,male
Ezequiel,,male
Ezra,,male
Ezzah,عزاه,female
Ezzard,,male
Faadhil,فاضل,male
Faadilah,فاضله,female
Faadl,فاضل,male
Faaeq,فاق,male
Faahim,فاهم,male
Faahima,فاهمة,female
Faaiq,فايق,male
Faaiz,فايز,male
Faaiza,فايزة,female
Faaizah,فايزه,female
Faakhir,فاخر,male
Faakhira,فاخرة,female
Faakhiree,فاخر,male
Faakih,فاقه,male
Faakihah,فاكهه,female
Faakirah,فاكره,female
Faalan,فالان,male
Faariah,فاره,female
Faariha,فارعها,female
Faarihah,فارهة,female
Faariq,فارق,male
Faariqah,فارقه,female
Faaris,فارس,male
Faarooq,فاروق,male
Faateh,فاتح,male
Faatih,فاتح,male
Faatihah,فاتحه,female
Faatin,فاتن,female
Faatina,فاتنة,female
Faatir,فاطر,male
Faaz,فاز,male
Faazil,فظل,male
Faazila,فظل,female
Fabian,,male
Fabil,فبل,male
Fabiola,,female
Fadah,فداه,female
Fadee,فاضي,male
Fadeelah,فضيلة,female
Fadel,فاضل,male
Fadheela,فضيلة,female
Fadhiil,فضيل,male
Fadhila,فضيلة,female
Fadhl,فضل,male
Fadhlullah,فضللله,male
Fadi,فاضي,male
Fadia,فاضية,female
Fadil,فاضل,male
Fadila,فضيلة,female
Fadilah,فضيلة,female
Fadiya,فاضية,female
Fadiyah,فاضيه,female
Fadl,فضل,male
Fadl-Allah,فضللله,male
Fadlallah,فضللله,male
Fadlullah,فضللله,male
Fadwa,فدوى,female
Fadwah,فدوه,female
Fady,فاضي,male
Fadyaa,فاديا,female
Fae,,female
Faeezah,فايزه,female
Faekah,فقه,female
Faeq,فائق,male
Faghir,فغير,male
Faghira,فغير,female
Fahad,فهد,male
Fahada,فهدا,female
Fahadah,فهده,female
Faham,فهم,male
Fahama,فهما,female
Fahd,فهد,male
Fahdah,فهده,female
Fahdi,فهد,male
Fahduddin,فهددن,male
Fahdullah,فهدلله,male
Faheem,فهيم,male
Faheema,فهيمة,female
Faheemah,فهيمه,female
Fahemah,فاهمه,female
Fahhaam,فهام,male
Fahhaamat,فهمت,female
Fahhama,فهما,female
Fahid,فهيد,male
Fahiim,فهيم,male
Fahim,فاهم,male
Fahima,لتي,male
Fahimah,فهيمه,female
Fahimat,فهمت,female
Fahis,فحص,male
Fahisa,فاحصة,female
Fahkir,فحقير,male
Fahm,فاهم,female
Fahmara,فهمرا,female
Fahmat,فهمت,female
Fahmawi,فحماوي,male
Fahmedah,فيحمده,female
Fahmee,فهمي,male
Fahmeeda,فحمد,female
Fahmeedah,فيحمده,female
Fahmi,فهمي,male
Fahmida,فحمد,female
Fahmideh,فيحمده,female
Fahmun,فهمون,male
Fahyim,فهيم,male
Faid,فائض,male
Faida,فائدة,female
Faih,فيه,male
Faiha,فيها,female
Faihaa,فيها,female
Faihah,فيهه,female
Faihami,فيهم,male
Faihan,فيها,male
Faik,فائق,male
Faiq,فائق,male
Faiqa,فائقة,female
Faiqah,فائقه,female
Fairooza,فيروزة,female
Fairoz,فيروز,male
Fairoze,فيروز,male
Fairuz,فيروز,female
Fairuza,فيروزة,female
Fairuzah,فيروزة,female
Fairy,,female
Faisal,فيصل,male
Faishal,فيسهل,male
Faitah,فتح,male
Faitahah,فتحه,female
Faith,,female
Faiyaz,فايز,male
Faiz,فايز,male
Faiz-E-Rabbani,فايزربن,male
Faiza,فيزا,female
Faizaan,فزان,male
Faizah,فايزه,female
Faizan,فيزا,male
Faizee,فايز,female
Faizeen,فايزين,male
Faizel,فيظل,male
Faizi,فايز,male
Faizia,فيزيا,female
Faizul-Anwar,فازلينور,male
Faizullah,فعزله,male
Faizunnisa,فيزيونيصا,female
Faizurrahman,فذرهما,male
Fajaruddin,فجردن,male
Fajer,فجر,male
Fajr,فجر,male
Fajruddin,فجردن,male
Fakeeaha,فقيها,female
Fakeeh,فقيه,male
Fakeehah,فقيهة,female
Fakhar,فخر,male
Fakhar-Ud-Dawlah,فخرددولة,male
Fakhar-Uddin,فخردن,male
Fakharul-Islam,فخرلسلم,male
Fakhir,فخير,male
Fakhira,فاخرة,female
Fakhirah,فاخره,female
Fakhiri,فخري,male
Fakhitah,فاخته,female
Fakhr,فاخر,male
Fakhr-Al-Din,فخرالدين,male
Fakhr-Jahan,فأخرجها,female
Fakhr-Ud-Dawlah,فخرددولة,male
Fakhr-Ud-Din,فخرددن,male
Fakhra,فخرا,female
Fakhri,فخري,female
Fakhriya,فخرية,female
Fakhriyah,فخريه,female
Fakhriyya,فخرية,female
Fakhrjahan,فأخرجها,male
Fakhruddin,فخردن,male
Fakhrul,فخرل,male
Fakhry,فخري,male
Fakhta,فاختة,female
Fakhtah,فاخته,female
Fakih,لتي,male
Fakiha,فاكهة,female
Fakihah,فاكهه,female
Fakira,فقيرة,female
Falah,فلاح,male
Falahah,فالحه,female
Falahat,فلاحة,female
Falak,فلك,female
Falakara,فلكر,female
Falaki,فلكي,female
Falaknaz,فالقناز,female
Falaq,فالق,female
Faleeh,فعليه,male
Faleehah,فالحه,female
Falih,فعليه,female
Faliha,فعليها,female
Falihah,فالحه,female
Falihi,فعليه,male
Falina,فالعين,female
Faliq,فالق,male
Falisha,فالعيش,female
Fallah,فلله,male
Fallon,,female
Falon,,female
Falooh,فلوه,male
Famida,فمضى,female
Famya,فمي,female
Fanan,فنان,female
Fani,فاني,male
Fania,فنية,female
Fanila,فانيلا,female
Fannan,فنان,male
Fannana,فنانة,female
Fannie,,male
Fanny,,female
Fannye,,female
Faouzi,فوزي,male
Faoz,فوز,male
Faqeed,فقيد,male
Faqeeh,فقيه,male
Faqeeha,فقيها,female
Faqeer,فقير,male
Faqih,فقيه,male
Faqiha,فقيها,female
Faqiih,فقيه,male
Faqir,فقير,male
Faqirah,فقيره,female
Fara,فرى,female
Faraaid,فرايد,female
Faraal,فريال,female
Faraasat,فراسة,male
Faraaz,فراز,male
Farafisa,فرافيصا,female
Farag,فرج,male
Farah,فرح,female
Farahaat,فرحات,male
Farahan,فرحان,male
Farahat,فرحات,female
Farahdokht,فرحدخة,female
Farahmand,فارحمند,male
Farahnaz,فرحناز,female
Farahnoush,فرحنش,female
Farahrouz,فرحرز,female
Farahzad,فرحزد,female
Faraj,فرج,male
Farajuddin,فارجودن,male
Farajullah,فارجولله,male
Farakh,فراقه,female
Faramarz,فرمرز,male
Faramorz,فرمرز,male
Faranah,فرنة,female
Farangis,فرينجز,female
Faraqlit,فرقلة,male
Faras,فرس,female
Farasah,فرصه,female
Farasat,فرست,male
Farashah,فراشه,female
Faraz,فرز,female
Faraza,فرز,female
Farazdaq,فرزدق,male
Farbad,فربد,male
Farboud,فربد,male
Farbud,فربد,male
Fard,فرض,male
Fardain,فاردين,male
Fardan,فردان,female
Fardanah,فردانة,female
Fardeen,فاردين,male
Fardun,فيردون,male
Fare,فار,male
Farea,فري,female
Fareea,فاريا,female
Fareed,فريد,male
Fareeda,فريدة,female
Fareedah,فريده,female
Fareedokht,فريدخة,female
Fareefta,فعرفت,female
Fareeha,فريحة,female
Fareeman,فريمان,male
Fareen,فارين,female
Fareenaa,فارينا,female
Fareeq,فريق,male
Farees,فارس,male
Fareess,فارس,female
Fareh,فرح,male
Farehan,فرحان,male
Fares,فارس,male
Farha,فرحة,female
Farhaa,فرحا,female
Farhaat,فرحات,male
Farhad,فرهاد,male
Farhah,فرحه,female
Farhal,فارحل,male
Farham,فارحم,male
Farhan,فرحان,male
Farhana,فرحانة,female
Farhanah,فرحانه,female
Farhand,فرحاند,male
Farhang,فرحانج,male
Farhannah,فرحانه,female
Farhat,فرحات,female
Farhatah,فرحته,female
Farhatullah,فرحتلله,male
Farheen,فرحين,female
Farhi,فرحي,female
Farhina,فرحنا,female
Farhiya,فرحي,female
Farhiyyan,فرحين,male
Fari,فري,male
Faria,فرية,female
Fariah,فريح,female
Fariba,فرب,female
Fariborz,فريبورز,male
Farid,فريد,female
Farid-Uddin,فرددن,male
Farida,فريدة,female
Faridaa,فريدا,female
Faridah,فريده,female
Faridun,فريدون,male
Farih,فرح,male
Fariha,فريحة,female
Farihah,فريحه,female
Farihat,فريحة,female
Fariishta,فرشت,male
Farimaa,فارما,female
Farimah,فرماه,female
Farimehr,فرمهر,female
Farin,فارين,female
Farinaz,فرينز,female
Farinoush,فرنش,female
Fariq,فريق,male
Farique,فريق,male
Faris,فارس,male
Farisaa,فريسة,female
Farisha,فرشة,female
Farishta,فرشت,female
Farivar,فرفر,male
Farivash,فرفش,female
Fariz,فريز,male
Fariza,فريزا,female
Farizah,فرزه,female
Farjad,فرجد,male
Farjam,فارجم,male
Farkhanda,فرخندة,female
Farkhandah,فرخندة,female
Farkhondah,فرخندة,female
Farman,فرمان,male
Farmanullah,فرمانلله,male
Farnad,فرند,male
Farnam,فرنم,male
Farnaz,فرنز,female
Farniya,فأرني,female
Farnoud,فرند,male
Farokh,فروخ,female
Faron,,male
Farood,فروض,male
Farookh,فروخ,male
Farooq,فاروق,male
Farouk,فاروق,male
Faroukh,فروخ,male
Farqad,فرقد,male
Farrad,فرد,male
Farradah,فرضه,female
Farrah,فرح,female
Farrahah,فرحه,female
Farraj,فرج,male
Farrajah,فرجه,female
Farrajuddin,فارجودن,male
Farras,فارس,male
Farrell,,male
Farris,,male
Farrokh,فروخ,female
Farrokhnaz,فرخنز,female
Farrokhzad,فرقهزد,male
Farrooh,فروح,male
Farrukh,فروخ,male
Farsad,فرزد,male
Farshad,فأرشد,male
Farsheed,فأرشد,male
Farshidah,فأرشدة,female
Fartash,فيرتش,male
Faruq,فاروق,male
Farvardin,فرفردن,female
Farwa,فروع,female
Farwah,فرواه,female
Farwan,فروان,male
Farya,فاريا,female
Faryal,فريال,female
Faryar,فرير,male
Faryat,فريت,female
Farzad,فرزد,male
Farzam,فرزم,male
Farzan,فرزان,female
Farzana,فرزان,female
Farzanah,فرزانة,female
Farzaneh,فرزانه,female
Farzeen,فرز,female
Farzin,فرزن,female
Fasahat,فصاحت,male
Faseeh,فسيح,male
Faseehah,فصيحه,female
Faseelah,فصيله,female
Fashih,فصحيح,male
Fasih,فسيح,male
Fasih-Ur-Rahman,فسيحررهما,male
Fasiha,فصيحة,female
Fasikh,فسيخ,male
Fasiya,فاسي,female
Fastiq,فستق,male
Fatan,فتن,male
Fatat,فتاة,female
Fate,,male
Fateem,فطيم,female
Fateemah,فطيمه,female
Fateemat,فطيمة,female
Fateen,فطين,male
Fateenah,فاتنه,female
Fateh,فتح,male
Fatema,فاطمة,female
Faten,فاتن,female
Fath,فتح,male
Fathan,فاذا,male
Fatheha,فتحها,female
Fathi,فتحي,male
Fathia,فاذا,female
Fathima,فثمة,female
Fathiya,فتحية,female
Fathiyah,فظيعه,female
Fathiyya,فتحية,female
Fathiyyaa,فتحيا,female
Fathiyyaat,فظيعة,female
Fathiyyah,فظيعه,female
Fathuddin,فتحدين,male
Fathullah,فاذلله,male
Fatih,فاتح,male
Fatiha,فتيحة,female
Fatihah,فتيحه,female
Fatihi,فتيحي,male
Fatik,فاتك,male
Fatim,فطيم,female
Fatima,فاطمة,female
Fatimaa,فاطيما,female
Fatimah,فاطمه,female
Fatin,فاتن,female
Fatina,فتنة,female
Fatinah,فاتنه,female
Fatiriyyah,فطريه,female
Fatma,فاطمة,female
Fatnan,فاتنا,male
Fatooh,فتوح,male
Fatoom,فطوم,female
Fattah,فتاح,male
Fattahah,فتحه,female
Fattan,فاتن,male
Fattana,فتنة,female
Fattooh,فتوح,male
Fattuhah,فتحه,female
Fattumah,فاطمه,female
Faudel,فضل,male
Fauhad,فهد,male
Fauqiyah,فقيه,female
Faustino,,male
Fauz,فوز,female
Fauzaan,فوزان,male
Fauzi,فوزي,male
Fauzia,فوزية,female
Fawad,فواد,male
Fawaid,فوائد,male
Fawaz,فواز,male
Fawha,فوهة,female
Fawiz,فوز,male
Fawn,,female
Fawwaz,فواز,male
Fawwazaa,فوزا,female
Fawz,فوز,female
Fawza,فوزى,female
Fawzah,فوزه,female
Fawzan,فوزان,male
Fawzi,فوزي,male
Fawzia,فوزية,female
Fawziya,فوزية,female
Fawziyah,فوزيه,female
Fawziyya,فوزية,female
Fawziyyaa,فوزية,female
Fawziyyah,فوزيه,female
Fawzy,فوزي,female
Fay,في,male
Fayaaz,فايز,male
Fayad,فياض,male
Faycal,فيكل,male
Fayd,فيض,male
Faye,,female
Fayek,فيك,male
Fayette,,male
Fayha,فيها,female
Fayid,فيض,male
Fayiz,فايز,male
Fayizah,فايزه,female
Fayona,فينا,female
Fayrooz,فيروز,male
Fayruz,فيروز,male
Faysal,فيصل,male
Fayyad,فياض,male
Fayyadh,فايده,male
Fayyah,فيه,female
Fayyaz,فايز,male
Fayyaza,فايزة,female
Fayza,فايزة,female
Fayzan,فيزا,male
Fayzul-Haq,فيزولهق,male
Faza,فاذا,female
Fazal,فزال,male
Fazalah,فعزله,male
Fazan,فزان,male
Fazar,فزار,female
Fazeel,فظل,male
Fazeela,فظل,female
Fazeelah,فعزله,female
Fazeelat,فظلت,female
Fazeen,فزين,female
Fazia,فاذا,female
Fazil,فظل,male
Fazila,فظل,female
Faziuddin,فزيدن,male
Fazl,فظل,male
Fazle-Ilahi,فظلله,male
Fazle-Mawla,فظلمولا,male
Fazle-Rab,فازلرب,male
Fazle-Rabbi,فازلرب,male
Fazle-Rabi,فازلرب,male
Fazlehaq,فعزلهق,male
Fazleilahi,فظلله,male
Fazli,فظل,male
Fazluddin,فازلدن,male
Fazlullah,فازللله,male
Fazluna,فازلنا,female
Fazlurrahman,فازلرحما,male
Fazulul-Haq,فظللهق,male
Fazzilet,فظلت,female
Fed,,male
Federico,,male
Feerouzah,فيروزة,female
Feeroz,فيروز,male
Feerozah,فيروزة,female
Feheema,فهيمة,female
Fehredin,فهردن,male
Feiyaz,فيز,female
Felecia,,female
Felice,,female
Felicia,,female
Felicie,,female
Felicitas,,female
Felicity,,female
Felipa,,female
Felipe,,male
Felisha,,female
Felix,,male
Fellah,فلله,female
Felton,,male
Femida,فمضى,female
Fenton,,male
Ferasat,فراسة,male
Ferd,,male
Ferdinand,,male
Ferdous,فردوس,male
Ferhat,فرحات,male
Ferman,,male
Fern,,male
Fernand,,male
Fernanda,,female
Fernando,,male
Ferne,,female
Feroz,فيروز,male
Feroze,فيروز,male
Ferran,فرن,male
Ferrell,,male
Ferris,,male
Feryal,فريال,male
Festus,,male
Fida,فيضة,female
Fidaa,فداء,female
Fidda,لتي,male
Fiddah,فيده,female
Fidel,,male
Fidelia,,female
Fidencio,,male
Fidyan,فدين,male
Fielding,,male
Fihr,فهر,male
Fikhar,فخر,male
Fikr,فكر,female
Fikraat,فقرات,female
Fikrat,فكرة,female
Fikri,فكري,female
Fikriya,فكرية,female
Fikriyaa,فكريا,female
Fikriyah,فكريه,female
Fikriyya,فكرية,female
Fikriyyah,فكريه,female
Fila,فيلا,female
Filomena,,female
Filza,فلذا,female
Finis,,male
Finley,,male
Finn,,male
Finnegan,,male
Fiona,,female
Fir,فير,male
Firaas,فراس,male
Firas,فراس,male
Firasah,فرصه,female
Firdaus,فردوس,female
Firdausi,فردوسي,female
Firdaws,فردوس,female
Firdevs,فيردفص,female
Firdo,فيرده,male
Firdoos,فردوس,female
Firdos,فردوس,male
Firdous,فردوس,female
Firdowsa,فردوس,female
Firhad,فرهاد,male
Firman,,male
Firouz,فيروز,male
Firouzah,فيروزة,female
Firoz,فيروز,male
Firoza,فيروزة,female
Firtan,فرطا,female
Firuz,فيروز,female
Firuze,فيروز,female
Firuzeh,فرزه,female
Firwad,فروض,male
Firyal,فريال,female
Firzah,فرزه,female
Fisher,,male
Fitrah,فتره,female
Fitriyyah,فطريه,female
Fitzgerald,,male
Fitzhugh,,male
Fiza,فيزا,female
Fizah,فيزه,female
Fizan,فيزا,male
Fizza,فيزا,female
Fizzah,فيزه,female
Fizzi,فيز,female
Fizziyah,فظيعه,female
Flavia,,female
Fleda,,female
Fleet,,male
Fleeta,,female
Flem,,male
Fleming,,male
Fleta,,female
Fletcher,,male
Flint,,male
Flo,,female
Flonnie,,female
Flor,,female
Flora,فلورا,female
Florance,,female
Florence,,male
Florencio,,male
Florene,,female
Florentino,,male
Floretta,,female
Florian,,male
Florida,,female
Florie,,female
Florine,,female
Florrie,,female
Flossie,,female
Floy,,male
Floyd,,male
Foch,,male
Fojan,فجن,male
Folla,فلة,female
Fonda,,female
Foram,فورم,female
Ford,,male
Forest,,male
Forhana,فرحانة,female
Foroohar,فروحر,male
Foroud,فروض,male
Forough,فروغ,female
Forouz,فرز,female
Forouzan,فرزان,female
Forouzandah,فرزندة,female
Forrest,,male
Foruhar,فرحر,male
Forutan,فرطا,male
Foster,,male
Fouad,فؤاد,male
Fount,,male
Fouzhan,فوزها,female
Fouzia,فوزية,female
Fouziah,فوزيه,female
Foy,,male
Fozhan,فوزها,male
Fozia,فوزية,female
Foziah,فوزيه,female
Fran,,female
Franc,,female
Frances,,male
Francesca,,female
Francesco,,male
Francies,,female
Francina,,female
Francine,,female
Francis,,male
Francisca,,female
Francisco,,male
Francisqui,,female
Franco,,male
Frank,,male
Frankie,,male
Franklin,,male
Franklyn,,male
Franz,,male
Fravash,فرفش,male
Frazier,,male
Fred,,male
Freda,,female
Freddie,,male
Freddy,,male
Frederic,,male
Frederica,,female
Frederick,,male
Fredericka,,female
Fredie,,male
Fredric,,male
Fredrick,,male
Fredy,,male
Freeda,,female
Freeman,,male
Freida,,female
Fremont,,male
French,,male
Frida,,female
Frieda,,female
Friend,,male
Fritz,,male
Frona,,female
Fronia,,female
Fronie,,female
Fronnie,,female
Fuad,فواد,male
Fuada,فوضى,female
Fuadah,فوده,female
Fudail,فوديل,male
Fudayl,فوديل,female
Fuhaid,فهيد,male
Fuhaidaa,فهذا,female
Fuhaidah,فهيده,female
Fuhaim,فهيم,male
Fujai,فوجئ,male
Fukairaa,فقيرا,female
Fulaih,فعليه,male
Fulaihan,فليحان,male
Fulailah,فليلة,female
Fullah,فلله,female
Fuller,,male
Fulton,,male
Fumiko,,female
Funoon,فنون,female
Furaiah,فوريه,female
Furaihaat,فريحات,female
Furaihah,فريحه,female
Furaihat,فريحات,female
Furaij,فريج,male
Furat,فورت,male
Furayah,فوريه,female
Furhud,فرهود,male
Furjah,فرجه,female
Furman,,male
Furoogh,فروغ,male
Furookh,فروخ,male
Furoozan,فرزان,female
Furough,فروغ,male
Furozh,فرزه,male
Furqaan,فرقان,male
Furqan,فرقان,male
Furqau,فرق,male
Fursah,فرصه,female
Fursat,فرصة,male
Furud,فورد,male
Fusaila,فصيلة,female
Fusaylah,فصيله,female
Fuseelah,فصيله,female
Futaih,فتح,male
Futaihah,فتيحه,female
Futaim,فطيم,male
Futaimah,فطيمه,female
Futain,فطين,male
Futooh,فتوح,male
Futuh,فتح,male
Futun,فتون,female
Fuwaad,فواد,male
Fuwad,فوود,male
Fuzail,فزال,male
Fuzailah,فعزله,female
Fuzailan,فذلا,male
Fuzzal,فظل,male
Gabe,,male
Gabina,جبنة,female
Gabir,جبير,male
Gabr,جبر,male
Gabriel,غابريل,male
Gabriela,,female
Gabriella,غابريل,female
Gabrielle,,female
Gael,,male
Gaetano,,male
Gafar,جعفر,male
Gage,,male
Gahez,جاهز,male
Gaige,,male
Gail,,male
Gaines,,male
Gaither,,male
Galai,غالي,female
Galal,جلال,male
Galawezh,جلاوزه,female
Gale,,male
Galen,,male
Galiah,غاليه,female
Galila,جليلة,female
Galilea,,female
Gamal,جمال,male
Gamali,جمالي,male
Gamil,جميل,male
Gamila,جميلة,female
Gannon,,male
Gardner,,male
Garett,,male
Garey,,male
Garfield,,male
Garland,,male
Garner,,male
Garnet,,male
Garnett,,male
Garold,,male
Garret,,male
Garrett,,male
Garrick,,male
Garrison,,male
Garry,,male
Garth,,male
Garvin,,male
Gary,,male
Gasheen,جشن,female
Gasper,,male
Gaston,,male
Gathbiyya,جاذبية,female
Gauge,,male
Gauhar,جوهر,male
Gaven,,male
Gavin,,male
Gavyn,,male
Gawahir,جواهر,female
Gawdat,جودة,male
Gay,,male
Gaye,,female
Gayla,,female
Gayle,,male
Gaylen,,male
Gaylene,,female
Gaylon,,male
Gaylord,,male
Gaynell,,female
Gazala,غزالة,female
Gazbiyya,جاذبية,female
Gearld,,male
Gearldine,,female
Geary,,male
Gee,,male
Geela,جيلا,female
Gelarah,جلرة,female
Gemma,,female
Gena,,female
Genaro,,male
Gene,,male
General,,male
Genesis,,female
Geneva,,female
Genevieve,,female
Genevra,,female
Genie,,male
Gennaro,,male
Gennie,,female
Geno,,male
Genoveva,,female
Geo,,male
Geoff,,male
Geoffrey,,male
Georganna,,female
George,,male
Georgeann,,female
Georgeanna,,female
Georgene,,female
Georgetta,,female
Georgette,,female
Georgia,,male
Georgiana,,female
Georgiann,,female
Georgianna,,female
Georgie,,male
Georgina,,female
Georgine,,female
Geovanni,,male
Gerald,,male
Geraldine,,female
Geraldo,,male
Geralyn,,female
Gerard,,male
Gerardo,,male
Gerda,,female
Gerhard,,male
Gerhardt,,male
Geri,,female
Germaine,,male
German,,male
Gerold,,male
Gerri,,female
Gerrit,,male
Gerry,,male
Gertha,,female
Gertie,,female
Gertrude,,male
Ghaada,غادة,female
Ghaalib,غالب,male
Ghaaliya,غاليا,female
Ghaanim,غانم,male
Ghaaniyah,غانية,female
Ghaazi,غازي,male
Ghada,غادة,female
Ghadaat,غداة,female
Ghadah,غاده,female
Ghaddaa,غداء,female
Ghadeer,غدير,female
Ghadef,غادف,male
Ghadfan,غادفا,male
Ghadi,غادي,male
Ghadia,غادية,female
Ghadif,غديف,male
Ghadinah,غادينة,female
Ghadir,غدير,female
Ghadiya,جهادية,female
Ghaffar,غافر,male
Ghaffara,غفارا,female
Ghaffari,غفاري,male
Ghafir,غافر,male
Ghafira,غفيرة,female
Ghafiri,غافر,male
Ghafr,غافر,male
Ghafur,غفور,male
Ghafuri,غفور,male
Ghaida,غيدا,female
Ghaidaa,غيداء,female
Ghaidan,غيدان,male
Ghailam,غلام,male
Ghailum,غلوم,male
Ghais,غيث,male
Ghaisan,غسان,male
Ghaisat,غيثة,female
Ghaisullah,غسله,male
Ghaith,غيث,male
Ghaits,غيتس,male
Ghaiyyas,غياث,male
Ghakhtalay,غختل,male
Ghali,غالي,male
Ghalia,غالية,female
Ghaliaa,غلاء,female
Ghalib,غالب,male
Ghaliba,غالبا,female
Ghalibah,غالبه,female
Ghalibi,غالب,male
Ghaliya,غالية,female
Ghaliyah,غاليه,female
Ghallab,غالب,male
Ghamay,جهمي,male
Ghamid,غامد,male
Ghamidi,غامدي,male
Ghamiq,غامق,male
Ghamir,غمر,male
Ghamza,غمزة,female
Ghaneem,غنيم,male
Ghaneemah,غنيمه,female
Ghanem,غانم,male
Ghani,غني,male
Ghania,غنية,female
Ghanim,غانم,male
Ghanimi,غانم,male
Ghaniya,غنية,female
Ghaniyah,غنيه,female
Ghannam,غانم,male
Ghannan,غانا,male
Ghanum,غانم,male
Ghanyan,غنيا,male
Gharab,غرب,male
Gharam,غرام,female
Ghareeb,غريب,male
Ghareebah,لتي,male
Ghareer,غرير,male
Ghareezat,غريزة,female
Gharib,غريب,male
Gharibi,غريب,male
Gharidah,غرضه,female
Gharisah,غرسه,female
Gharisullah,غريسلله,male
Gharizah,غريزه,female
Gharra,غارة,female
Gharras,غرس,male
Gharsan,غرسان,male
Ghasaan,غسان,male
Ghasasini,غصصن,male
Ghasharab,غشيرب,male
Ghashia,غاشية,female
Ghashiah,غاشية,male
Ghasin,غصين,male
Ghasina,غصين,female
Ghasini,غصين,male
Ghaslan,غزلان,male
Ghasna,غصنا,female
Ghassan,غسان,male
Ghassana,غزنة,female
Ghassani,غسان,male
Ghatiya,غطي,female
Ghatola,جهاتلا,female
Ghatool,غاتول,male
Ghatrif,غترف,male
Ghaus,غوص,male
Ghauth,غوث,male
Ghawalib,غواليب,male
Ghawani,غواني,female
Ghawsaddin,غوصدن,male
Ghawth,غوث,male
Ghaya,غاية,female
Ghayab,غياب,male
Ghayat,غايات,female
Ghayda,غيدا,female
Ghaydaa,غيداء,female
Ghayid,جهيد,male
Ghaylan,غيلان,male
Ghayoor,غيور,male
Ghays,غيث,male
Ghaysaa,غيثاء,female
Ghaysah,غيثه,female
Ghayth,غيث,male
Ghayur,غير,male
Ghayyas,غياث,male
Ghayyath,غياث,male
Ghazaal,غزال,male
Ghazaala,غزالة,female
Ghazaali,غزالي,male
Ghazal,غزال,female
Ghazala,غزالة,female
Ghazalaat,غزالة,female
Ghazalah,غزاله,female
Ghazalan,غزلان,male
Ghazan,غازان,male
Ghazanfar,جهازنفر,male
Ghazanfari,جهازنفر,male
Ghazawan,غزوان,male
Ghazeer,غزير,male
Ghazi,غازي,male
Ghazia,غازية,female
Ghazir,غزير,male
Ghaziya,غازية,female
Ghaziyah,غازيه,female
Ghaziyyah,غازيه,female
Ghaziyyat,غازية,female
Ghazni,غزني,male
Ghazulah,غزوله,female
Ghazuz,جهازز,male
Ghazwan,غزوان,male
Ghazzal,غزال,male
Ghazzan,غازان,male
Gheeta,غيتة,female
Gheeti,غيت,female
Gheeti-Afrouz,غطفرز,female
Ghibtah,غيبته,female
Ghilara,غيلرا,female
Ghimd,غمض,male
Ghina,غنى,female
Ghirrid,غريد,male
Ghitbah,غيتبة,female
Ghiyaath,غياث,male
Ghiyas,غياث,male
Ghiyas-Ud-Din,غياثددن,male
Ghiyath,غياث,male
Ghizlan,غزلان,female
Ghofran,غفران,male
Ghonchah,غنشة,female
Ghorzang,غرزنج,male
Ghotai,غوتي,female
Ghudwah,غدوه,female
Ghufayrah,غفيرة,female
Ghufraan,غفران,male
Ghufrah,غفره,female
Ghufran,غفران,female
Ghufrana,غفرانا,female
Ghulam,غلام,male
Ghumair,غمار,male
Ghumaysa,غوميس,female
Ghumr,غمر,male
Ghunaim,غنيم,male
Ghunayn,غنين,male
Ghuncha,غنشا,female
Ghuncha-Gul,غنشجل,male
Ghundur,غندور,male
Ghunwah,غنوه,female
Ghunyah,غنيه,female
Ghur,غور,male
Ghuraib,غريب,male
Ghuraibah,غريبه,female
Ghurais,غريس,male
Ghuraisah,غريزه,female
Ghuraizat,غريزة,female
Ghurrah,غيوره,female
Ghusharib,غشيرب,male
Ghusn,غصن,female
Ghusna,غصنا,female
Ghusoon,غصون,female
Ghusoun,غصون,female
Ghusun,غصون,female
Ghutaif,غطف,male
Ghutayf,غوتيف,male
Ghuwaidah,جهوده,female
Ghuzail,غزيل,female
Ghuzayyah,جهوزية,female
Gia,,female
Giada,,female
Giana,,female
Giancarlo,,male
Gianna,,female
Gianni,,male
Gibran,جبران,male
Gibril,جبريل,male
Gibson,,male
Gideon,,male
Gidget,,female
Gifford,,male
Gigi,,female
Gil,,male
Gilbert,,male
Gilberto,,male
Gilda,,female
Gileem,جليم,male
Giles,,male
Gilford,,male
Gillian,,female
Gillie,,female
Gilman,,male
Gilmer,,male
Gilmore,,male
Gina,,female
Ginger,,female
Ginny,,female
Gino,,male
Giovani,,male
Giovanna,,female
Giovanni,,male
Giovanny,,male
Giraami,غرامي,male
Girtha,,female
Gisele,,female
Giselle,,female
Gisselle,,female
Giuliana,,female
Giuseppe,,male
Gladis,,female
Gladstone,,male
Gladyce,,female
Gladys,,male
Glen,,male
Glenda,,female
Glendon,,male
Glendora,,female
Glenn,,male
Glenna,,female
Glennie,,female
Glennis,,female
Glenwood,,male
Glinda,,female
Gloria,,male
Glover,,male
Glynda,,female
Glynis,,female
Glynn,,male
Godfrey,,male
Goebel,,male
Gogal,جوجل,male
Gohar,جوهر,male
Gohar-Tab,جوهرتب,male
Goharnaz,جوهرنز,female
Goharshad,جوهرشد,female
Golab,جلب,female
Golafruz,جولفرز,female
Golafshan,جولفشا,female
Golala,جلالة,female
Golan,جولان,female
Golara,جلري,female
Golbahar,جلبهار,female
Golbakht,جلبخة,female
Golbar,جلبير,female
Golbaran,جلبرا,female
Golbarg,جلبرج,female
Golbouta,جلبت,female
Golchaman,جعلكما,female
Golcheen,جلسه,female
Golchehr,جلسههر,female
Golda,,female
Goldana,جلدنا,female
Goldar,جلدر,female
Goldees,جلديس,female
Golden,,male
Goldia,,female
Goldie,,male
Goldokht,جلدخة,female
Goleen,جولين,female
Golesorkh,جلسرخ,female
Golestan,جلستين,female
Golestana,جلستنا,female
Golezar,غليزار,female
Golfam,جولفم,female
Golfar,جلفار,female
Golghees,جلغص,female
Goljahan,جلجاها,female
Golkhanda,غلقهاندا,female
Golkhandan,غلقهاندا,female
Golmehr,جلمهر,female
Golnam,جلنام,female
Golnar,جلنار,female
Golnaz,جلناز,female
Golnisa,جعلنيسا,female
Golnoush,جلنش,female
Golpaikar,غلبكر,female
Golpar,جلبير,female
Golpara,جلبير,female
Golparee,جلبير,female
Golpasand,جلبصند,female
Golreez,جلريز,female
Golrokh,جلرخ,female
Golsa,جلسة,female
Golseema,جلثم,female
Golsha,جلسه,female
Golshad,جلسهد,female
Golshan,جلسها,female
Golsheed,جلسهد,female
Golshekar,جلسهكر,female
Goltala,جولتلا,female
Golzaar,غلظر,female
Golzad,غلظد,female
Golzar,غلظر,female
Golzari,غلظر,female
Gonzalo,,male
Gorbat,جربت,male
Gord,جرد,male
Gorden,,male
Gordon,,male
Gorge,,male
Gottlieb,,male
Gouzal,غزال,female
Governor,,male
Grace,جرس,female
Gracelyn,,female
Gracia,,female
Gracie,,female
Graciela,,female
Grady,,male
Grafton,,male
Graham,,male
Gran,جران,male
Grana,جرانة,female
Grant,,male
Granville,,male
Graves,,male
Gray,,male
Grayce,,female
Graydon,,male
Grayling,,male
Grayson,,male
Grecia,,female
Green,,male
Greene,,male
Greg,,male
Gregg,,male
Greggory,,male
Gregoria,,female
Gregorio,,male
Gregory,,male
Greta,,female
Gretchen,,female
Gretta,,female
Greyson,,male
Griffin,,male
Griffith,,male
Grisel,,female
Griselda,,female
Grove,,male
Grover,,male
Guadalupe,جوادلوب,female
Guda,جدا,male
Guhika,جهك,female
Guido,,male
Guilford,,male
Guillermo,,male
Gul,جعل,female
Gul-Bano,جلبان,female
Gul-Barg,جلبرج,female
Gul-Baz,جلبز,male
Gul-E-Rana,جلرنا,female
Gul-Filiz,جولفلز,female
Gul-Gazel,جلجازل,female
Gul-Hasham,جولهشم,male
Gul-Jan,جلجا,male
Gul-Mast,جلمصة,male
Gul-Pari,جلبير,female
Gul-Rang,جلرنج,female
Gul-Yar,جوليار,male
Gul-Zaman,غلظما,male
Gul-Zar,غلظر,male
Gulab,جلب,female
Guladh,جلده,female
Gulala,جلالة,female
Gulalai,جلالي,female
Gulali,جلالي,female
Gulbahar,جلبهار,female
Gulbar,جلبير,male
Gulchin,جلسهن,female
Guldin,جولدن,female
Guleen,جولين,female
Gulfam,جولفم,male
Gulika,غليك,female
Gulistan,جلستين,female
Gulnar,جلنار,female
Gulnaz,جعلناز,female
Gulrez,جلرز,female
Gulru,جلر,female
Gulrukh,جلرخ,female
Gulsana,جلسنا,female
Gulshan,جلسها,female
Gulzaar,غلظر,female
Gulzar,غلظر,female
Gunda,,female
Gunnar,,male
Gunner,,male
Gurney,,male
Gus,,male
Guss,,male
Gussie,,male
Gust,,male
Gusta,,female
Gustaf,,male
Gustav,,male
Gustave,,male
Gustavo,,male
Gustavus,,male
Gustie,,female
Gutaif,جتف,male
Guthrie,,male
Guy,,male
Guzeeda,جوزيدا,female
Guzeen,جوزين,male
Guzeena,جوزين,female
Guzeer,غزير,male
Gwen,,female
Gwenda,,female
Gwendolyn,,female
Gwyn,,female
Gwyneth,,female
Haabeel,هابيل,male
Haadee,هادي,male
Haadi,هادي,male
Haadii,هادي,male
Haadiya,هادية,female
Haadiyah,هاديه,female
Haady,هادي,male
Haafiz,حافظ,male
Haafizah,حافظه,female
Haail,هايل,male
Haaiz,هايز,male
Haajar,هاجر,female
Haaji,حاجي,male
Haajib,هاجيب,male
Haajid,هاجد,male
Haajirah,هاجرة,female
Haala,هلا,female
Haalah,حاله,female
Haalim,حالم,male
Haalimah,حالمه,female
Haami,حامي,male
Haamid,حامد,male
Haamidah,هامده,female
Haani,هاني,female
Haanii,هاني,male
Haaris,هاريس,male
Haarisah,حارسه,male
Haarith,حارث,male
Haarithah,حارثه,female
Haaroon,هارون,male
Haarun,هارون,male
Haashim,لتي,male
Haashir,حاشر,male
Haasyim,هزيم,male
Haatib,حاطب,male
Haatim,حاتم,male
Haayi,هاي,male
Haazim,حازم,male
Haaziq,حاذق,male
Habab,حابب,male
Hababah,حبابه,female
Habaq,حبق,female
Habash,حبش,male
Habat,حبة,female
Habbab,حابب,male
Habban,حبان,male
Habeeb,حبيب,male
Habeeba,حبيبة,female
Habeebullah,حبيبلله,male
Habeekah,حبيقة,female
Habeel,هابيل,male
Habib,حبيب,male
Habiba,حبيبة,female
Habibah,حبيبه,female
Habibiyyah,حبيبية,female
Habibullah,حبيبلله,male
Habiibii,حبيبي,female
Habil,هابيل,male
Habiri,حبري,male
Habis,حبيس,male
Habiyyah,حبيه,female
Hablah,هبله,female
Haboos,حبوس,female
Habqar,هبقر,male
Habr,حبر,male
Habriyah,حبرية,female
Habrur,حبرر,male
Hada,هذا,male
Hadad,حداد,male
Hadaf,هدف,male
Hadahid,هدهد,female
Hadal,هذال,male
Hadara,حضارة,female
Hadarah,حضره,female
Hadassah,,female
Hadaya,هدايا,female
Hadbaa,هدباء,female
Hadbar,هدبر,male
Haddad,حداد,male
Haddal,هذال,male
Haddaq,حداق,male
Hadee,هادي,male
Hadeed,حديد,male
Hadeel,هديل,female
Hadeeqa,حديقة,female
Hadeeqah,حديقه,female
Hadees,حديث,female
Haden,,male
Hadfah,هادفه,female
Hadhiqah,حاذقة,female
Hadhirah,حظيرة,female
Hadi,هادي,male
Hadia,هدية,female
Hadiah,هديه,female
Hadid,حدد,male
Hadil,هديل,female
Hadiqa,حديقة,female
Hadiqah,حديقه,female
Hadir,حاضر,male
Hadis,حديث,male
Hadiya,هدية,female
Hadiyah,هديه,female
Hadiyya,هدية,female
Hadiyyah,هديه,female
Hadjara,هيدجر,female
Hadley,,male
Hadrami,حضرمي,male
Hadya,هدية,female
Haeda,هذا,female
Haelah,حاله,female
Haemah,هامه,female
Hafa,حافة,female
Hafeel,حفل,male
Hafeesh,حفصه,male
Hafeez,حفيظ,male
Hafeeza,حفيظة,female
Hafeezah,حفيظة,female
Haffafa,حفاف,female
Haffaz,حفظ,male
Hafi,حافي,male
Hafid,حفيد,male
Hafida,حفيدة,female
Hafifah,حفيفة,female
Hafiz,حافظ,male
Hafiza,حفيظة,female
Hafizah,حفظه,female
Hafizh,حفظه,male
Hafizullah,حفيظلله,male
Hafs,حفص,male
Hafsa,حفصة,female
Hafsah,لتي,male
Hafthah,حفظه,female
Hafza,حافزا,female
Hager,هاجر,female
Hagir,هجير,female
Haib,هيب,male
Haibaa,هباء,female
Haibah,هيبه,female
Haida,هيدا,female
Haidar,حيدر,male
Haidarah,حيدره,female
Haidaru,حيدر,male
Haiden,,male
Haider,حيدر,male
Haifa,هيفا,female
Haikal,هيكل,male
Hailee,,female
Hailey,,female
Hailie,,female
Haimi,هيمي,female
Haiqa,حقا,female
Hairaz,حراز,male
Hairum,حرم,male
Haitham,هيثم,male
Haiza,هذا,female
Haizar,هيذر,male
Hajar,حجر,female
Haji,حاجي,male
Hajib,هجيب,male
Hajid,هاجد,male
Hajir,هجير,male
Hajira,هجرة,female
Hajirah,هجرة,female
Hajjah,حاجه,female
Hajjaj,حجاج,male
Hajna,حجنا,female
Hajra,حجرة,female
Hajraa,حجرا,female
Hajrah,هجرة,female
Hajun,هجن,female
Hajveri,حاجفر,male
Hakam,حكم,male
Hakan,حقا,male
Hakeem,حكيم,male
Hakeema,حكيمة,female
Hakeemah,حكيمه,female
Hakem,حكم,male
Hakiim,حكيم,male
Hakim,حكيم,male
Hakima,حكيمة,female
Hakimah,حكيمه,female
Hal,,male
Hala,هالة,female
Halaa,هلا,female
Halaat,حالات,female
Halah,هاله,female
Halawah,حلوه,female
Halbert,,male
Hale,,male
Haleef,حليف,male
Haleefa,حليفة,female
Haleej,حالج,male
Haleem,حلم,male
Haleema,حليمة,female
Haleemah,حليمه,female
Haleigh,,female
Haley,,female
Hali,,female
Halia,حاليا,female
Halie,,female
Halif,حليف,male
Halil,هليل,male
Halim,حليم,male
Halima,حليمة,female
Halimah,حليمه,female
Haliyah,حاليه,female
Hall,,male
Hallaj,حالج,male
Hallam,حلم,male
Hallamah,حلمه,female
Halle,,female
Halley,,male
Hallie,,male
Hallumah,حلمه,female
Halooj,حالج,male
Halsey,,male
Halul,حلول,male
Halwani,حلواني,male
Halyan,حاليا,male
Ham,,male
Hamad,حامد,male
Hamadullah,حمدلله,male
Hamal,حمل,male
Hamama,حمامة,female
Hamamah,حمامه,female
Hamas,حماس,female
Hamasah,همسه,female
Hamd,حامد,male
Hamda,حمدا,female
Hamdam,حمدم,female
Hamdan,حمدان,female
Hamdanah,حمدانة,female
Hamdast,حمديسة,male
Hamdat,هامدة,female
Hamdhy,حامضي,male
Hamdi,حمدي,male
Hamdiya,حمدية,female
Hamdiyah,حمديه,female
Hamdun,حمدون,male
Hamed,حامد,male
Hameda,حمدى,female
Hameed,حميد,male
Hameeda,حميدة,female
Hameedah,حميده,female
Hameedullah,حمدلله,male
Hameef,همف,male
Hameem,هميم,male
Hameen,هامين,male
Hameesi,هاميس,male
Hameez,همز,male
Hami,حامي,male
Hamid,حميد,male
Hamida,حميدة,female
Hamidah,حميده,female
Hamidat,حميدة,female
Hamidullah,حمدلله,male
Hamiid,حميد,male
Hamilton,,male
Hamim,حميم,male
Hamima,حميمة,female
Hamimah,حميمه,female
Hamiz,همز,male
Hammaad,حماد,male
Hammaadi,حمادي,male
Hammaam,حمام,male
Hammad,حماد,male
Hammada,حمادة,female
Hammadah,حماده,female
Hammadi,حمادي,male
Hammadiyyah,حماديه,female
Hammam,حمام,male
Hammatah,همته,female
Hammud,حمود,male
Hammudah,حموده,female
Hammuzah,حمزه,female
Hamna,همنا,female
Hamnah,حمنة,female
Hamood,حمود,male
Hamool,حمول,male
Hamp,,male
Hampton,,male
Hamra,حمرا,female
Hamraa,حمراء,female
Hamraz,حمراز,female
Hamshad,هامشد,male
Hamta,همتى,female
Hamud,حمود,male
Hamyaa,حاميا,female
Hamza,لتي,male
Hamzad,حمزد,male
Hamzah,حمزه,male
Hamziyyah,حمزية,female
Hana,هنا,male
Hanaa,هنا,female
Hanadi,هنادي,female
Hanafi,حنفي,male
Hanai,هاني,male
Hanan,هنا,male
Hananan,حنانا,male
Hanane,حنان,female
Hanash,حنش,male
Hanbal,حنبل,male
Hanbali,حنبلي,male
Handy,,male
Haneef,حنيف,male
Haneefa,حنيفة,female
Haneefah,حنيفة,female
Haneemanzar,هانمنزر,male
Haneen,حنين,female
Hanfa,حنفى,female
Hanfaa,حنفاء,female
Hanfi,حنفي,male
Hangama,هنجاما,female
Hani,هاني,male
Hania,هنية,female
Haniah,هنيه,female
Hanif,حنيف,male
Hanifa,حنيفة,female
Hanifaa,حنيفا,female
Hanifah,حنيفة,male
Hanifiyyah,حنفيه,female
Hanifud-Din,هنفضدن,male
Hanin,حنين,male
Hanita,حنيت,female
Haniya,هنية,female
Haniyah,هنيه,female
Haniyya,هنية,female
Haniyyah,هنيه,female
Hank,,male
Hanna,حنا,female
Hannad,هند,male
Hannah,حنه,female
Hannan,هنا,male
Hannanah,حنانه,female
Hannufah,هنوفه,female
Hanoon,حنون,female
Hanoona,حنونة,female
Hans,,male
Hansaa,هانزا,female
Hansel,,male
Hansford,,male
Hanson,,male
Hantama,حنتمة,female
Hanunah,حنونه,female
Hanwa,هانوا,female
Hanyah,هنيه,female
Hanzalah,لاريب,female
Hanzhalah,هانزهلة,male
Haola,حالة,female
Haq,حق,male
Haqiq,حقيق,male
Haqq,حق,male
Haqqaat,حقات,female
Haqqani,حقاني,male
Haqqi,حقي,male
Haraam,حرام,male
Harayir,حرير,female
Haraz,حراز,male
Harb,حرب,male
Harden,,male
Hardie,,male
Hardin,,male
Harding,,male
Hardy,,male
Hareef,حريف,male
Hareem,حريم,male
Hareer,حرير,female
Harees,هريس,male
Harika,حركة,female
Harim,حريم,male
Harir,حرير,male
Haris,حارس,male
Harisa,حريصة,female
Harisah,حريصه,female
Harith,حريث,male
Haritha,حارثة,female
Hariz,حريز,male
Harl,,male
Harlan,,male
Harland,,male
Harlen,,male
Harlene,,female
Harley,,male
Harlie,,male
Harlon,,male
Harlow,,male
Harm,,male
Harmalah,حرملة,female
Harman,,male
Harmon,,male
Harmony,,female
Harold,,male
Haroon,هارون,male
Haroona,هارون,female
Haroun,هارون,male
Harper,,male
Harrell,,male
Harrie,,male
Harriet,,female
Harriett,,female
Harriette,,female
Harris,,male
Harrison,,male
Harrold,,male
Harry,,male
Hart,,male
Hartley,,male
Hartwell,,male
Haruko,,female
Harun,هارون,male
Harve,,male
Harvey,,male
Harvie,,male
Harvy,,male
Harz,حرز,female
Harzan,حرزا,male
Harzanah,حرزنة,female
Hasab,حساب,male
Hasan,حسن,male
Hasana,حسنا,female
Hasanaa,حسناء,female
Hasanain,حسنين,male
Hasanat,حسنة,male
Haseeb,حسيب,male
Haseef,حصيف,male
Haseem,هزيم,male
Haseemah,هزيمة,female
Haseen,حسين,male
Haseena,حسين,female
Haseenah,حسيناه,female
Hasees,حصيص,male
Hasel,,female
Hashaam,هشام,male
Hasham,هشام,male
Hashash,حشاش,male
Hasher,حشر,male
Hashid,حاشد,male
Hashim,هاشم,male
Hashimah,هاشميه,female
Hashimi,هاشمي,male
Hashir,حشر,male
Hashmat,حشمت,male
Hasib,حاسب,male
Hasiba,حسيبة,female
Hasibah,حسيبه,female
Hasif,حصيف,male
Hasifa,حصيفة,female
Hasifah,حصيفة,female
Hasiib,حسيب,male
Hasil,حصل,male
Hasim,هزيم,male
Hasin,حسين,male
Hasina,حسينة,female
Hasinah,حسيناه,female
Hasisah,حصيصه,female
Hask,حسك,male
Haskell,,male
Hasna,حسنا,female
Hasnaa,حسناء,female
Hasnaat,حسنات,female
Hasnah,حسنه,female
Hasnain,حسنين,male
Hasnat,حسنات,female
Hasnaw,حسنو,female
Hasoun,حسون,male
Hasrat,حاصرت,male
Hassaan,حسان,male
Hassam,حسام,male
Hassan,حسن,male
Hassana,حسنة,female
Hasshid,حاسهد,male
Hasshir,حاسهر,male
Hassib,حسيب,male
Hassie,,female
Hassun,حسن,male
Hassunah,حسونه,female
Hastee,هستي,female
Hasyid,هيزيد,male
Hatam,حاتم,male
Hatem,حاتم,male
Hathim,هذيم,male
Hatib,حاطب,male
Hatif,هاتف,male
Hatim,حاتم,male
Hatima,حتما,female
Hattab,حطاب,male
Hattabah,حطيبة,female
Hattal,هطل,male
Hattie,,male
Hauled,هولد,female
Haushab,حوشب,male
Haussam,حسام,male
Hauzaan,هوزان,male
Haven,,male
Hawa,هوى,female
Hawaari,حواري,male
Hawadah,حوده,female
Hawari,حواري,male
Hawas,هاوس,male
Hawazin,هوازن,female
Hawis,هويس,male
Hawiya,هوية,female
Hawla,حول,female
Hawra,حورة,female
Hawraa,حوراء,female
Hawshab,حوشب,male
Hawwa,هو,female
Hawwaa,حواء,female
Haya,هيا,female
Hayaa,حياء,female
Hayaam,هيام,female
Hayaat,حياة,male
Hayah,هيه,female
Hayal,حيال,male
Hayam,هيام,female
Hayat,حياة,male
Haydar,حيدر,male
Haydaraa,هيدرا,female
Hayden,,male
Hayder,حيدر,male
Hayed,هايد,female
Hayes,,male
Hayet,حيت,female
Hayfa,هيفا,female
Hayiyyah,هييييه,female
Hayl,هايل,male
Haylee,,female
Hayleigh,,female
Hayley,,female
Haylie,,female
Hayrah,حايره,female
Hays,,male
Haysam,هيثم,male
Haytham,هيثم,male
Hayud,هايد,female
Hayward,,male
Haywood,,male
Hayy,حي,male
Hayyaan,حيان,male
Hayyam,حاييم,male
Hayyan,حين,male
Hayyee,هييي,male
Hayyin,هايين,male
Hazar,هزار,male
Hazarah,حذره,female
Hazeem,هزيم,male
Hazeemah,هزيمة,female
Hazeena,حزينة,female
Hazeerah,حظيرة,female
Hazel,,male
Hazelle,,female
Hazem,حازم,male
Hazen,,male
Hazim,هزيم,male
Hazima,هزيمة,female
Hazimah,هزيمة,female
Hazine,حزين,male
Haziq,حاذق,male
Haziqa,حاذقا,female
Haziqah,حاذقة,female
Hazir,حذر,male
Hazira,حظيرة,female
Hazirah,حظيرة,female
Hazle,,female
Hazmiyah,حزمية,female
Hazrat,حذرت,male
Hazzafa,لتي,male
Hazzar,هزار,male
Heath,,male
Heather,,male
Heaven,,female
Heba,هبة,female
Heber,,male
Hebert,,male
Hector,,male
Hedaya,هدايا,female
Hedayat,هدية,male
Hedeyah,هديه,female
Hedi,هدي,male
Hedwig,,female
Hedy,,female
Heela,حيلة,female
Heena,هنا,female
Heer,هير,female
Heera,حيرة,male
Heerad,هيرد,male
Heidi,,female
Heidy,,female
Hela,هلا,female
Helai,هلي,female
Helaine,,female
Helen,,male
Helena,حلنا,female
Helene,,female
Helga,,female
Helima,حليمة,female
Hellen,,female
Helma,,female
Helmer,,male
Helyn,,female
Hemin,همين,male
Hena,هنا,female
Hence,,male
Hend,هند,female
Henderson,,male
Henery,,male
Henna,حنة,female
Hennie,,female
Henretta,,female
Henri,,male
Henrietta,,female
Henriette,,female
Henry,,male
Herb,,male
Herbert,,male
Heriberto,,male
Herish,حريش,male
Herlinda,,female
Herma,,female
Herman,,male
Hermann,,male
Hermina,,female
Hermine,,female
Herminia,,female
Hermon,,male
Hernan,,male
Herschel,,male
Hershel,,male
Hershell,,male
Hertha,,female
Hervey,,male
Hesam,حسام,male
Hesham,هشام,male
Hessa,هسة,female
Hessie,,female
Hester,,male
Hettie,,female
Hetty,,female
Hewad,هود,male
Heyam,هيام,female
Heydar,حيدر,male
Heyward,,male
Hezekiah,,male
Hezha,هذه,male
Hezzie,,male
Hiba,هبة,male
Hibah,هيبه,male
Hibat-Allah,هيبتلله,female
Hibatullah,هيبتلله,male
Hibba,هيبة,female
Hibbaan,هيبان,male
Hibbah,هيبه,female
Hibban,هيبان,male
Hibr,حبر,male
Hicham,هشام,male
Hichem,حكم,male
Hidayah,هديه,female
Hidayat,هداية,male
Hidayat-Ul-Haq,هدايتلهق,male
Hidayatullah,هدايتلله,male
Hiddah,هده,female
Hideo,,male
Hidiyah,هديه,female
Hifza,حفظ,female
Hifzur-Rahman,حفظررهما,male
Hijab,حجاب,female
Hijra,هجرة,female
Hijrah,هجرة,female
Hijriyyah,هجريه,female
Hikma,حكمة,male
Hikmah,لتي,male
Hikmat,حكمت,male
Hila,حيلة,female
Hilaal,هلال,male
Hilah,,female
Hilal,هلال,male
Hilali,هلالي,male
Hilario,,male
Hilary,,male
Hilbert,,male
Hilda,,female
Hildegard,,female
Hildegarde,,female
Hildred,,female
Hildur,,female
Hilel,حلل,male
Hilf,حلف,male
Hill,,male
Hillah,هلله,female
Hillard,,male
Hillary,,male
Hillery,,male
Hilliard,,male
Hilma,,female
Hilmer,,male
Hilmi,حلمي,male
Hilton,,male
Hilwana,حلوانى,female
Hilyah,هليه,female
Himaa,هيماء,male
Himayah,حمايه,female
Himayat,حماية,male
Himmat,هممت,male
Hina,هنا,female
Hinaa,هنا,female
Hind,هند,female
Hindah,هندة,female
Hira,حيرة,female
Hirad,هيرد,male
Hirah,حيره,female
Hiral,هيرال,female
Hiram,,male
Hirbad,هربيد,male
Hiroshi,,male
Hirz,حرز,male
Hisam,هيثم,male
Hisein,حسين,male
Hishaam,هشام,male
Hisham,هشام,male
Hishmah,حشمه,female
Hishmat,حشمت,male
Hissan,حصان,male
Hisyam,هزيم,male
Hitaishi,هيتاشي,female
Hiwa,حيوا,male
Hiyam,هيام,female
Hizbullah,حزبلله,male
Hizrat,حذرت,male
Hjalmar,,male
Hjalmer,,male
Hobart,,male
Hobb,حب,male
Hobert,,male
Hobson,,male
Hoda,هدى,male
Hodan,هذا,male
Hoke,,male
Holden,,male
Holland,,male
Holli,,female
Hollie,,male
Hollis,,male
Holly,,male
Holmes,,male
Homa,هما,female
Homadokht,حمدخة,female
Homer,,male
Honora,,female
Hood,هود,male
Hooda,هودا,female
Hooman,هومن,male
Hoor,حور,female
Hoori,حوري,female
Hooria,حورية,female
Hooriya,حورية,female
Hooriyah,حوريه,female
Hoorulain,هرولن,female
Hoover,,male
Hope,,male
Horace,,male
Horacio,,male
Horatio,,male
Horia,حرية,female
Hortencia,,female
Hortense,,female
Hortensia,,female
Horton,,male
Hosaam,حسام,male
Hosea,,male
Hoshang,هوشنج,male
Hoshiar,هوشيار,male
Hoshmand,حشمند,male
Hoshyar,هوشيار,male
Hosie,,male
Hosni,حسني,male
Hosteen,,male
Houd,هود,male
Houda,هود,female
Houmaan,هيومان,male
Houman,هومن,male
Hounia,هنية,female
Houshang,هوشنج,male
Houshiar,هوشيار,male
Houssam,حسام,male
Houston,,male
Howard,,male
Howell,,male
Hoy,,male
Hoyam,هيام,female
Hoyt,,male
Hozaifah,حذيفه,male
Hub,حب,male
Hubaab,حباب,male
Hubab,حباب,female
Hubabah,حبابه,female
Hubaibah,حبيبه,female
Hubaibi,حبيبي,male
Hubair,هوبير,male
Hubaish,حبيش,male
Hubayshah,حبيشة,female
Hubba,هبة,female
Hubbah,حبه,female
Hubbard,,male
Hubbee,حبي,male
Hubert,,male
Huboor,حبور,female
Hud,هود,male
Huda,هدى,female
Hudad,حداد,male
Hudhafah,حذفه,male
Hudhaifah,حذيفه,male
Hudhayfah,حذيفه,male
Hudson,,male
Hudun,حضن,female
Huey,,male
Hufaiz,حفيظ,male
Hufaizah,حفيظة,female
Hugh,,male
Hughes,,male
Hughey,,male
Hughie,,male
Hugo,,male
Hujaimah,حجمه,female
Hujaymah,حجيمة,female
Hujayrah,حجيرة,female
Hujayyah,حجيه,female
Hujjat,حجة,female
Hukam,حكم,male
Hukaymah,حكيمه,female
Hukayman,حكيما,female
Hulaa,هولاء,female
Hulayl,هليل,male
Hulda,,female
Huldah,,female
Hullah,هلله,female
Hulm,حلم,male
Hulou,حلو,female
Hulwah,حلوه,female
Hulwi,حلوي,female
Hulyah,هوليه,female
Huma,هما,female
Humaam,حمام,male
Humaid,حميد,male
Humaida,حميدة,female
Humaidan,حميدان,male
Humaila,حملة,female
Humair,حمير,male
Humaira,حميرا,female
Humairaa,حميراء,female
Humairah,حميرة,female
Humaisun,حماسن,male
Humam,حمام,male
Humam-Uddin,حممدن,male
Humayd,حميد,male
Humaydah,حميده,female
Humayl,حمايل,male
Humayrah,حميرة,female
Humayun,همايون,male
Humberto,,male
Humd,حمد,male
Humera,حمرا,female
Humphrey,,male
Humra,حمرا,female
Humza,حمزة,male
Hunaid,هند,male
Hunaidah,هنيدة,female
Hunaifah,حنيفة,female
Hunain,حنين,female
Hunaydah,هنيدة,female
Hunayn,حنين,male
Hung,,male
Hunoon,حنون,female
Hunt,,male
Hunter,,male
Hur,حور,female
Hura,حرة,female
Huraira,هريرة,female
Hurairah,هريرة,male
Huraiva,حريفة,female
Hurayra,لاريب,female
Hurays,حريص,male
Hurayth,حريث,male
Hurbert,,male
Huriaa,حوراء,female
Huriya,حورية,female
Huriyah,حوريه,female
Huriyyah,حوريه,female
Hurley,,male
Hurmat,حرمت,female
Hurrah,حره,male
Hurriya,حورية,female
Hurvash,حرفيش,female
Hurya,حورية,female
Husaam,حسام,male
Husaam-Udeen,حسامد,male
Husaama,حسام,male
Husaim,حسام,male
Husaimah,هزيمة,female
Husain,حسين,male
Husaina,حسين,female
Husainah,حسيناه,female
Husam,حسام,male
Husam-Al-Din,حساملدن,male
Husam-Ud-Dawlah,حسامددولة,male
Husam-Uddin,حسامدن,male
Husamah,حسمه,female
Husani,حسني,male
Husay,حسي,female
Husayn,حسين,male
Husayni,حسيني,male
Husein,حسين,male
Hushaima,هشيما,female
Hushaimah,حشيمه,female
Husn,حسن,female
Husna,حسنى,female
Husnaa,حسناء,female
Husnain,حسنين,male
Husni,حسني,female
Husniya,حسنية,female
Husniyah,حسنيه,female
Husniyyah,حسنيه,female
Hussain,حسين,male
Hussayn,حسين,male
Hussein,حسين,male
Huston,,male
Hutaf,هتاف,female
Hutaim,هتيم,male
Huthayfa,حذيفة,male
Hutun,هتون,female
Huveida,حفيدة,female
Huwaidah,حوده,female
Huwaidi,هويدي,male
Huwainaa,هوينا,female
Huwaydah,هويدة,female
Huy,,male
Huyai,هي,male
Huzaifa,حذيفة,male
Huzaifah,حذيفه,male
Huzair,هزار,male
Huzayfah,حذيفه,male
Huzayl,هزيل,male
Huzuz,حظوظ,female
Hwas,حواس,male
Hyder,حيدر,male
Hyman,,male
Hymen,,male
Hyrum,,male
Hzim,هزيم,female
Ian,,male
Iba,ابا,female
Ibaad,عباد,male
Ibad,عبد,male
Ibadaat,عبادات,female
Ibadah,عبده,female
Ibadat,عبادات,female
Ibadullah,عبدلله,male
Ibhar,إبحار,female
Ibn,ابن,male
Ibn-Sina,بنزين,male
Ibr,عبر,male
Ibrah,عبره,female
Ibraheem,إبراهيم,male
Ibrahim,إبراهيم,male
Ibrar,ابرار,male
Ibrat,إبرة,female
Ibreez,إبريز,female
Ibrisam,بريسم,male
Ibrisami,بريسم,female
Ibriz,إبريز,male
Ibtesam,إبتسم,male
Ibthaj,إبتهاج,female
Ibtihaaj,إبتهاج,male
Ibtihaj,إبتهاج,male
Ibtihal,إبتهال,female
Ibtihl,ابتهل,female
Ibtisam,إبتسم,male
Ibtisama,إبتسامة,female
Ibtissem,إبتسم,male
Ica,,female
Icey,,female
Icie,,female
Icy,,female
Ida,,male
Idabelle,,female
Idamae,,female
Idell,,female
Idella,,female
Idhar,عذر,male
Idrak,إدراك,female
Idrees,إدريس,male
Idris,إدريس,male
Ieasha,عيشة,female
Ied,إذ,male
Ieethaar,إيثار,male
Iesa,عسى,male
Iesha,,female
Ieshia,,female
Iffah,عفه,female
Iffat,عفت,female
Ifra,عفرا,female
Ifrah,افراح,female
Ifran,إفران,male
Ifraz,إفراز,male
Iftikar,افتقار,male
Iftikhar,افتخر,male
Iftikhar-Ud-Din,افتخرددن,male
Iftikharus-Sadat,افتخرسصداة,male
Iftin,افطن,female
Iftinan,فتنا,female
Ifza,افز,female
Ignacio,,male
Ignatius,,male
Ignatz,,male
Ihaa,إيحاء,female
Ihab,إيهاب,female
Iham,إيهام,male
Ihdaf,اهداف,female
Ihkam,إحكام,female
Ihlal,إحلال,female
Ihram,إحرام,female
Ihsaan,إحسان,male
Ihsan,إحسان,female
Ihsanul-Haq,احسنلهق,male
Ihtesham,احتشام,male
Ihtiraam,إحترام,male
Ihtiram,إحترام,female
Ihtishaam,احتشام,male
Ihtisham,احتشام,male
Ihtsham,احتشام,male
Ijaaz,إيجاز,male
Ijabo,إجابه,female
Ijada,إجادة,female
Ijaz,إيجاز,male
Ijazul,اجزل,male
Ijazul-Haq,جزلهق,male
Ijlal,إجلال,male
Ijli,عجلي,male
Ijliyah,جليه,female
Ijtiba,جتب,male
Ike,,male
Ikha,اخى,female
Ikhlaq,اخلاق,male
Ikhlas,إخلاص,male
Ikhtiyar,إختيار,male
Ikhwan,إخوان,male
Ikleel,إكليل,female
Iklil,إكليل,female
Ikraam,إكرام,female
Ikram,إكرام,female
Ikram-Ul-Haq,قرملهق,male
Ikramah,إكرامه,male
Ikramiya,إكرامي,female
Ikramullah,إكراملله,male
Ikrima,عكرمة,male
Ikrimah,عكرمة,male
Ikseer,إكسير,male
Iksir,إكسير,male
Ila,,female
Ilaaf,إيلاف,male
Ilaahi,إلاهي,male
Ilah,,female
Ilahi,إلهي,male
Ilahi-Bakhsh,الأحبخش,male
Ilan,الأن,female
Ilana,الأنا,female
Ilanah,علانه,female
Ilash,علاش,male
Ilda,,female
Ilene,,female
Ilhaam,إلهام,female
Ilham,إلهام,female
Ilhan,الحان,female
Ilhanath,الحنث,female
Ilhem,إلهم,female
Iliana,,female
Ilias,لتي,male
Ilifat,العفة,male
Iliya,الاية,female
Illa,,female
Illiyeen,عليين,female
Illya,,male
Ilm,علم,female
Ilma,,female
Ilmeeyat,علمية,female
Ilo,,female
Ilona,,female
Ilqis,القيس,female
Iltifat,إلتفت,male
Iltimas,إلتماس,male
Ilyana,إلينا,female
Ilyas,إلياس,male
Ima,,female
Imaad,عماد,male
Imaad-Udeen,معدودين,male
Imaan,إيمان,male
Imad,عماد,male
Imad-Al-Din,عمادالدين,male
Imad-Uddin,معدودين,male
Imada,عمادة,male
Imam,إمام,male
Imama,إمام,female
Imamuddin,معمودين,male
Iman,إيمان,male
Imane,إيمان,female
Imaneh,إيمانه,female
Imani,إيماني,female
Imanol,,male
Imara,عمارة,male
Imarah,إمارة,female
Imdad,إمداد,male
Imed,عمد,male
Imelda,,female
Imen,عمن,male
Imhal,إمهال,female
Immanuel,,male
Imo,,female
Imogene,,female
Imraan,عمران,male
Imram,عمرام,male
Imran,عمران,male
Imrana,عمرنا,female
Imsaal,امثال,female
Imthithal,مذظل,female
Imtiaaz,إمتياز,male
Imtiaz,إمتياز,male
Imtiazuddin,إمتيازدن,male
Imtihal,متهال,female
Imtinan,إمتنان,female
Imtisal,إمتثال,female
Imtithal,إمتثال,female
Imtiyaz,إمتياز,male
Ina,,female
Inaam,انام,male
Inaaya,عناية,female
Inaayat,عناية,male
Inab,عنب,female
Inabah,إنباه,female
Inam,انام,male
Inamul-Haq,اناملهاق,male
Inamur-Rahman,نمررهما,male
Inan,عنان,female
Inara,إنارة,female
Inas,إيناس,female
Inaya,عناية,female
Inayaat,عنايات,female
Inayah,عناية,female
Inayat,عناية,female
Inayat-Uddin,عنايتدن,male
Inayat-Ur-Rahman,نيتوررهما,male
Inayatullah,عنايتلله,female
Inbihaj,انبهج,female
Inbisat,انبساط,female
Inci,إنك,female
Indela,عندل,female
India,,female
Indiana,,female
Inell,,female
Ines,إنس,female
Inez,,female
Infant,,male
Infisal,إنفصال,female
Inga,إنجى,female
Ingeborg,,female
Inger,,female
Ingram,,male
Ingrid,,female
Inhal,انهال,female
Iniat,إنت,male
Injah,إنجاح,female
Injeel,إنجيل,female
Injeela,إنجيلا,female
Inji,إنجي,female
Injila,إنجيلا,female
Ins,إنس,male
Insaf,إنصاف,male
Insar,عنصر,male
Insha,إنشا,female
Inshad,إنشاد,female
Inshaf,ينشاف,male
Inshiraf,نشرف,female
Inshirah,إنشراح,female
Insijam,إنسجام,female
Insiya,إنسية,female
Intaj,إنتاج,male
Intakhab,إنتخاب,male
Inteqab,نتقاب,male
Intessar,إنتصار,female
Intezar,إنتظار,male
Intibah,إنتباه,female
Intiha,إنتهى,female
Intikhab,إنتخاب,male
Intisaar,إنتصار,female
Intisar,إنتصار,female
Intisarat,إنتصارات,female
Intishal,انتشال,female
Intizar,إنتظار,female
Inzamam,انظمام,male
Iola,,female
Iona,,female
Ione,,female
Iqamat,إقامة,female
Iqbaal,إقبال,male
Iqbal,إقبال,male
Iqdam,إقدام,male
Iqlas,يقلص,female
Iqleem,إقليم,male
Iqmal,قمل,male
Iqra,إقرا,female
Iqraam,قرم,male
Iqrar,إقرار,male
Iqrit,عقرت,male
Iqtidar,اقتدار,male
Iqtisham,قطيشام,male
Iqwaan,قوان,male
Iqyan,يقين,male
Ira,,male
Iradat,إرادة,female
Iraj,إيراج,female
Iram,إرم,female
Iraq,عراق,male
Iravat,عرفات,male
Ireland,,female
Irem,إرم,female
Irena,,female
Irene,,male
Irfa,عرفة,female
Irfaan,عرفان,male
Irfan,عرفان,male
Irfana,عرفنا,female
Irhaa,ارها,female
Iridian,,female
Irine,,female
Iris,,female
Irl,,male
Irma,,female
Irmas,ارمس,male
Irsa,عرسا,female
Irshaad,إرشاد,male
Irshad,إرشاد,male
Irsyaad,رصيد,male
Irtiqa,ارتقى,female
Irtiza,إرتيزا,female
Irtiza-Husain,إرتيزهسن,male
Irum,إرم,female
Irva,,female
Irven,,male
Irvin,,male
Irvine,,male
Irving,,male
Irwin,,male
Isa,عسى,male
Isaac,عساك,male
Isaad,اساد,female
Isaak,,male
Isaam,عصام,male
Isaar,إسار,male
Isabel,إيزابيل,female
Isabela,,female
Isabell,,female
Isabella,إيزابيلا,female
Isabelle,,female
Isad,اسد,female
Isadora,,female
Isadore,,male
Isaf,إيساف,female
Isai,,male
Isaiah,,male
Isaias,,male
Isam,إسم,female
Isamar,,female
Isar,عصر,female
Isas,اساس,female
Isbah,إصبعه,female
Isbahani,اصبهاني,male
Isha,عشا,female
Ishaal,إسهال,female
Ishaam,إسهام,male
Ishaan,,male
Ishaaq,عشاق,male
Isham,,male
Ishaml,اشمل,female
Ishaq,عشاق,male
Ishat,عشت,male
Ishayu,إشي,male
Ishfaq,إشفاق,male
Ishir,عشر,male
Ishmael,,male
Ishmah,اشمه,male
Ishrah,عشرة,female
Ishraq,إشراق,female
Ishrat,عشرات,female
Ishtiyaq,إشتياق,male
Ishya,إشي,female
Isiah,,male
Isidor,,male
Isidore,,male
Isidro,,male
Isir,عسير,female
Isis,,female
Iskafi,اسكافي,male
Iskandar,إسكندر,male
Isla,,female
Islah,إصلاح,female
Islam,إسلام,female
Isma,إسم,female
Ismaaeel,إسمايل,male
Ismaael,إسمايل,male
Ismaeel,إسماعيل,male
Ismael,,male
Ismah,إسمح,female
Ismail,إسماعيل,male
Ismat,عصمت,female
Isobel,,female
Isom,,male
Isood,اسود,female
Isra,عصرا,female
Israa,إسراء,female
Israail,اسرائل,male
Israel,إسرائيل,male
Israfil,إسرافيل,male
Israil,اسرائل,male
Israr,إصرار,female
Israt,اسرة,female
Isreal,,male
Issa,عيسى,male
Issac,,male
Issam,عصام,female
Issar,عصر,male
Istabraq,إستبرق,female
Istakhri,استخر,male
Istibshar,استبشر,female
Istifa,اصطفى,male
Istilah,إستيلة,female
Istiqlal,إستقلال,female
Itaa,عطاء,female
Itab,عتاب,female
Itaf,عطف,female
Itakh,عتقه,male
Itban,عتبان,male
Ithaar,إيثار,male
Ithar,إثر,female
Itidal,اتعدل,male
Itimad,اتعمد,male
Itqan,إتقان,female
Itrat,عطرة,female
Itsaf,اتصف,male
Ittifaq,إتفاق,male
Itzel,,female
Iva,,male
Ivah,,female
Ivan,,male
Ivana,,female
Ivaz,افز,female
Iver,,male
Iverson,,male
Ivette,,female
Ivey,,male
Ivie,,female
Ivonne,,female
Ivor,,male
Ivory,,male
Ivy,,male
Iwaz,عوز,female
Iwazullah,عوزلله,male
Iyaad,إياد,male
Iyaas,إياس,male
Iyaaz,عيز,male
Iyad,إياد,male
Iyadi,إيدي,male
Iyali,إيلي,male
Iyan,عين,female
Iyana,,female
Iyanna,,female
Iyas,إياس,male
Iyaz,عيز,male
Iza,,female
Izaad,ازاد,male
Izaan,عزان,female
Izabella,,female
Izabelle,,female
Izahet,إزاحة,female
Izaiah,,male
Izat,عزت,male
Izayah,,male
Izaz,عزز,male
Izaz-Ud-Dawlah,عزازددولة,male
Izdihaar,إزدهار,female
Izdihar,إزدهار,female
Izetta,,female
Izfaar,ظفار,male
Izhar,إظهار,male
Izma,عظمة,female
Izmat,عزمت,female
Izola,,female
Izora,,female
Izum,عزم,male
Izyan,ازين,male
Izz,إذ,female
Izz-Al-Din,عزالدين,male
Izz-An-Nisa,اذاننصا,female
Izza,إذا,female
Izzaa,إزاء,female
Izzaddin,يزدن,male
Izzah,عزاه,female
Izzat,عززت,female
Izzat-Uddeen,عززتد,male
Izzat-Udden,عززتد,male
Izzat-Ul-Islam,عززتلسلم,male
Izzati,عزتي,female
Izzet,عززت,male
Izzi,إذ,female
Izzuddin,يزدن,male
Izzudeen,ازود,male
Jaabir,جابر,male
Jaad,جاد,male
Jaafar,جعفر,male
Jaah,جاه,male
Jaaiz,جايز,male
Jaami,جامع,male
Jaamil,جميل,male
Jaan,جان,female
Jaar,جار,male
Jaari,جاري,male
Jaarullah,جارلله,male
Jaasim,جاسم,male
Jabaa,جبا,female
Jabal,جبل,male
Jabala,جبلة,female
Jabalah,جبله,female
Jaban,جبان,male
Jabar,جبار,male
Jabarah,جباره,female
Jabari,,male
Jabbaar,جبار,male
Jabbad,جبد,male
Jabbadah,جبده,female
Jabbar,جبار,male
Jabeehah,جبهة,female
Jabeen,جبين,female
Jabez,جبز,male
Jabin,جبين,female
Jabir,جبير,male
Jabira,جابرة,female
Jabirah,جبيرة,female
Jablah,جبله,female
Jaboor,جبور,male
Jabr,جابر,male
Jabraa,جبرا,female
Jabrah,جبره,female
Jabran,جبران,male
Jabrayah,جبرية,female
Jabreel,جبريل,male
Jabril,جبريل,male
Jacalyn,,female
Jace,,male
Jacey,,female
Jack,,male
Jackeline,,female
Jacki,,female
Jackie,,male
Jacklyn,,female
Jackson,,male
Jacky,,male
Jaclyn,,female
Jacob,,male
Jacoby,,male
Jacque,,female
Jacquelin,,female
Jacqueline,,female
Jacquelyn,,female
Jacquelynn,,female
Jacques,,male
Jacquez,,male
Jacquline,,female
Jacqulyn,,female
Jad,جد,male
Jad-Allah,جادالله,male
Jada,جادة,female
Jade,,male
Jaden,,male
Jadida,جديدة,female
Jadiel,,male
Jadiid,جديد,male
Jadiir,جدير,male
Jadir,جدير,male
Jadirah,جديره,female
Jadon,,male
Jadud,جدد,male
Jadur,جذور,male
Jadwa,جدوى,female
Jadwal,جدول,male
Jadyn,,male
Jaed,جيد,male
Jaeda,,female
Jaeden,,male
Jaella,جالا,female
Jaelyn,,female
Jaelynn,,female
Jafar,جعفر,male
Jafaran,جفران,male
Jafeerah,جعفريه,female
Jaffar,جعفر,male
Jaffer,جعفر,male
Jafri,جفري,male
Jafur,جعفر,male
Jafurah,جعفريه,female
Jagger,,male
Jah,جاه,male
Jahaafil,جحافل,male
Jahaan,جهان,female
Jahan,جهان,female
Jahan-Aara,جهنرا,female
Jahanaara,جهنرا,female
Jahanafirin,جهنفرن,male
Jahanara,جهنرا,female
Jahandar,جهندر,male
Jahangeer,جهنجر,male
Jahangir,جهنجر,male
Jahanzeb,جهنزب,male
Jahd,جاهد,male
Jahda,جَهْدَاء,female
Jahdamah,جهدمة,female
Jahdami,جهدم,male
Jahdari,جحدر,male
Jaheem,,male
Jaheer,جهير,male
Jaheim,,male
Jahfar,جحفار,male
Jahhad,جهاد,male
Jahid,جهيد,male
Jahida,جاهدا,female
Jahidah,جهده,female
Jahiem,,male
Jahir,جهير,male
Jahiz,جاهز,male
Jahizah,جاهزه,female
Jahm,جاهم,male
Jahmyyllah,جهميلله,female
Jahsh,جحش,male
Jahudah,جهوده,female
Jaida,,female
Jaiden,,male
Jaidyn,,male
Jailene,,female
Jailyn,,female
Jaime,,male
Jaimee,,female
Jaimie,,male
Jair,,male
Jairo,,male
Jaish,جيش,male
Jaisha,جيشا,female
Jaiyana,جايين,female
Jajuan,,male
Jakayla,,female
Jake,,male
Jakob,,male
Jakobe,,male
Jal,جل,male
Jala,جعل,female
Jalaa,جلاء,female
Jalaal,جلال,male
Jalah,جاله,female
Jalal,جلال,male
Jalal-Al-Din,جلاللدن,male
Jalal-Ud-Din,جلالددن,male
Jaleb,جلب,male
Jalee,جالي,male
Jaleed,جليد,male
Jaleel,جليل,male
Jaleela,جليلة,female
Jaleelah,جليله,female
Jalees,جليس,female
Jaleesa,,female
Jaleesah,جليسه,female
Jalen,,male
Jalib,جليب,male
Jalil,جليل,male
Jalila,جليلة,female
Jalilah,جليله,female
Jalinoos,جالينوس,male
Jalis,جالس,male
Jalisa,,female
Jalissa,,female
Jaliyah,,female
Jalon,,male
Jalsaan,جالسان,female
Jalwa,جعلوا,female
Jalwan,جالون,male
Jalyn,,female
Jalynn,,female
Jamaal,جمال,male
Jamaal-Udeen,جمالد,male
Jamaan,جمان,male
Jamaima,جمما,female
Jamal,جمال,female
Jamal-Al-Din,جماللدن,male
Jamal-Ud-Din,جمالددن,male
Jamala,جمالا,female
Jamalah,جماله,female
Jamar,,male
Jamarcus,,male
Jamari,,male
Jamarion,,male
Jame,,male
Jameel,جميل,male
Jameela,جميلة,female
Jameelah,جميله,female
Jameelu,جميل,male
Jameena,جمعنا,female
Jameerah,جميرة,female
Jamel,,male
James,,male
Jamesha,جمشا,female
Jameson,,male
Jamey,,male
Jamhari,جمهر,male
Jami,جامع,male
Jamia,جميع,female
Jamie,,male
Jamil,جميل,male
Jamila,جميلة,female
Jamilaa,جميلا,female
Jamilah,جميله,female
Jamillah,جميله,female
Jamiloun,جاملن,male
Jamin,,male
Jamir,,male
Jamison,,male
Jamiya,,female
Jamlaa,جملاء,female
Jamlah,جمله,female
Jammana,جمانة,female
Jammaz,جماز,male
Jammie,,male
Jamshaid,جمشيد,male
Jamshed,جمشيد,male
Jamsheed,جمشيد,male
Jamuh,جامعه,male
Jamya,,female
Jan,جان,male
Jan-E-Alam,جانلم,male
Jan-Muhammad,جانمهمد,male
Jana,جانا,female
Janaah,جناح,male
Janaan,جنان,female
Janae,,female
Janafruz,جنفرز,female
Janan,جنان,male
Janasheen,جنسهن,male
Janat-Gul,جناتجل,male
Janay,,female
Jandarah,جندرة,male
Jane,,female
Janeen,,female
Janel,,female
Janell,,female
Janelle,,female
Janene,,female
Janessa,,female
Janet,,male
Janette,,female
Janey,,female
Janiah,,female
Janice,,male
Janie,,female
Janina,جنينة,female
Janine,,female
Janis,جنس,male
Janiya,,female
Janiyah,,female
Jann,,female
Janna,جنة,female
Jannaat,جنات,female
Jannah,جناح,female
Jannat,جنات,female
Jannette,,female
Jannie,,female
January,,female
Janyce,,female
Jaquan,,male
Jaquelin,,female
Jaqueline,,female
Jaquez,,male
Jaraah,جراح,male
Jarad,,male
Jaram,جرام,male
Jaran,جران,male
Jared,,male
Jareed,جريد,male
Jareem,جريم,male
Jareer,جرير,male
Jareh,جرح,male
Jaren,,male
Jaret,,male
Jarett,,male
Jari,جاري,male
Jarir,جرير,male
Jariya,جارية,male
Jariyah,جريح,male
Jarod,,male
Jaron,,male
Jarood,جارود,male
Jarrad,,male
Jarrar,جرار,male
Jarred,,male
Jarrell,,male
Jarret,,male
Jarrett,,male
Jarrod,,male
Jarullah,جرلله,male
Jarum,جرم,male
Jarvis,,male
Jase,,male
Jaseena,جزين,female
Jaseer,جسر,male
Jasen,,male
Jaser,جسر,male
Jasham,جشم,male
Jasia,جصية,female
Jasiah,,male
Jasim,جاسم,male
Jasim-Ud-Din,جسيمددن,male
Jasimah,جسيمة,female
Jasir,جسر,male
Jasiyah,جصية,female
Jaslene,,female
Jaslyn,,female
Jasmin,جاسمين,female
Jasmina,جاسمين,female
Jasmine,جاسمين,female
Jasmir,جسمير,male
Jasmyn,,female
Jasmyne,,female
Jason,,male
Jasoor,جسور,male
Jasper,,male
Jasrah,جزره,female
Jassar,جسار,male
Jassia,جصية,female
Jasur,جسور,male
Jathbiyya,جاذبية,female
Jathibiyya,جاذبية,female
Jauhar,جوهر,male
Jaul,جعل,male
Jaun,جون,male
Jaunita,,female
Javairea,جفرا,female
Javan,جافا,male
Javaneh,جفنه,female
Javanmard,جفنمرد,male
Javanshir,جفنشير,male
Javaria,جعفرية,female
Javed,جفيد,male
Javeed,جفيد,male
Javen,,male
Javeria,جعفرية,female
Javier,جعفر,male
Javion,,male
Javon,,male
Javonte,,male
Jawa,جوا,female
Jawaad,جواد,male
Jawabir,جوبير,male
Jawad,جواد,male
Jawahar,جواهر,female
Jawahir,جواهر,male
Jawaid,جاويد,male
Jawan,جوان,male
Jawara,جورى,male
Jawayriyah,جويريه,female
Jawd,جود,female
Jawda,جودة,female
Jawdah,جوده,female
Jawdan,جودان,male
Jawdat,جودة,male
Jawdi,جودي,male
Jawedan,جودان,female
Jawhar,جوهر,female
Jawhara,جوهرة,female
Jawharah,جوهره,female
Jawid,جاويد,male
Jawl,جول,female
Jawna,جونا,female
Jawwaad,جواد,male
Jawwad,جواد,male
Jax,,male
Jaxon,,male
Jaxson,,male
Jay,,male
Jayce,,male
Jaycee,,female
Jaycie,,female
Jayda,,female
Jaydan,,male
Jayde,,female
Jayden,,male
Jaydin,,male
Jaydon,,male
Jaye,,female
Jayed,جيد,male
Jayesh,جيش,male
Jayidah,جيده,female
Jayla,,female
Jaylah,,female
Jaylan,,male
Jaylee,,female
Jayleen,,female
Jaylen,,male
Jaylene,,female
Jaylin,,male
Jaylon,,male
Jaylyn,,female
Jaylynn,,female
Jayme,,male
Jaymes,,male
Jayne,,female
Jayson,,male
Jayvion,,male
Jayvon,,male
Jayyid,جيد,male
Jaza,جزى,female
Jazaa,جزاء,female
Jazal,جزل,female
Jazam,جزم,male
Jazee,جازي,male
Jazeel,جزيل,male
Jazeera,جزيرة,female
Jazel,جزيل,male
Jazey,جازي,male
Jazi,جازي,male
Jazib,جذب,male
Jazibiyya,جاذبية,female
Jazilaa,جزيلا,female
Jazilah,جزيلة,female
Jazim,جزم,male
Jazira,جزيرة,female
Jaziya,جزئيا,female
Jazlaan,جذلان,male
Jazlene,,female
Jazlyn,,female
Jazlynn,,female
Jazmin,,female
Jazmine,,female
Jazmyn,,female
Jazmyne,,female
Jazool,جزل,male
Jazoon,جاز,male
Jazub,جذب,male
Jean,,male
Jeana,,female
Jeane,,female
Jeanetta,,female
Jeanette,,female
Jeanie,,female
Jeanine,,female
Jeanmarie,,female
Jeanna,,female
Jeanne,,female
Jeannette,,female
Jeannie,,female
Jeannine,,female
Jeb,,male
Jed,,male
Jedediah,,male
Jedidiah,,male
Jeelan,جيلان,male
Jeff,,male
Jefferey,,male
Jefferson,,male
Jeffery,,male
Jeffie,,male
Jeffrey,,male
Jeffry,,male
Jehaan,جيهان,female
Jehan,جيهان,female
Jehandar,جهندر,male
Jehfil,جحفل,male
Jelani,,male
Jemal,,male
Jemima,,female
Jemimah,جممة,female
Jemina,جمعنا,female
Jena,جنة,female
Jenelle,,female
Jenifer,,female
Jenilee,,female
Jenna,جنة,female
Jennah,جناح,female
Jennette,,female
Jenni,,female
Jennie,,male
Jennifer,,male
Jenniffer,,female
Jennings,,male
Jenny,,female
Jens,,male
Jensen,,male
Jep,,male
Jeptha,,male
Jerad,,male
Jerald,,male
Jeraldine,,female
Jeramiah,,male
Jeramie,,male
Jeramy,,male
Jere,,male
Jered,,male
Jerel,,male
Jereme,,male
Jeremey,,male
Jeremiah,,male
Jeremie,,male
Jeremy,,male
Jergees,جرجيس,male
Jeri,,female
Jerica,,female
Jericho,جريشه,male
Jerilyn,,female
Jerilynn,,female
Jerimiah,,male
Jerimy,,male
Jermain,,male
Jermaine,,male
Jermey,,male
Jerod,,male
Jeroen,جرن,male
Jerold,,male
Jerome,,male
Jeromy,,male
Jerrad,,male
Jerrel,,male
Jerrell,,male
Jerri,,female
Jerrica,,female
Jerrie,,female
Jerrilyn,,female
Jerrod,,male
Jerrold,,male
Jerry,,male
Jerusha,,female
Jerwan,جروان,male
Jeryl,,female
Jesenia,,female
Jesica,,female
Jess,,male
Jesse,,male
Jessee,,male
Jessenia,جزين,female
Jessi,,female
Jessica,,male
Jessie,,male
Jessika,,female
Jessy,,male
Jessye,,female
Jesus,,male
Jethro,,male
Jett,,male
Jetta,,female
Jettie,,male
Jevon,,male
Jewana,جوانا,female
Jewel,,male
Jewell,,male
Jhilmil,جهلمل,female
Jhiraagh,جهراغ,male
Jian,جين,female
Jibal,جبال,male
Jibalah,جبله,female
Jibillah,جيبيلله,male
Jibla,جبلة,female
Jibraeel,جبريل,male
Jibrail,جبريل,male
Jibran,جبران,male
Jibreel,جبريل,male
Jibriil,جبريل,male
Jibril,جبريل,male
Jibriyal,جبريل,male
Jidah,جيده,female
Jihaad,جهاد,male
Jihad,جهاد,male
Jihadah,جهده,female
Jihan,جيهان,female
Jilan,جيلان,female
Jiles,,male
Jill,,female
Jillian,,female
Jim,,male
Jimena,,female
Jimmie,,male
Jimmy,,male
Jina,جينا,female
Jinan,جنان,male
Jinani,جناني,female
Jinnie,,female
Jiyaad,جياد,male
Jiyad,جيد,male
Jnab,جنب,male
Jnhih,جنهه,male
Jo,,female
Joan,,male
Joana,,female
Joanie,,female
Joann,,female
Joanna,,female
Joanne,,female
Joaquin,,male
Job,,male
Jobe,,male
Jocelyn,,female
Jocelyne,,female
Jocelynn,,female
Jodd,جود,male
Jodi,,female
Jodie,,male
Jody,,male
Joe,,male
Joel,,male
Joell,,female
Joella,,female
Joelle,,female
Joellen,,female
Joeseph,,male
Joesph,,male
Joetta,,female
Joette,,female
Joey,,male
Johan,,male
Johana,,female
Johanna,,female
Johannah,,female
Johar,جوهر,male
Johara,جوهرة,female
Johathan,,male
Johd,جهد,male
Johi,جوهي,female
John,,male
Johnathan,,male
Johnathon,,male
Johney,,male
Johnie,,male
Johnna,,female
Johnnie,,male
Johnny,,male
Johnpaul,,male
Johnson,,male
Johny,,male
Joi,,female
Joinda,جندى,male
Joindah,جنده,female
Joleen,,female
Jolene,,female
Jolette,,female
Jolie,,female
Joline,,female
Jon,,male
Jonah,جناح,male
Jonas,,male
Jonatan,,male
Jonathan,,male
Jonathon,,male
Jonell,,female
Jones,,male
Joni,,female
Jonna,,female
Jonnie,,male
Joodi,جودي,female
Joozhar,جوزهار,male
Joozher,جوزهر,male
Jordan,,male
Jorden,,male
Jordi,,male
Jordin,,female
Jordon,,male
Jordy,,male
Jordyn,,male
Joretta,,female
Jorge,,male
Jorja,,female
Jory,,male
Jose,,male
Josef,,male
Josefa,,female
Josefina,,female
Josefita,,female
Joselin,,female
Joseline,,female
Joseluis,,male
Joselyn,,female
Joseph,,male
Josephine,,male
Josephus,,male
Josette,,female
Josh,,male
Josha,جوش,male
Joshua,,male
Joshuah,,male
Josiah,,male
Josie,,female
Josiephine,,female
Joslyn,,female
Jossie,,female
Josue,,male
Joud,جود,male
Joudah,جوده,female
Journey,,female
Jovan,,male
Jovani,,male
Jovanni,,male
Jovanny,,male
Jovany,,male
Jovita,,female
Joy,,male
Joya,جوية,female
Joyce,,male
Joycelyn,,female
Joye,,female
Juail,جوال,male
Juan,,male
Juana,,female
Juanita,,female
Juayfir,جيفر,male
Juayl,جيل,male
Jubaihah,جبهة,female
Jubair,جبير,male
Jubayr,جبير,male
Jublah,جبله,female
Jubraan,جبران,male
Jubran,جبران,male
Jud,جود,male
Juda,جدا,male
Judaala,جدالا,female
Judah,,male
Judamah,جدامه,female
Juday,جودي,male
Judd,,male
Jude,جود,female
Judge,,male
Judi,جودي,female
Judie,,female
Judith,,male
Judiyah,جوديه,female
Judson,,male
Judy,جودي,female
Judyth,,female
Jugnu,جوجن,male
Juhainah,جهينه,female
Juhanah,جهينه,female
Juhaym,جحيم,male
Juhaymah,جحيمة,female
Juhaynah,جهينه,female
Juhi,جوهي,female
Jul,جعل,male
Julaybib,جليبيب,male
Jule,,male
Jules,,male
Juli,,female
Julia,,male
Julian,,male
Juliana,,female
Juliann,,female
Julianna,,female
Julianne,,female
Julie,,female
Julien,,male
Juliet,,female
Juliette,,female
Julio,,male
Julious,,male
Julisa,,female
Julissa,,female
Julius,,male
Juluis,,male
Juma,جمة,male
Jumaana,جومانا,female
Jumah,جماح,male
Jumail,جميل,male
Jumaimah,جممة,female
Jumaina,جومانا,female
Jumainah,جومانه,female
Jumal,جمل,male
Jumalaa,جوملا,female
Juman,جمان,female
Jumana,جومانا,female
Jumanah,جومانه,female
Jumaymah,جميمة,female
Jumaynah,جمينة,female
Jumlanah,جملنة,female
Jumlish,جمليش,male
Jummah,جماح,male
Jummal,جمال,male
Jumuah,جموح,male
Jun,جون,male
Junada,جنادة,male
Junah,جناح,female
Junaid,جنيد,male
Junaina,جنينة,female
Junainah,جنينه,female
Junayd,جنيد,male
Junayna,جنينة,female
Jundi,جندي,male
Jundub,جندب,male
June,,male
Juni,جوني,female
Junia,,female
Junie,,female
Junior,,male
Junious,,male
Junius,,male
Junna,جنة,female
Junnut,جنوط,female
Juraiw,جورو,male
Jurayj,جريج,male
Jurhad,جرحد,male
Juri,جوري,female
Jusair,جسر,male
Jusam,جسم,male
Jusamah,جسمه,male
Justen,,male
Justice,,male
Justin,,male
Justina,,female
Justine,,male
Juston,,male
Justus,,male
Justyn,,male
Juthamah,جثامة,male
Juveria,جعفرية,female
Juwaid,جويد,male
Juwain,جوين,male
Juwairiyah,جويريه,female
Juwan,جون,female
Juwariah,جوريه,female
Juwariyah,جوريه,female
Juwayn,جوين,male
Juwayriya,جويرية,female
Juwayriyah,جويريه,female
Juyal,جيل,male
Juzar,جزر,male
Juzer,جزر,male
Juzla,جزلة,female
Jwahir,جواهر,male
Jwairiya,جويرية,female
Kaab,كاب,male
Kaabir,كبير,male
Kaadih,قاضيه,male
Kaadiha,قاضيها,female
Kaamil,كامل,male
Kaamla,كاملة,female
Kaaren,,female
Kaarim,كارم,male
Kaarima,كريمة,female
Kaashif,كاشف,male
Kaazhim,كازهم,male
Kab,قاب,male
Kabaark,كبارق,male
Kabeer,كبير,male
Kabeera,كبير,female
Kabeerah,كبيره,female
Kabeesha,كبشة,female
Kabir,كبير,male
Kabira,كبيرة,female
Kabirah,كبيره,female
Kabshah,كبشة,female
Kacey,,female
Kaci,,female
Kacie,,female
Kacy,,female
Kadar,قادر,male
Kaddour,قدور,male
Kade,,male
Kadeem,قديم,male
Kadeen,كدين,male
Kadeer,قدير,male
Kaden,,male
Kadence,,female
Kader,قادر,male
Kadifa,قذيفة,female
Kadijah,,female
Kadin,كدين,male
Kadir,قدير,male
Kadira,قادرة,female
Kadri,قدري,male
Kadriya,قدرية,female
Kadshah,قادشة,female
Kadyn,,male
Kaeden,,male
Kael,,male
Kaela,,female
Kaelyn,,female
Kafalat,كفالة,male
Kafeel,كفيل,male
Kafi,كافي,male
Kafil,كفيل,male
Kafiyah,كافيه,female
Kahal,كاهل,female
Kaheela,كحيلة,female
Kaheesha,قحشة,female
Kahhalah,كاهله,female
Kahil,كحيل,male
Kahill,كحيل,male
Kahlaa,كهلا,female
Kahlil,,male
Kahlilia,كحليلية,female
Kahul,كحول,male
Kai,,male
Kaia,كيا,female
Kaiden,,male
Kaif,كيف,male
Kaifi,كيفي,male
Kaifiya,كيفية,female
Kaila,,female
Kailee,,female
Kailey,,female
Kailyn,,female
Kaim,قيم,male
Kaina,كائنا,female
Kainaat,كائنات,female
Kainat,كائنات,female
Kaiqad,كعقد,male
Kaisan,كيسان,male
Kaiser,قيصر,male
Kaitlin,,female
Kaitlyn,,female
Kaitlynn,,female
Kaiya,,female
Kajji,كج,male
Kakuli,كقول,female
Kala,قال,male
Kalaam,كلام,male
Kalam,كلام,male
Kalamuddin,كالمدن,male
Kalan,كلن,male
Kalbi,قلبي,male
Kale,,male
Kaleb,,male
Kaleel,قليل,male
Kaleem,كليم,male
Kaleema,كلمة,female
Kaleemah,كلمة,female
Kaleena,,female
Kaleigh,,female
Kalen,,male
Kalene,,female
Kaley,,female
Kali,قالي,female
Kalie,,female
Kalifah,كلفه,female
Kalil,قليل,male
Kalila,كليلة,female
Kalim,كلم,male
Kalim-Ud-Din,كالمددن,male
Kalima,كلمة,female
Kalimullah,كالإملله,male
Kaliq,قلق,male
Kaliyah,,female
Kallie,,female
Kalsam,كالسم,female
Kalsoom,كلثوم,female
Kalsum,كالسيوم,female
Kalsumah,كالسيومة,female
Kaltham,كلثم,female
Kalthum,كلثوم,female
Kalvin,,male
Kalyn,,female
Kamal,كمال,male
Kamalah,كامله,female
Kamali,كامل,male
Kamaliyah,كمالية,female
Kamaliyyah,كمالية,female
Kamaluddeen,كاملد,male
Kamaluddin,كاملدن,male
Kamari,,male
Kamayel,كميل,male
Kamayilah,كميله,female
Kambiz,قمبيز,male
Kamden,,male
Kameel,كميل,male
Kameela,كاميلا,female
Kamel,كامل,male
Kameron,,male
Kami,,female
Kamil,كامل,male
Kamila,كاملة,female
Kamilaa,كاميلا,female
Kamilah,كامله,female
Kamilan,كاميلا,male
Kamilat,كاملات,female
Kamillaa,كاميلا,female
Kamish,قميصه,male
Kamlan,كاملا,male
Kamna,قمنا,female
Kamora,,female
Kamra,قمرا,female
Kamran,قمران,male
Kamren,,male
Kamron,,male
Kamryn,,male
Kamshad,كمشد,male
Kamush,قاموسه,male
Kamyar,كامير,male
Kandace,,female
Kandi,,female
Kandice,,female
Kandus,قندس,female
Kandy,,female
Kane,,male
Kaneez,كنيز,female
Kaneezah,كنزه,female
Kanesha,,female
Kani,كأني,female
Kania,كنية,female
Kaniaw,كانو,female
Kanisha,,female
Kaniz,كنز,female
Kanizah,كنزه,female
Kanoom,كانم,male
Kanval,كنفال,female
Kanwal,كانوال,female
Kanye,,male
Kanz,كنز,female
Kanza,كنزا,female
Kanzah,كنزه,female
Kanzuddin,كنزدن,male
Kara,,female
Karaamat,كرامات,male
Karam,كرم,male
Karamah,كرامه,female
Karamat,كرامات,male
Karamullah,قرمله,male
Karan,,female
Karawan,كروان,female
Kardal,كردل,male
Kardar,كردر,male
Kardawaiyah,قرضاوية,female
Kardawiyah,قرضاوية,female
Kareef,قرف,male
Kareem,كريم,male
Kareema,كريما,female
Kareemah,كريمه,female
Kareen,كارين,female
Karel,,female
Karen,,male
Kari,,female
Karida,كريدى,female
Karie,,female
Karif,قرف,male
Karim,كريم,male
Karima,كريمة,female
Karimah,كريمه,female
Kariman,كاريمان,female
Karin,,female
Karina,,female
Karis,,female
Karissa,,female
Karl,,male
Karla,,female
Karlee,,female
Karlene,,female
Karley,,female
Karli,,female
Karlie,,female
Karly,,female
Karma,كرما,female
Karman,كارمن,male
Karmani,كرماني,male
Karol,,female
Karolyn,,female
Karon,,female
Karoobi,قروب,male
Karraar,قرار,male
Karram,كرم,male
Karrar,قرار,male
Karren,,female
Karri,,female
Karrie,,female
Karrum,كرم,male
Karson,,male
Karsyn,,female
Karter,,male
Karukar,كروكر,male
Karyl,,female
Karyme,,female
Karyn,,female
Kas,كاس,female
Kasam,قسم,male
Kasandra,,female
Kaseeb,كسب,male
Kaseem,قسم,male
Kaseer,قصير,male
Kasen,,male
Kasey,,male
Kash,,male
Kashaaf,كشاف,male
Kashaf,كشف,male
Kashan,كاشان,male
Kashef,كاشف,male
Kashfi,كشفي,male
Kashfia,كشفية,female
Kashfiya,كشفية,female
Kashida,قشدة,female
Kashif,كاشف,male
Kashifa,كاشفة,female
Kashifah,كاشفه,female
Kashira,قشرة,female
Kashish,كشيش,female
Kashmala,كشملا,female
Kashooda,قشدة,female
Kashud,كأشد,female
Kasib,كسب,male
Kasie,,female
Kasim,قسم,male
Kasir,قصير,male
Kasirah,كثيره,female
Kason,,male
Kasool,كسول,female
Kasoor,قصور,male
Kasra,كسرة,female
Kasran,قاصرا,male
Kassab,كسب,male
Kassandra,,female
Kassidy,,female
Kassie,,female
Kasturi,كاستر,female
Katana,كتانة,female
Katarina,,female
Kate,,female
Kateb,كاتب,male
Kateebah,كتيبه,female
Katelin,,female
Katelyn,,female
Katelynn,,female
Katerina,,female
Kathaleen,,female
Katharina,,female
Katharine,,female
Katharyn,,female
Katherin,,female
Katherine,,male
Kathern,,female
Katheryn,,female
Kathey,,female
Kathi,,female
Kathie,,female
Kathir,كثير,male
Kathirah,كثيره,female
Kathleen,,male
Kathlene,,female
Kathlyn,,female
Kathrine,,female
Kathryn,,male
Kathryne,,female
Kathy,,female
Kathyrn,,female
Kati,,female
Katia,,female
Katib,كاتب,male
Katibah,قتيبه,female
Katie,,female
Katina,,female
Katlin,,female
Katlyn,,female
Katlynn,,female
Katrina,,female
Kattam,كاتم,male
Kattamah,كاتمه,female
Kattie,,female
Katy,,female
Kaukab,كوكب,male
Kaureen,كارين,female
Kausar,قصر,male
Kauser,قصر,female
Kausir,قصير,male
Kavon,,male
Kawakib,كوكب,female
Kawkab,كوكب,male
Kawkaba,كوكبة,female
Kawnaa,كونا,female
Kawnah,كونه,female
Kawnain,كونين,female
Kawtar,كوتر,female
Kawthar,كوثر,male
Kay,,male
Kaya,,female
Kayan,كاين,male
Kayaneh,كيانه,female
Kayani,كياني,male
Kaycee,,female
Kayden,,male
Kaydence,,female
Kaye,,male
Kayid,قيد,male
Kaykaus,كايكوس,male
Kayla,كيلا,female
Kaylah,,female
Kaylan,,female
Kaylee,,female
Kayleigh,,female
Kaylen,,female
Kaylene,,female
Kayley,,female
Kayli,,female
Kaylie,,female
Kaylin,,female
Kaylyn,,female
Kaylynn,,female
Kaysah,كيسه,female
Kaysan,كيسان,male
Kayvan,كيفن,male
Kazhal,قزحل,female
Kazi,قزي,male
Kazim,كاظم,male
Kazima,كاظمة,female
Kazimah,كاظمه,female
Kaziwa,كازو,female
Kazuko,,female
Kazuo,,male
Keagan,,male
Keandre,,male
Keanna,,female
Keanu,,male
Keara,,female
Keaton,,male
Kebira,كبيرة,female
Kecia,,female
Kedar,قدر,male
Kedma,قدما,female
Keegan,,male
Keeley,,female
Keely,,female
Keena,,female
Keenan,,male
Keenda,كيندا,female
Keenen,,male
Keesha,,female
Kegan,,male
Kehara,قهرا,female
Kehkashan,كحقشا,female
Keifer,,male
Keihana,كيهان,female
Keila,,female
Keion,,male
Keira,,female
Keisha,,female
Keith,,male
Keivandokht,كيفاندخة,female
Kelan,,male
Kelby,,male
Kelcie,,female
Keli,,female
Kelia,كلية,female
Kelis,,female
Kellan,,male
Kellee,,female
Kellen,,male
Kelley,,male
Kelli,,female
Kellie,,female
Kelly,,male
Kelsea,,female
Kelsey,,male
Kelsi,,female
Kelsie,,female
Kelton,,male
Kelvin,,male
Kem,,male
Ken,,male
Kenan,,male
Kendaa,كندا,female
Kendal,,male
Kendall,,male
Kendell,,male
Kendra,,female
Kendrick,,male
Kenia,,female
Kenisha,,female
Kenji,,male
Kenley,,female
Kenna,,female
Kennard,,male
Kennedi,,female
Kennedy,,male
Kenneth,,male
Kenney,,male
Kennith,,male
Kennth,,male
Kenny,,male
Kent,,male
Kenton,,male
Kenya,,male
Kenyatta,,male
Kenyon,,male
Kenza,كنزة,female
Kenzie,,female
Keon,,male
Kerbal,كربل,male
Keri,,female
Kermit,,male
Kerri,,female
Kerrie,,female
Kerry,,male
Kerwin,,male
Kesha,,female
Keshaun,,male
Keshawn,,male
Keshia,,female
Kevan,,male
Keven,,male
Kevin,,male
Kevon,,male
Keyaan,كيان,male
Keyan,كيان,male
Keyanaz,كينز,female
Keyandokht,كيندخة,female
Keyla,,female
Keyon,,male
Keyshawn,,male
Keyvan,كيفن,male
Khaadhi,خاضع,male
Khaaliq,خالق,male
Khaalish,خالصه,male
Khaalud,خالد,male
Khaasyi,خصي,male
Khaatim,خاتم,male
Khaazin,خازن,male
Khabbab,خباب,male
Khabeer,خبير,male
Khabiir,خبير,male
Khabir,خبير,male
Khabira,خبيرة,female
Khabirah,خبيره,female
Khabur,خبر,male
Khadamullah,خدملله,male
Khadeej,خديج,male
Khadeeja,خديجة,female
Khadeer,خضير,male
Khadiga,خديجة,female
Khadija,خديجة,female
Khadijah,خديجه,female
Khadijha,خديجه,female
Khadim,خادم,male
Khadin,خدين,male
Khadra,خضرة,female
Khadujah,خدوجة,female
Khafid,خفيض,male
Khafif,خفيف,male
Khafifa,خفيفة,female
Khafifah,خفيفه,female
Khafiz,كحافز,male
Khaila,كحيلة,female
Khailad,خالد,male
Khair,خير,male
Khair-Al-Din,خيرالدين,male
Khaira,خير,female
Khairaan,خيران,male
Khairaat,خيرات,female
Khairah,خيره,female
Khairat,خيرات,male
Khairi,خير,male
Khairiya,خيرية,female
Khairuddin,خردن,male
Khairudeen,خرد,male
Khairul-Bashar,خيرعلبشر,male
Khairullah,خيرلله,male
Khairun-Nisa,خيروننصا,female
Khairy,خيري,male
Khaista,خاصتا,male
Khak,خاك,male
Khakshan,خكشا,female
Khalaf,خلاف,male
Khalaf-Hasan,خلفهسا,male
Khalam,كحلم,male
Khaldaa,خالدا,female
Khaldan,خالدا,male
Khaldoon,خلدون,male
Khaldun,خلدون,male
Khaled,خالد,male
Khaleed,خليد,male
Khaleedah,خليدة,female
Khaleef,خليف,female
Khaleefa,خليفة,female
Khaleel,خليل,male
Khaleela,خليلا,female
Khaleeq,خليق,male
Khalees,خليص,male
Khaleesah,خلصه,female
Khalfun,خالفن,male
Khali,خلي,male
Khalid,,male
Khalid-Bin-Walid,خالدبنولد,male
Khalida,خالدة,female
Khalidah,خالده,female
Khalidin,خالدين,male
Khalidun,خالدون,male
Khalifa,خليفة,male
Khalifah,خليفه,male
Khalifat,خليفة,male
Khalil,خليل,male
Khalil-Al-Allah,خليلللله,male
Khalila,خليلا,female
Khalilah,خليله,female
Khalilalallah,خليلللله,male
Khalilullah,خليللله,male
Khaliq,خلق,male
Khaliq-Us-Subhan,خلقصسبها,male
Khaliq-Uz-Zaman,خلقززما,male
Khaliqus-Subhan,خلقصسبها,male
Khalis,خالص,male
Khalisa,خالصة,female
Khalisah,خالصه,female
Khaliyah,خاليه,female
Khallad,خالد,male
Khallaq,خلق,male
Khalsat,خلصت,female
Khalud,خالد,male
Khalulah,خلله,female
Khaluq,خلق,male
Khalwat,خلوت,female
Khamrah,خمره,female
Khan,خان,male
Khanam,خانم,female
Khandan,خندا,male
Khandawar,خندور,male
Khani,خاني,female
Khannas,خناس,male
Khansa,خنثى,female
Khansaa,خنساء,female
Khanum,خانوم,female
Khaperai,خبري,female
Khaqan,خاقان,male
Kharaman,خرما,female
Khari,,male
Kharijah,خارجه,female
Kharo,خر,female
Kharqa,خارقة,female
Khasab,خصب,male
Khasabah,خصبه,female
Khaseeb,خصيب,male
Khashar,خشر,female
Khashayar,خشير,male
Khashi,خشي,male
Khashia,خشية,female
Khashifa,خشيف,female
Khasib,خصيب,male
Khasiba,خصيبة,female
Khasibah,خصيبة,female
Khassal,خصال,male
Khatar,خاطر,male
Khateeb,خطيب,male
Khateer,خطير,male
Khatera,خاطرة,female
Khaterah,خاطره,female
Khatereh,خاطره,female
Khathib,خذيب,male
Khathir,خاثر,male
Khaththab,خذتهاب,male
Khatib,خطيب,male
Khatiba,خطيبة,female
Khatibah,خطيبه,female
Khatijah,خطيجة,female
Khatir,خاطر,male
Khatira,خاطرة,female
Khatoon,خاتون,female
Khatrah,خاطره,female
Khattar,خاطر,male
Khaula,خولة,male
Khavar,خفر,female
Khawar,خور,male
Khawara,خورة,female
Khawatir,خواطر,male
Khawdan,خودا,female
Khawla,خولة,female
Khawlah,خوله,female
Khawli,خولي,male
Khawwas,خواص,male
Khawwat,قهوة,male
Khayaam,خيام,male
Khayal,خيال,male
Khayr,خير,male
Khayrah,خيره,female
Khayrat,خيرات,male
Khayree,خيري,male
Khayri,خير,male
Khayriyah,خيريه,female
Khayriyya,خيرية,female
Khayriyyah,خيريه,female
Khayrullah,خيرلله,male
Khayyam,خيام,male
Khayyar,خير,male
Khayyat,خياط,male
Khayyir,خييير,male
Khayyira,خيرا,female
Khazana,خزانة,male
Khazanah,خزانة,female
Khazeena,خزينة,female
Khazeer,خزر,male
Khazin,خزين,male
Khazraa,خزر,female
Khazran,خيزران,male
Khazrat,خزراة,female
Khazzarah,خزارة,female
Kheer,خير,male
Khibrah,خبره,female
Khidash,خداش,male
Khidir,خضير,male
Khidr,خضر,male
Khidrah,خضره,female
Khilaal,خلال,female
Khilfah,خلفه,female
Khilfat,خلفت,female
Khimar,خمار,female
Khimrah,خمره,female
Khinzeer,خنزير,male
Khiraa,خيرا,female
Khirad,خرد,female
Khirash,خراش,male
Khiry,,male
Khisb,خصب,male
Khisbah,خصبة,female
Khitab,خطاب,male
Khitam,ختام,female
Khitfa,خطفا,female
Khiyar,خيار,male
Khizar,خزر,male
Khizra,خزر,female
Khloe,,female
Khoda-Daad,خدادد,male
Khog,خوج,male
Khojassteh,خجسته,female
Khojasteh,خجسته,female
Kholah,خوله,female
Khoorsheeda,خورشيد,female
Khooshbakht,خشبخة,female
Khorshed,خورشيد,male
Khorshid,خورشيد,female
Khoshnud,خشند,male
Khosrau,خسرو,male
Khoulad,خلاد,male
Khoury,خوري,male
Khubaib,خبيب,male
Khubayb,لتي,male
Khubchehr,خبشهر,female
Khuda-Bakhsh,خضابخش,male
Khudamah,خدمة,female
Khuder,خضر,male
Khudra,خضرة,female
Khudrah,خضره,female
Khufaf,خفف,male
Khufair,خفير,male
Khujasstah,خوجستة,female
Khulaid,خليد,male
Khulaidah,خليدة,female
Khulaif,خليف,male
Khulaifah,خليفه,female
Khulaisah,خلاصة,female
Khulat,خولة,female
Khulaybah,خليبة,female
Khulayd,خليد,male
Khuld,خلد,female
Khullah,خلله,female
Khulood,خلود,female
Khuloud,خلود,female
Khulud,خلود,female
Khulum,كحلم,male
Khulus,خلص,male
Khuml,خمل,male
Khunays,خنيس,male
Khuram,خرم,male
Khurami,خرمي,male
Khuraym,خريم,male
Khuraymah,خريمة,male
Khurmi,خرمي,female
Khurram,خرم,male
Khursheed,خورشيد,male
Khurshid,خورشيد,male
Khusaib,خصيب,male
Khusaibah,خصيبة,female
Khusaif,خصيف,male
Khusbakht,خصبخة,female
Khush-Bakht,خشبخة,male
Khushal,خوشل,male
Khushbakht,خشبخة,female
Khushbu,خشب,female
Khushdel,خوشدل,male
Khushdil,خوشدل,male
Khushhaal,خصهال,male
Khushnood,خشند,female
Khushnuda,خشندا,female
Khushtar,خشتر,male
Khusrow,خسرو,male
Khuta,خطة,female
Khuwaid,خود,female
Khuwailah,خوله,female
Khuwailid,خويلد,male
Khuwairah,خوره,female
Khuwaylah,خويلة,female
Khuzaimah,خزيمة,female
Khuzama,خزامى,female
Khuzamah,خزامة,female
Khuzami,خزامي,male
Khuzarah,خزارة,female
Khuzayma,خزيمة,male
Khuzaymah,خزيمة,male
Khuzrah,خزرة,female
Khwaja,خوجة,male
Khwazun,خوزن,male
Khyber,خيبر,male
Kia,,female
Kiah,كيه,female
Kian,,male
Kiana,كيانا,female
Kianna,,female
Kiara,كرة,female
Kiarra,,female
Kibaar,كبار,male
Kibria,كبريا,male
Kiefer,,male
Kiel,,male
Kiera,,female
Kieran,,male
Kierra,,female
Kiersten,,female
Kieth,,male
Kifah,كيفه,female
Kifahah,كفاحه,female
Kifat,كيفة,male
Kifayah,كفايه,female
Kifayat,كيفية,male
Kifayatullah,كفاياتلله,female
Kifl,قفل,male
Kiley,,male
Killian,,male
Kim,,male
Kimball,,male
Kimber,,female
Kimberely,,female
Kimberlee,,female
Kimberley,,female
Kimberli,,female
Kimberlie,,female
Kimberly,,male
Kimia,قيمة,female
Kimiya,كمية,female
Kimora,,female
Kinan,قينان,male
Kinana,كنانة,female
Kinanah,كنانه,female
Kinani,قناني,male
Kindah,كنده,female
Kindi,كيندي,male
Kindiyyah,كنديه,female
Kindra,,female
King,,male
Kingston,,male
Kinley,,female
Kinsey,,female
Kinsley,,female
Kinte,,male
Kinza,كينز,female
Kip,,male
Kipp,,male
Kira,,female
Kiram,كيرم,female
Kiran,كيران,female
Kirby,,male
Kirk,,male
Kirsten,,female
Kirstie,,female
Kirstin,,female
Kirt,,male
Kisha,,female
Kishwa,قشوع,male
Kishwar,قشور,female
Kiswa,قيسوا,female
Kiswar,قصور,female
Kit,,male
Kittie,,female
Kitty,,female
Kiya,,female
Kiyoko,,female
Kiyoshi,,male
Kizzie,,female
Kizzy,,female
Knox,,male
Knute,,male
Kobe,,male
Kobra,كبرى,female
Koby,,male
Kochai,كوشي,female
Koda,,male
Kody,,male
Koen,,male
Kohinoor,كهنور,female
Kohl,كحل,female
Koila,كيلا,female
Kokab,كوكب,male
Kolby,,male
Kole,,male
Kolten,,male
Kolton,,male
Komal,كمال,female
Komila,كميلة,female
Konner,,male
Konnor,,male
Kontara,كونترا,female
Koosha,كوشة,male
Korbin,,male
Kordell,,male
Korey,,male
Kori,,female
Korina,قورينا,female
Kortney,,female
Kory,,male
Kourosh,كورش,male
Kourtney,,female
Kowaisah,كويسه,female
Kowkab,كوكب,male
Kraig,,male
Kris,,male
Krish,,male
Krissy,,female
Krista,,female
Kristal,,female
Kristan,,female
Kristen,,male
Kristi,,female
Kristian,,male
Kristie,,female
Kristin,,male
Kristina,,female
Kristine,,female
Kristofer,,male
Kristoffer,,male
Kristopher,,male
Kristy,,female
Kristyn,,female
Krysta,,female
Krystal,,female
Krysten,,female
Krystin,,female
Krystina,,female
Krystle,,female
Kuaybah,كيبة,female
Kubra,كبرى,female
Kufah,كفاح,female
Kuhaylah,كحيله,female
Kulaisim,كلثم,female
Kulbahar,قلبهار,female
Kulfah,كلفه,female
Kulfat,كلفت,female
Kulsoom,كلثوم,female
Kulsumah,كلثومة,female
Kulthoom,كلثوم,female
Kulthoum,كلثوم,female
Kulthum,كلثوم,female
Kulus,قلوس,female
Kumail,كميل,male
Kumailah,كميله,female
Kumailiyah,كمالية,female
Kunaizah,كنزه,female
Kundas,قندس,female
Kunta,,male
Kunza,كنزا,female
Kuraiman,كريمان,male
Kuram,كرم,female
Kurayb,قريب,male
Kurt,,male
Kurtis,,male
Kutaiba,قتيبة,male
Kuwaysah,كويسه,female
Kwairah,كوره,female
Kwame,,male
Kya,,female
Kyan,,male
Kyara,,female
Kyda,كيدا,female
Kyla,,female
Kylah,,female
Kylan,,male
Kyle,,male
Kylee,,female
Kyleigh,,female
Kylene,,female
Kyler,,male
Kylie,,female
Kymani,,male
Kyna,كينا,female
Kyra,,female
Kyree,,male
Kyrie,,female
Kyson,,male
Laaibah,لاعبه,female
Laaiqah,لايقه,female
Laal,لال,female
Laamih,لامعه,male
Labbaanah,لبانه,female
Labeeq,لبق,male
Labeeqa,لبقة,female
Labib,لبيب,male
Labiba,لبيبة,female
Labid,لبيد,male
Labis,لابس,male
Labisah,لابسه,female
Lablab,لبلب,male
Labon,لابن,male
Lacey,,male
Laci,,female
Lacie,,female
Lacy,,male
Ladan,لادن,female
Ladarius,,male
Laddie,,male
Ladeenaa,لدينا,female
Ladeenah,لدينه,female
Ladonna,,female
Lady,,female
Lafayette,,male
Lafe,,male
Lafiza,لفظة,female
Laham,لأهم,male
Lahiah,لاهيه,male
Lahifa,لهيفا,female
Lahiq,لاحق,male
Lahjah,لهجه,female
Lahoma,,female
Lahzah,لحظه,female
Laiba,لعبة,female
Laibah,لعبه,female
Laidan,ليدن,male
Laiha,لائحة,female
Lail,ليل,female
Laila,ليلى,female
Lailaa,ليلا,female
Lailah,,female
Lailan,ليلا,female
Lailat,ليلة,female
Laily,ليلي,female
Lainey,,female
Laiq,لائق,male
Laiqa,لائقة,female
Lais,ليس,male
Laisha,,female
Laith,ليث,male
Laithaa,ليتها,female
Laithah,لذه,female
Laithi,ليث,male
Lajbar,لاجبار,male
Lajlaj,لجلج,male
Lakeisha,,female
Laken,,female
Lakendra,,female
Lakesha,,female
Lakeshia,,female
Lakhsha,لخصها,female
Lakhta,لخطة,female
Lakia,لاقية,female
Lakisha,,female
Lala,لالة,female
Lalaa,لالا,female
Lalee,للي,female
Laleh,لله,female
Lalezar,للزر,female
Lalla,,female
Lalma,للما,female
Lalzari,للزرع,female
Lama,لما,female
Lamaah,لماح,female
Lamaan,لامان,female
Lamah,لامه,female
Lamar,,male
Lamarcus,,male
Lamba,لمبة,female
Lambert,,male
Lamee,لامي,male
Lameek,لامك,male
Lamees,لميس,female
Lami,لم,male
Lamia,لميا,female
Lamiah,لمياه,female
Lamihah,لمحه,female
Lamis,لميس,female
Lamisa,لميس,female
Lamisah,لمسه,female
Lamiya,لامية,female
Lamont,,male
Lamonte,,male
Lamya,لميا,female
Lana,لنا,female
Lance,,male
Landa,لندا,female
Landan,,male
Landen,,male
Landin,,male
Landon,,male
Landyn,,male
Lane,,male
Lanette,,female
Laney,,female
Lani,,female
Lanie,,female
Lanika,لانكا,female
Lanita,,female
Lannie,,male
Lanny,,male
Laqeet,لقيت,male
Laquan,,male
Laquita,,female
Lara,,female
Larae,,female
Laraib,لاريب,female
Laraine,,female
Larisaa,لاريسا,female
Larissa,,female
Lark,,male
Larkin,,male
Laron,,male
Larry,,male
Lars,,male
Larue,,male
Lary,,male
Lasani,لساني,male
Laseef,لصيف,female
Lashanda,,female
Lashawn,,male
Lashirah,لشرح,female
Lashonda,,female
Lashunda,,female
Lasiniyyah,لثنييية,female
Laskhar,لصخر,male
Lasnaa,لسنا,female
Lasonya,,female
Lassie,,female
Latafat,لطافة,female
Latanya,,female
Latarsha,,female
Latasha,,female
Latayif,لطيف,female
Latee,لتي,male
Lateefa,لطيفة,female
Lateefah,لطيفه,female
Latesha,,female
Latif,لطيف,female
Latifa,لطيفة,female
Latifah,لطيفه,female
Latifi,لاتيفي,male
Latimah,لطمه,female
Latisha,,female
Latonia,,female
Latonya,,female
Latoria,,female
Latosha,,female
Latoya,,female
Latoyia,,female
Latrell,,male
Latrice,,female
Latricia,,female
Latrina,,female
Launa,,female
Laura,,male
Laurance,,male
Laureen,,female
Laurel,,male
Lauren,,male
Laurence,,male
Laurene,,female
Lauretta,,female
Laurette,,female
Lauri,,female
Laurie,,male
Laurine,,female
Lauryn,,female
Lavada,,female
Lavar,,male
Laveen,لافين,female
Lavelle,,female
Lavenia,,female
Lavera,,female
Lavern,,male
Laverna,,female
Laverne,,male
Lavina,,female
Lavinia,,female
Lavon,,male
Lavona,,female
Lavonda,,female
Lavonia,,female
Lavonne,,female
Lawahiz,لوحظ,female
Lawaiza,لويزا,female
Lawanda,,female
Laweeh,لويه,female
Lawerence,,male
Lawrance,,male
Lawrence,,male
Lawson,,male
Lawton,,male
Lawyer,,male
Layaal,ليال,female
Layaan,ليان,female
Layali,ليالي,female
Layan,لاين,female
Layana,لينا,female
Layina,لعينة,female
Layla,ليلة,female
Laylah,,female
Layliyyah,ليليه,female
Layly,ليلي,female
Layne,,male
Layth,ليث,male
Layton,,male
Layyah,ليه,female
Layyanah,لينه,female
Layyasah,لايصح,female
Layyin,لييين,female
Layyina,لينا,female
Lazaro,,male
Lazim,لازم,male
Lazimah,لازمه,female
Le,,male
Lea,,male
Leafy,,female
Leah,,female
Leala,,female
Leamon,,male
Leana,,female
Leander,,male
Leandra,,female
Leandro,,male
Leaner,,female
Leann,,female
Leanna,,female
Leanne,لين,female
Leatha,,female
Leatrice,,female
Leda,,female
Lee,,male
Leeann,,female
Leem,لم,female
Leen,لين,female
Leena,لينا,female
Leeniyyah,لنية,female
Leeroy,,male
Leesa,,female
Leia,,female
Leif,,male
Leigh,,male
Leighton,,male
Leila,ليلى,female
Leilah,لتي,male
Leilani,,female
Leisa,,female
Leisha,,female
Leitha,,female
Lela,,female
Lelah,,female
Leland,,male
Lelar,,female
Lelia,,female
Lella,,female
Lem,,male
Lema,لما,female
Lemma,,female
Lemmie,,male
Lemon,,male
Lempi,,female
Lemuel,,male
Len,,male
Lena,,male
Lenard,,male
Lenna,,female
Lennie,,male
Lennon,,male
Lenny,,male
Lenon,,male
Lenora,,female
Lenord,,male
Lenore,,female
Lenwood,,male
Leo,,male
Leola,,female
Leoma,,female
Leon,,male
Leona,,male
Leonard,,male
Leonardo,,male
Leonce,,male
Leone,,female
Leonel,,male
Leonia,,female
Leonidas,,male
Leonie,,female
Leonor,,female
Leonora,,female
Leonore,,female
Leontine,,female
Leopold,,male
Leopoldo,,male
Leora,,female
Leota,,female
Lera,,female
Leroy,,male
Les,,male
Lesa,,female
Lesia,,female
Leslee,,female
Lesley,,male
Lesli,,female
Leslie,,male
Lesly,,female
Less,,male
Lessie,,male
Lesta,,female
Lester,,male
Leta,,female
Letha,,female
Lethia,,female
Leticia,,female
Letitia,,female
Letta,,female
Lettie,,female
Letty,,female
Leva,,female
Levar,,male
Levern,,male
Levi,,male
Levie,,male
Levin,,male
Levina,,female
Levon,,male
Levy,,male
Lew,,male
Lewis,,male
Lex,,male
Lexi,,female
Lexie,,male
Lexis,,female
Lexus,,female
Leyla,ليلى,female
Leylak,ليلك,female
Lhaam,لحام,female
Lia,,female
Liam,,male
Liana,,female
Liane,,female
Liaqat,لياقة,male
Liaquat,لياقوت,male
Liba,لعبة,female
Liban,ليبان,male
Libbie,,female
Libby,,female
Liberty,,female
Lida,,female
Liddie,,female
Lidia,,female
Lidie,,female
Lige,,male
Lila,للأ,female
Lilah,لله,female
Lilburn,,male
Lilia,ليليا,female
Lilian,,female
Liliana,,female
Lilianna,,female
Lilie,,female
Lilla,,female
Lillard,,male
Liller,,female
Lillia,,female
Lillian,,male
Lilliana,,female
Lillianna,,female
Lillie,,male
Lillis,,female
Lilly,,female
Lilufar,للفأر,female
Lily,,female
Lilyan,,female
Lilyana,,female
Lim,,male
Limazah,لمزة,male
Lina,لتي,male
Linah,لينه,female
Lincoln,,male
Linda,,male
Lindbergh,,male
Lindell,,male
Linden,,male
Lindsay,,male
Lindsey,,male
Lindy,,male
Linette,,female
Link,,male
Linn,,male
Linna,,female
Linnea,,female
Linnie,,male
Linsey,,female
Linton,,male
Linus,,male
Linwood,,male
Linzy,,male
Lionel,,male
Liqa,لقى,female
Lisa,,male
Lisan,لسان,male
Lisandro,,male
Lisanuddin,لصندن,male
Lisbeth,,female
Lise,,female
Lisette,,female
Lish,,male
Lisha,,female
Lisle,,male
Lissa,,female
Lissette,,female
Lissie,,female
Liston,,male
Lita,,female
Litha,,female
Littie,,female
Little,,male
Littleton,,male
Litzy,,female
Livia,,female
Liwaa,لواء,female
Liyana,لينا,female
Liyaqah,لياقه,male
Liyaqat,لياقة,male
Liz,,female
Liza,لذا,female
Lizabeth,,female
Lizbeth,,female
Lizeth,,female
Lizette,,female
Lizzie,,male
Llewellyn,,male
Lloyd,,male
Lockie,,female
Loda,,female
Lodhi,لذي,male
Logan,,male
Lohrasb,لحراسب,male
Lois,,male
Lokman,لقمان,male
Lola,,male
Lolita,,female
Lolla,,female
Lollie,,female
Loma,,female
Lon,,male
Lona,,female
London,,male
Londyn,,female
Lone,,male
Loney,,male
Long,,male
Loni,,female
Lonie,,male
Lonna,,female
Lonnie,,male
Lonny,,male
Lonzo,,male
Lora,,male
Loraine,,female
Loran,,male
Lorayne,,female
Lorean,,female
Loree,,female
Loreen,,female
Lorelai,,female
Lorelei,,female
Loren,,male
Lorena,,female
Lorene,,female
Lorenz,,male
Lorenza,,male
Lorenzo,,male
Loretta,,female
Loretto,,female
Lori,,female
Loria,,female
Loriann,,female
Lorie,,female
Lorin,,male
Lorinda,,female
Lorine,,female
Loring,,male
Loris,,female
Lorna,,female
Lorne,,male
Lorraine,,female
Lorrayne,,female
Lorri,,female
Lorrie,,female
Lossie,,female
Lota,,female
Lotfi,لطفي,male
Lott,,male
Lotta,,female
Lottie,,female
Lou,,male
Louann,,female
Louanna,,female
Louella,,female
Louetta,,female
Louie,,male
Louis,,male
Louisa,,female
Louise,,male
Louisiana,,female
Loula,,female
Lourdes,,female
Louvenia,,female
Love,,male
Lovell,,male
Lovett,,male
Lovey,,female
Lovie,,male
Lovina,,female
Lovisa,,female
Lowell,,male
Loy,,male
Loyal,,male
Loyce,,female
Loyd,,male
Lraaz,لرز,female
Lu,,female
Lu-Luah,لولوه,female
Luai,لي,male
Luana,,female
Luann,,female
Luanne,,female
Luay,لؤي,male
Lubaaba,لبابا,female
Lubab,لباب,female
Lubaba,لبابا,female
Lubabaa,لبابا,female
Lubabah,لبابه,female
Lubaib,لبيب,male
Lubaibah,لبيبه,female
Lubaid,لبيد,male
Luban,لبن,female
Lubana,لبنى,female
Lubanah,لبنه,female
Lubayd,لبيد,male
Lubena,لبنى,female
Luberta,,female
Lubina,لبينا,female
Lublubah,لبلبه,female
Lubna,لبنى,female
Luc,,male
Luca,,male
Lucas,,male
Lucero,,female
Lucetta,,female
Lucia,,female
Lucian,,male
Luciana,,female
Luciano,,male
Lucie,,female
Lucien,,male
Lucile,,female
Lucille,,male
Lucina,,female
Lucinda,,female
Lucindy,,female
Lucio,,male
Lucious,,male
Lucius,,male
Lucky,,male
Lucretia,,female
Lucy,,male
Luda,,female
Ludie,,female
Ludwig,,male
Lue,,male
Luella,,female
Luetta,,female
Lugenia,,female
Lughah,لوجهه,female
Luha,لوحة,female
Luham,لهم,male
Luigi,,male
Luis,,male
Luisa,,female
Luja,لوجى,female
Lujain,لوجين,male
Lujaina,لوجين,female
Lujayn,لوجين,female
Luka,,male
Lukas,,male
Luke,,male
Lula,لولا,female
Lulah,,female
Lular,,female
Lulie,,female
Lulla,,female
Luloah,لله,female
Lulu,لولو,female
Lulua,لولا,female
Luluah,لولوه,female
Lulwa,لولوة,female
Lum,,male
Luma,لما,female
Lumaihah,لمحه,female
Luna,لنا,female
Lunah,لونه,female
Lupe,,male
Luqman,لقمان,male
Lura,,female
Lurana,,female
Lurena,,female
Lurline,,female
Luster,,male
Lut,لوط,male
Lutah,لوتاه,male
Lutaif,لطيف,male
Lutaifah,لطيفه,female
Lute,,male
Lutf,لطف,male
Lutf-Ul-Baari,لطفلبر,male
Lutf-Ur-Rahman,لتفررهما,male
Lutfah,لطفه,female
Lutfan,لطفا,male
Lutfana,لتفنا,female
Lutfi,لطفي,male
Lutfiya,لتفيا,female
Lutfiyah,لطفيه,female
Lutful-Bari,لطفلبر,male
Lutfullah,لطفله,male
Lutfur-Rahman,لتفررهما,male
Luther,,male
Luthf,لتحف,male
Luthfi,لتحفي,male
Lutie,,female
Luvenia,,female
Luverne,,male
Luvinia,,female
Luwaibid,لوبيد,male
Luwaih,لوائح,male
Luwaihah,لوحة,female
Luz,,female
Lyana,لينا,female
Lyda,,female
Lydell,,male
Lydia,,female
Lyla,,female
Lyle,,male
Lyman,,male
Lyn,,male
Lynda,,female
Lyndia,,female
Lyndon,,male
Lyndsay,,female
Lyndsey,,female
Lynette,,female
Lynn,,male
Lynne,,female
Lynnette,,female
Lynsey,,female
Lynwood,,male
Lyric,,male
Ma,ما,female
Ma-As-Sama,مصصم,female
Maab,ماب,female
Maabad,مابعد,male
Maad,معاد,male
Maadil,مادل,male
Maadin,مادين,male
Maadini,مادين,male
Maadun,مادون,male
Maahi,ماهي,male
Maajid,ماجد,male
Maakuf,معقوف,male
Maalam,مالم,male
Maali,مالي,female
Maalik,مالك,male
Maamuri,مامور,male
Maan,مان,male
Maanah,مانه,female
Maani,ماني,male
Maany,ماني,male
Maarib,مارب,male
Maarif,معاريف,male
Maarij,مارج,female
Maarufi,مارفع,male
Maash,ماش,female
Maashar,ماشر,male
Maashir,ماشر,male
Maasib,ماصعب,male
Maatuq,ماطق,male
Maawa,ماوى,female
Maawiya,ماوية,male
Maayish,مايسه,male
Maayush,مايسه,male
Maaz,ماذ,male
Maazah,مازح,female
Maazim,معازيم,male
Maazin,مازن,male
Maazir,مازر,male
Maazur,مازر,male
Maazuz,مزوز,male
Mabad,مابعد,male
Mabel,,male
Mabell,,female
Mabelle,,female
Mabkhut,مبخوت,male
Mable,,female
Mabruk,مبروك,male
Mabrukah,مبروكه,female
Mabrur,مبرور,male
Mabrura,مبرورا,female
Mac,,male
Macarthur,,male
Mace,,male
Macel,,female
Maceo,,male
Macey,,female
Machelle,,female
Maci,,female
Macie,,female
Mack,,male
Mackenzie,,male
Macy,,female
Mad,مد,male
Madah,مادة,female
Madaline,,female
Madalyn,,female
Madalynn,,female
Madan,مدن,male
Madani,مدني,male
Madaniya,مدنية,female
Madar,مدار,male
Maddah,مادة,male
Madden,,male
Maddison,,female
Maddox,,male
Madeeh,ماضيه,male
Madeleine,,female
Madelene,,female
Madeline,,female
Madelyn,,female
Madelynn,,female
Madge,,female
Madhat,مدحت,female
Madiar,مدير,male
Madie,,female
Madih,ماضيه,male
Madiha,ماضيها,female
Madilyn,,female
Madilynn,,female
Madina,مدينة,female
Madisen,,female
Madison,,male
Madisyn,,female
Madiyan,ماديين,male
Madkhal,مدخل,male
Madlyn,,female
Madonna,,female
Madora,,female
Madulah,معدله,female
Madyan,مدين,male
Madyson,,female
Mae,,male
Maebell,,female
Maebelle,,female
Maeen,مين,female
Maeena,معينة,female
Maeesh,ميش,male
Maegan,,female
Maen,من,male
Maeve,,female
Mafakhir,مفاخر,male
Mafalda,,female
Mafaz,مافاز,male
Mafazah,مفازة,female
Maftuh,مفتوح,female
Mafzalah,مفزلة,female
Magan,,female
Magbul,مجبول,male
Magda,مجهدة,female
Magdalen,,female
Magdalena,,female
Magdalene,,female
Magdi,مجدي,male
Magen,,female
Maggie,,male
Maghayis,مغيث,male
Maghazi,مغازي,male
Maghfira,مغفرة,female
Magid,مجيد,male
Magnolia,,female
Mah,معه,female
Maha,مها,female
Mahaad,معهد,male
Mahabad,محبذ,female
Mahabbah,محبه,female
Mahabbat,ماحبت,female
Mahad,محد,male
Mahada,مهادا,female
Mahafrin,محفرن,female
Mahal,محل,male
Mahala,,female
Mahalfa,محالفة,female
Mahalia,,female
Mahalie,,female
Maham,مهام,female
Mahan,مهن,female
Mahana,مهنة,female
Mahara,مهارة,female
Mahasen,محاسن,female
Mahasta,ماحست,female
Mahasti,ماحست,female
Mahaz,ماهز,male
Mahban,محبا,female
Mahbasah,محبسه,female
Mahbeer,محبر,male
Mahbub,محبوب,male
Mahbub-Ullah,محبوبلله,male
Mahbuba,محبوبة,female
Mahbur,محبر,male
Mahd,مهد,male
Mahdah,مهداه,female
Mahdi,مهدي,male
Mahdia,مهدية,female
Mahdisa,محدثة,female
Mahdokht,محدوخة,female
Mahek,محق,female
Mahfam,محفم,female
Mahfooz,محفوظ,male
Mahfooza,محفوظة,female
Mahfoozh,محفوظه,male
Mahfoud,محفوظ,male
Mahfuj,محفوج,male
Mahfuz,محفوظ,male
Mahfuzah,محفوظة,female
Mahfuzh,محفوظه,male
Mahfuzur-Rahman,محفوظررهما,male
Mahgul,مهجول,female
Mahia,ماهي,female
Mahiar,مهيار,male
Mahib,مهيب,male
Mahibah,مهيبة,female
Mahid,مهيد,male
Mahida,مهدى,female
Mahiib,مهيب,male
Mahin,مهين,female
Mahindokht,مهندخة,female
Mahir,ماهر,male
Mahira,مهيره,female
Mahirimah,محرمه,female
Mahisa,محيصة,female
Mahja,مهجة,male
Mahjabin,محجب,female
Mahjahan,مهجها,female
Mahjan,محجن,male
Mahjoob,محجوب,male
Mahjooba,محجوبة,female
Mahjub,محجوب,male
Mahkamah,محكمة,female
Mahlaa,مهلا,female
Mahlagha,محلغا,female
Mahlon,,male
Mahmand,ماهمند,male
Mahmood,محمود,male
Mahmoud,محمود,male
Mahmud,محمود,male
Mahmud-Un-Nabi,محمدننب,male
Mahmudah,محموده,female
Mahmunir,ماهمنير,female
Mahnam,مهنم,female
Mahnaz,مهناز,female
Mahnegar,مهنجر,female
Mahnira,مهنيرة,female
Mahnisa,مهنيصا,female
Mahnoor,محنور,female
Mahnush,ماهنش,female
Mahomet,مهمة,male
Mahpaikar,محبيكر,female
Mahpari,محبر,female
Mahpasand,محبسند,female
Mahreen,ماهرين,female
Mahrokh,محروقه,female
Mahroof,محرف,male
Mahrosh,مهروسه,female
Mahrou,ماهر,female
Mahrouz,محرز,female
Mahroz,محرز,female
Mahrukh,محروقه,female
Mahrukhsar,محروقهصر,female
Mahrus,محروس,male
Mahrusah,مهروسه,female
Mahsa,مهسا,female
Mahsan,محسن,female
Mahsati,ماحست,female
Mahshad,محشد,female
Mahsheed,محشيد,female
Mahshid,محشيد,male
Mahsima,محزم,female
Mahsub,محسوب,male
Mahsum,محسوم,male
Mahsumah,محسومه,female
Mahsun,محسن,male
Mahsunah,محسنه,female
Mahta,محطة,female
Mahtab,مهتاب,male
Mahtaban,مهتابا,female
Mahtaj,محتاج,female
Mahtalat,محتلة,female
Mahtob,محتب,female
Mahud,محد,male
Mahul,محول,male
Mahulah,محله,female
Mahum,لتي,male
Mahvar,محفر,female
Mahvash,محفش,female
Mahveen,محف,female
Mahvish,محفش,female
Mahwash,ماهوش,male
Mahwish,ماهوش,female
Mahwush,ماهوش,female
Mahyas,محيص,female
Mahzala,مهزلة,female
Mahzuz,مهزوز,male
Mai,,female
Maia,,female
Maida,مائدة,female
Maidan,ميدان,female
Maiin,مين,male
Mailiha,ماعليها,female
Maimuna,ميمونة,female
Main,مين,male
Maira,ميرا,female
Mairaj,ميراج,male
Mairanay,ميراني,male
Mais,ميس,female
Maisa,مايسة,female
Maisaa,ميساء,female
Maisah,مايسه,female
Maisarah,ميسره,female
Maisha,ميشا,female
Maisoon,ميسون,female
Maisoora,ميسورة,female
Maissa,مايسة,female
Maisun,ميسون,female
Maisur,ميسور,male
Maithah,ميثه,female
Maiya,,female
Maiz,ميز,male
Maiza,ميزة,female
Maizah,ميزه,female
Maja,ماجا,male
Majal,مجال,female
Majaz,مجاز,male
Majd,ماجد,male
Majd-Al-Din,مجدلدن,male
Majda,ماجدة,female
Majdah,ماجده,female
Majdan,مجدا,male
Majdi,مجدي,male
Majdii,مجدي,male
Majdiya,مجدية,female
Majdiyah,مجديه,female
Majduddin,مجددين,male
Majdudeen,مجددين,male
Majdy,مجدي,male
Majed,ماجد,male
Majeed,ماجد,male
Majeedan,ماجدا,male
Majeedi,ماجد,male
Majha,ماجه,male
Majid,لتي,male
Majid-Al-Din,مجدلدن,male
Majidaa,ماجدا,female
Majidah,ماجده,female
Majiid,مجيد,male
Majjad,ماجد,male
Majjadin,مجدن,male
Major,,male
Majzub,مجذوب,male
Makaana,مكانة,female
Makaarim,مكارم,female
Makai,,male
Makaila,,female
Makala,,female
Makan,مكان,male
Makarim,مكارم,female
Makayla,,female
Makeen,ماكين,female
Makeenah,ماكينه,female
Makena,,female
Makenna,,female
Makenzie,,female
Makhdoom,مخدوم,male
Makhi,,male
Makhluf,مخلوف,male
Makhtooma,مختومة,female
Makhtoonah,مختونة,female
Makin,ماكين,male
Makki,مكي,male
Makkiyah,مكيه,female
Maknoonah,مكنونه,male
Makram,مكرم,male
Makramah,مكرمه,female
Makramullah,مكرملله,male
Makrimi,مكرمي,male
Makrumah,مكرمه,female
Makrur,مكرر,male
Maktoomah,مكتومه,female
Maktoonah,مقتنعه,female
Maktub,مكتوب,male
Mal,,male
Malachi,,male
Maladh,ملاذ,female
Malaeka,ملائكة,female
Malaha,مالها,female
Malahah,ملاحه,female
Malaika,ملائكة,female
Malaikah,ملائكه,female
Malak,ملاك,male
Malakah,ملكه,female
Malakai,,male
Malaki,,male
Malalai,ملالي,female
Malang,مالنج,male
Malaya,,female
Malayeka,مليكة,female
Malcolm,,male
Malcom,,male
Male,,male
Maleah,,female
Malece,,male
Maled,,male
Maleed,مالذ,male
Maleeh,ماليه,male
Maleek,ماليك,male
Maleekan,ماليكا,male
Maleknaz,ملكناز,female
Malesie,,male
Malia,,female
Malih,ماليه,male
Maliha,مالها,female
Maliih,ماليه,male
Malik,,male
Malika,ملكة,female
Maliki,مالكي,male
Malinda,,female
Malissa,,female
Malissie,,female
Maliyah,,female
Mallie,,female
Mallorie,,female
Mallory,,female
Malmal,مالمل,female
Malmus,ملموس,male
Maloof,مالوف,male
Maloof-Uddin,ملفوظن,male
Malooful-Islam,مالوفلسلم,male
Malorie,,female
Malouf,مالوف,male
Maluf,ملف,male
Maluum,معلوم,male
Malvin,,male
Malvina,,female
Malyar,مليار,male
Mamdooh,ممدوح,male
Mamdouh,ممدوح,male
Mamdud,ممدود,male
Mamduh,ممدوح,male
Mamduhah,ممدوحه,female
Mame,,female
Mamie,,male
Mammie,,female
Mamnoon,ممنون,male
Mamoon,مامون,male
Mamoona,مأمونة,female
Mamun,ممن,male
Mamur,مامور,male
Mamuriya,مأمورية,female
Man,من,male
Mana,منا,female
Manab,منب,female
Manaf,مناف,male
Manafi,منافي,male
Manahel,مناهل,female
Manahil,مناهل,female
Manal,منال,male
Manaliaa,منالا,female
Manar,منار,male
Manara,منارة,female
Manari,منار,male
Manazir,مناظير,male
Manda,,female
Mandal,مندل,female
Mandegar,مندجر,female
Mandhur,منظور,male
Mandi,,female
Mandie,,female
Mandy,,female
Maneeh,منيح,male
Maneehah,منيحه,female
Manel,منيل,female
Manerva,,female
Manervia,,female
Manfoosah,منفصة,female
Manford,,male
Manha,منها,male
Manhal,منهل,male
Manhalah,منحلة,female
Manhiyyah,منهية,female
Mani,ماني,male
Manie,,female
Manila,,female
Manilla,,female
Manizha,منزهة,female
Manja,مانجا,female
Manley,,male
Manly,,male
Mann,من,female
Mannan,منا,male
Mannana,مننا,female
Mannat,منت,female
Mannie,,male
Manning,,male
Manolya,مينليا,female
Mansar,منصر,male
Mansfield,,male
Mansha,منشا,male
Manshoor,منشور,male
Manshur,منشور,male
Manson,,male
Mansoor,منصور,male
Mansoor-Uddin,منصوردن,male
Mansoora,منصور,female
Mansoorah,منصوره,male
Mansour,منصور,male
Mansur,منصور,male
Mansur-Uddin,منصوردن,male
Mansurah,منصوره,female
Mansuri,منصوري,male
Manuchehr,منوشهر,male
Manuel,,male
Manuela,,female
Manuelita,,female
Manus,مانوس,male
Manusriyyah,منصرية,female
Manzar,منظر,male
Manzhar,منزهر,male
Manzhoor,منزهر,male
Manzoor,منظور,male
Manzoora,منظورة,female
Manzuma,منظومة,female
Manzur,منظور,male
Manzurah,منظوره,female
Maooni,موني,male
Maqadar,مقدار,male
Maqasid,مقصيد,male
Maqbool,مقبول,male
Maqbul,مقبول,male
Maqbulah,مقبوله,female
Maqbuli,مقبول,male
Maqdeed,مقديد,male
Maqdum,مقدم,male
Maqdur,مقدور,male
Maqeem,مقيم,male
Maqil,ماقيل,male
Maqsood,مقصود,male
Maqsooda,مقصودة,female
Maqsud,مقصود,male
Maqsurah,مقصوره,female
Maqsyud,مقصيد,male
Mara,,female
Maraam,مرام,female
Marab,مارب,female
Marah,مره,female
Maraheeb,مرحيب,male
Marahi,مره,male
Maralyn,,female
Maram,مرام,female
Maranat,مرنة,female
Maranda,,female
Maraqab,مراقب,male
Marashid,مرشد,male
Maratib,مراتب,male
Marbuh,مربح,male
Marc,,male
Marcel,,male
Marcela,,female
Marcelina,,female
Marceline,,female
Marcelino,,male
Marcella,,female
Marcelle,,female
Marcello,,male
Marcellus,,male
Marcelo,,male
Marchello,,male
Marci,,female
Marcia,,female
Marcie,,female
Marco,,male
Marcos,,male
Marcus,,male
Marcy,,female
Mardell,,female
Mardhiah,مرضيه,female
Mardin,ماردين,male
Marduf,مردف,male
Mareekh,مريخ,female
Mareen,مارين,male
Mareer,مرير,male
Mareera,مريرة,female
Mareerah,مريره,female
Mareli,,female
Marely,,female
Maren,,female
Margaret,,male
Margarete,,female
Margaretha,,female
Margarett,,female
Margaretta,,female
Margarette,,female
Margarita,,female
Margarite,,female
Margarito,,male
Marge,,female
Margene,,female
Margeret,,female
Margery,,female
Marget,,female
Marghaa,مرجحا,female
Marghab,مرغب,male
Marghah,مرجحة,female
Marghoob,مرغوب,male
Marghub,مرغوب,male
Marghuba,مرغوبة,female
Margie,,female
Margo,,female
Margot,,female
Margret,,female
Margrett,,female
Margretta,,female
Marguerite,,female
Margueritta,,female
Margurite,,female
Margy,,female
Marha,مرحا,female
Mari,,female
Maria,ماريا,female
Mariah,,female
Mariam,مريم,female
Marian,,male
Mariana,,female
Marianita,,female
Mariann,,female
Marianna,,female
Marianne,,female
Mariano,,male
Marib,مريب,female
Maribel,,female
Maribeth,,female
Maricela,,female
Marid,مريض,male
Maridah,مريضه,female
Marie,,male
Mariel,,female
Mariela,,female
Marietta,,female
Marifa,مريفه,female
Marifatun,معرفتن,female
Mariha,مريحة,female
Marihaat,مريحة,female
Marii,ماري,male
Marilee,,female
Marilla,,female
Marilou,,female
Marilyn,,male
Marilynn,,female
Marin,مرن,male
Marina,,female
Marinda,,female
Mario,,male
Marion,,male
Marisa,,female
Marisela,,female
Marisol,,female
Marissa,,female
Marita,,female
Maritza,,female
Marius,,male
Mariwah,مروه,female
Mariyah,,female
Marjaan,مرجان,female
Marjana,مرجانة,female
Marjani,مرجان,female
Marjia,مرجية,female
Marjina,مرجعنا,female
Marjorie,,female
Marjory,,female
Marjuwwah,مرجوح,female
Mark,,male
Markel,,male
Markell,,male
Markita,,female
Markooz,مركوز,male
Markus,,male
Marla,,female
Marlana,,female
Marland,,male
Marlee,,female
Marleen,,female
Marlen,,female
Marlena,,female
Marlene,,female
Marley,,male
Marlie,,female
Marlin,,male
Marlo,,male
Marlon,,male
Marlyn,,male
Marlys,,female
Marmara,مرمر,female
Marmari,مرمر,female
Marmuri,مرمر,female
Marni,,female
Marnia,مرنة,female
Marnie,,female
Marnita,,female
Marolyn,,female
Maroof,معروف,male
Maroofa,معروفة,female
Marooh,مروه,male
Marqooma,مرقوم,female
Marques,,male
Marquez,,male
Marquis,,male
Marquise,,male
Marquita,,female
Marrion,,male
Marry,,female
Marsaa,مارسا,male
Marsad,مرصد,male
Marsh,,male
Marsha,,female
Marshal,,male
Marshall,,male
Marshud,مرشد,male
Marshudi,مرشدي,male
Mart,,male
Marta,,female
Martell,,male
Martez,,male
Martha,,male
Marti,,female
Martia,مرتعا,male
Martika,,female
Martin,,male
Martina,,female
Martine,,female
Marty,,male
Marudeen,ماردين,male
Maruf,معروف,male
Maruff,معروف,male
Marufirah,معروفيرة,male
Marukh,ماركه,male
Marva,,female
Marvel,,female
Marvin,,male
Marwa,مروة,female
Marwaan,مروان,male
Marwan,مروان,male
Marwanah,مرونة,female
Marwani,ماروني,male
Mary,,male
Maryam,مريم,female
Maryann,,female
Maryanne,,female
Marybelle,,female
Marybeth,,female
Maryellen,,female
Maryjane,,female
Maryjo,,female
Marylee,,female
Marylin,,female
Marylou,,female
Marylouise,,female
Marylyn,,female
Marzban,مرزبان,male
Marzi,مرز,male
Marzia,مرزا,female
Marzieh,مرزه,female
Marziya,ميرذيا,female
Marzooq,مرزوق,male
Marzouq,مرزوق,male
Marzug,مرزوج,male
Marzun,مرزون,male
Marzuq,مرزوق,male
Marzuqah,مرزوقه,female
Marzuqi,مرزوقي,male
Marzuqullah,مرزوقلله,male
Mas,مص,female
Masabeeh,مصابيح,female
Masabih,مصابيح,female
Masad,مسعد,male
Masadiq,مصاديق,male
Masahir,مساهير,female
Masajid,مساجد,male
Masakin,مساكين,female
Masako,,female
Masao,,male
Masar,ماصار,female
Masari,مصاري,male
Masarra,مصرى,female
Masarrah,مسرح,female
Masarrat,مسارات,female
Masbat,مثبت,male
Masbubah,مسببه,female
Masd,مسد,male
Masduq,مصدق,male
Maseeh,ماسيه,male
Maseeh-Uz-Zaman,مسيحززما,male
Mashaa,ماشاء,female
Mashaal,ماشال,female
Mashael,مشعل,male
Mashahid,مَشَاهِد,male
Mashahirah,مشهرة,female
Mashal,ماشال,female
Mashar,ماشر,female
Mashara,مشارة,female
Mashari,مشاري,male
Mashariq,مشرق,male
Mashariqah,مشرقه,female
Mashawir,مشاوير,male
Masheedi,مشيد,male
Masheer,مشير,male
Mashel,مشعل,female
Mashhad,مشهد,male
Mashhood,مشهود,male
Mashhoodah,مشهودة,male
Mashhud,مشهد,male
Mashhuda,مشهودة,female
Mashhur,مشهور,male
Mashia,ماشية,female
Mashiyat,مشيط,female
Mashkoor,مشكور,male
Mashkur,مشكور,male
Mashkuri,مشكور,male
Mashmool,مشمول,female
Mashoodah,مشعوذة,female
Mashooq,مشوق,male
Mashqur,مشقور,male
Mashrafi,مشرفي,male
Mashriq,مشرق,male
Mashriqi,مشرقي,male
Mashruh,مشروح,male
Mashta,ماشطة,female
Mashurah,مشوره,female
Mashuum,مزحوم,male
Masik,مسيك,male
Masir,مصر,male
Masira,مسيرة,female
Masiri,مصيري,male
Masjid,مسجد,male
Maskun,مسكون,male
Masla,مصلى,female
Maslamah,مسلمه,female
Mason,,male
Masood,مسعود,male
Masoodan,مسودا,male
Masoom,معصوم,male
Masooma,معصومة,female
Masoon,ماسون,female
Masoud,مسعود,male
Masroor,مسرور,male
Masruq,مسروق,male
Masrur,مسرور,male
Masrurah,مسروره,female
Massat,ماسة,female
Massoud,مسعود,male
Mastana,مستنى,female
Mastoor,مستور,female
Mastoorah,مستوره,female
Mastoori,مستور,female
Mastur,ماستر,male
Mastura,مستورة,female
Masud,مسود,male
Masudah,مسودة,female
Masudi,مصدي,male
Masudiyyah,مصدية,female
Masum,معصوم,male
Masun,ماسون,male
Masus,مسوس,male
Masyal,مثيل,male
Masyhur,مسيحر,male
Masyunah,مزيونه,female
Mat,,male
Mataf,مطاف,female
Matahir,متحير,female
Matalib,مطاليب,male
Matana,متانة,female
Matar,مطر,male
Mataraa,مترا,female
Matarah,ماتراه,female
Matari,متري,male
Matee,متي,male
Mateen,متين,male
Mateenah,متينه,female
Mateer,مطير,male
Mateerah,مطيره,female
Mateeri,مطيري,male
Mateo,,male
Math,,male
Mathar,مثار,male
Matheelah,مثيله,female
Mathew,,male
Mathews,,male
Mathias,,male
Mathilda,,female
Mathilde,,female
Mathlaa,مثلا,female
Mathnawi,مثنوي,female
Mathwa,مثوى,female
Matia,مطية,female
Matias,,male
Matie,,female
Matilda,,female
Matilde,,female
Matin,متين,male
Matina,متينة,female
Matir,مطير,male
Matirah,مطيره,female
Matlab,مطلب,male
Matloob,مطلوب,male
Matlub,مطلوب,male
Matlubah,مطلوبه,female
Matt,,male
Mattali,متتالي,male
Matteo,,male
Matthew,,male
Matthias,,male
Mattie,,male
Mattye,,female
Maud,,male
Mauddin,مدين,male
Maude,,male
Maudie,,female
Mauhub,موهوب,male
Maura,,female
Maureen,,female
Maurice,,male
Mauricio,,male
Maurine,,female
Mauro,,male
Maury,,male
Mausoof,موصوف,male
Mausooma,موسومة,female
Maverick,,male
Mavis,,female
Mavisha,مفيش,female
Mawadda,مودة,female
Mawahib,مواهب,male
Mawar,مور,female
Mawara,مورا,female
Mawdood,مودود,male
Mawdud,مودود,male
Mawfaa,موفى,female
Mawfoud,موفد,male
Mawhab,موهب,male
Mawhad,موحد,male
Mawhiba,موهبة,female
Mawhoob,موهوب,male
Mawhooba,موهوبة,female
Mawhub,موهوب,male
Mawiya,موية,female
Mawiyah,مويه,female
Mawiyyah,مويه,female
Mawiza,موزة,female
Mawjud,موجود,male
Mawjudah,موجوده,female
Mawla,مولى,male
Mawmah,مومه,female
Mawoud,موعود,male
Mawoudah,موضه,female
Mawsil,موصل,male
Mawsim,موسم,female
Mawsoofa,موصوفة,female
Mawthuq,موثوق,male
Max,,male
Maxie,,male
Maxim,,male
Maximilian,,male
Maximillian,,male
Maximo,,male
Maximus,,male
Maxine,,female
Maxwell,,male
May,مي,female
Maya,مايا,female
Mayameen,ميامين,female
Maybell,,female
Maybelle,,female
Maye,,female
Mayeda,ميدا,female
Mayesa,مايسة,female
Mayesha,معيشة,female
Mayme,,female
Maymie,,female
Maymun,ميمون,female
Maynard,,male
Mayo,,male
Mayra,,female
Mays,ميس,female
Maysa,مايسة,female
Maysaa,ميساء,female
Maysam,ميسم,female
Maysan,ميسان,female
Maysoon,ميسون,female
Maysormais,ميسرمس,female
Maysun,ميسون,female
Maysura,ميسورة,female
Mayyada,ميادة,female
Mayyadah,مياده,female
Mayyasah,مياسه,female
Mazahir,مظاهر,male
Mazamin,مزمن,male
Mazana,مزنة,female
Mazeed,مزيد,male
Mazhar,مزهر,male
Mazhur,مزهر,male
Maziar,مزار,male
Mazid,مزيد,male
Mazida,مزيدا,female
Mazie,,female
Mazin,مازن,male
Mazir,مازر,male
Maziya,مزية,female
Mazkoor,مذكور,male
Mazkur,مذكور,male
Mazman,مزمن,male
Mazmun,مزمن,male
Mazna,مزنة,female
Mazneen,مازن,female
Mazruuii,مزروعي,male
Mazuzah,معززه,female
Mazyunah,مزيونه,female
Mcarthur,,male
Mckayla,,female
Mckenna,,female
Mckenzie,,female
Mckinley,,male
Meadow,,female
Meagan,,female
Meaghan,,female
Mearl,,male
Mebsam,مبسم,male
Mechelle,,female
Meda,,female
Media,,female
Medora,,female
Meehan,مهن,female
Meem,ميم,female
Meeno,مينو,female
Meeza,ميزة,female
Meg,,female
Megan,,female
Meggan,,female
Meghan,,female
Meghann,,female
Meh-Banu,محبين,female
Meha,مها,female
Mehak,محق,female
Mehar,مهر,female
Mehboob,محبوب,male
Mehbooba,محبوبة,female
Mehd,محد,male
Mehdad,محدد,male
Mehek,محق,female
Meher,مهر,female
Meherdad,مهرداد,male
Meheroon,مهر,female
Meherunissa,محيرنيسا,female
Mehira,محيرة,female
Mehjabeen,محجب,female
Mehlika,مهلكة,female
Mehmood,محمود,male
Mehmud,محمود,male
Mehnaz,مهناز,female
Mehndi,مهند,female
Mehniya,مهنية,female
Mehnoor,محنور,female
Mehr,مهر,female
Mehr-Banu,مهربين,female
Mehr-Jahan,محرجها,female
Mehr-Negaar,محرنجر,female
Mehr-Nesa,محرنصا,female
Mehra,مهرة,female
Mehrab,محراب,male
Mehrabah,محرابه,female
Mehraban,مهربا,female
Mehrad,محرض,male
Mehrafruz,محرفرز,female
Mehrak,محرك,female
Mehran,مهران,male
Mehrana,مهران,female
Mehrandokht,مهراندخة,female
Mehranghiz,مهرانغز,female
Mehrangiz,مهرانجز,female
Mehranoush,مهرانش,female
Mehrara,محررة,female
Mehrasa,مهراس,female
Mehravah,محرفه,female
Mehrayeen,مهري,female
Mehrazar,محرزر,female
Mehrazin,محرزن,female
Mehrbod,مهربد,male
Mehrdokht,مهردخة,female
Mehrgan,مهرجان,female
Mehrgol,مهرجل,female
Mehri,مهري,female
Mehriban,مهربا,female
Mehrin,مهرين,female
Mehrish,مهرش,female
Mehrjan,مهرجان,female
Mehrnaz,محرنز,female
Mehrnia,محرنية,female
Mehrnoush,محرنش,female
Mehrsa,محرزا,female
Mehrshid,مهرشد,male
Mehrtash,محرتش,male
Mehrunissa,محرنسا,female
Mehry,مهري,female
Mehtab,مهتاب,male
Mehul,محول,male
Mehvesh,محفش,female
Mehvish,محفش,female
Mehwish,مهوش,female
Mehzad,مهزد,male
Mekhi,,male
Mekka,مكة,male
Mel,,male
Melanie,,female
Melany,,female
Melba,,female
Melbourne,,male
Melek,ملك,female
Melina,,female
Melinda,,female
Melisa,,female
Melissa,مليسة,female
Melissia,,female
Mell,,male
Mellie,,female
Mellisa,,female
Mellissa,,female
Melodee,,female
Melodie,,female
Melody,,female
Melonie,,female
Melony,,female
Meltem,ملتم,female
Melton,,male
Melva,,female
Melville,,male
Melvin,,male
Melvina,,female
Melvyn,,male
Memphis,,male
Mena,,female
Menachem,,male
Mendy,,female
Mensur,منصور,male
Mercedes,,female
Mercer,,male
Mercy,,female
Meredith,,male
Merilyn,,female
Merl,,male
Merle,,male
Merlene,,female
Merlin,,male
Merlyn,,male
Merna,,female
Merri,,female
Merrie,,female
Merrilee,,female
Merrill,,male
Merrily,,female
Merritt,,male
Merry,,female
Mersiha,مرسيه,female
Mertie,,female
Merton,,male
Mervin,,male
Mervyn,,male
Merwin,,male
Meryl,,female
Meshia,مشية,female
Messiah,,male
Meta,,female
Metha,,female
Metro,,male
Metta,,female
Mettie,,female
Mevish,مفيش,female
Meyer,,male
Mia,,female
Miad,ميد,male
Miah,,female
Mibkar,مبكر,male
Mibsam,مبسم,male
Mibshar,مبشر,male
Micaela,,female
Micah,,male
Micayla,,female
Michael,,male
Michaela,,female
Michaele,,female
Michal,,male
Michale,,male
Micheal,,male
Michel,,male
Michele,,male
Michelina,,female
Michell,,female
Michelle,,male
Michial,,male
Mickey,,male
Mickie,,female
Micky,,male
Midadi,مدادي,male
Midha,مدحه,female
Midhat,مدحت,male
Midlaj,مدلج,male
Midrar,مدرار,male
Miesha,ميشا,female
Mieshar,معشر,male
Mietaa,ميتا,female
Mietaaullah,مطالعه,female
Mietaf,معطف,male
Mietar,مطار,male
Mietawi,ميتو,male
Mifrah,مفرح,male
Miftaah,مفتاح,male
Miftah,مفتاح,male
Miftahah,مفتاحه,female
Miftahuddin,مفتاحدن,male
Mifyaz,مفيز,male
Mifzal,مفزل,male
Migdalia,,female
Mignon,,female
Miguel,,male
Miguelangel,,male
Mihad,معهد,male
Mihammad,محمد,male
Mihlal,محلل,male
Mihr,مهر,female
Mihran,مهران,male
Mihraz,محرز,male
Mihri,مهري,female
Mihwar,محور,male
Mihyar,مهيار,male
Mijbar,مجبر,male
Mijdad,مجدد,male
Mijhan,مجها,male
Mika,ميقا,male
Mikaeel,لتي,male
Mikael,ميكال,male
Mikaela,,female
Mikail,ميكيل,male
Mikaila,,female
Mikal,ميكال,male
Mikala,,female
Mikalah,,female
Mikayeel,مكاييل,male
Mikayla,,female
Mike,,male
Mikeal,,male
Mikel,,male
Mikhaeel,مخايل,male
Mikhail,مخايل,male
Mila,,female
Milad,ميلاد,male
Milagros,,female
Milan,,male
Milas,,male
Milburn,,male
Milda,,female
Mildred,,male
Miles,,male
Miley,,female
Milford,,male
Milhaan,ملحان,male
Milhas,ملحس,male
Milissa,,female
Millard,,male
Miller,,male
Millicent,,female
Millie,,female
Mills,,male
Milly,,female
Milo,,male
Milton,,male
Mima,,female
Mimar,معمر,male
Mimi,,female
Mimrah,معمره,male
Mina,مينا,female
Minaal,منال,female
Minal,منال,female
Minbarah,منبره,female
Minda,,female
Mindi,,female
Mindy,,female
Miner,,male
Minerva,,female
Minervia,,female
Minha,منها,female
Minhaj,منهاج,male
Minhaj-Uddin,منهجدن,male
Minhajuddin,منهجدن,male
Minhal,مِنْهَال,female
Minhali,منهل,male
Minna,,female
Minnah,منه,female
Minnat,معينة,female
Minnat-Ullah,منتلله,male
Minnatullah,منتلله,female
Minnie,,male
Minoo,منو,female
Minor,,male
Minoru,,male
Minsar,منصر,male
Minta,,female
Mintie,,female
Minudokht,ميندوخة,female
Miqdad,مقداد,male
Miqdadi,مقدادي,male
Miqdam,مقدم,male
Mir,مير,male
Mir-Jahaan,مرجحا,male
Mir-Wais,مرواس,male
Mira,,female
Miraal,ميرال,female
Miracle,,female
Miradi,معرض,male
Miraf,معرف,male
Mirah,ميره,female
Miraj,ميراج,male
Mirajuddin,ميراجدن,male
Miran,ميران,male
Miranda,,female
Mireya,,female
Mirfiq,مرفق,male
Mirghad,ميرغد,male
Miriah,,female
Miriam,,female
Mirkhas,مرخص,male
Mirrikh,مريخ,male
Mirsab,مرزب,male
Mirsad,مرصد,male
Mirsal,مرسل,male
Mirsalah,مرسله,female
Mirshadi,مرشدي,male
Mirshaq,مرشق,male
Mirtie,,female
Mirwaa,مروا,female
Mirwaf,معروف,male
Mirwais,مرواس,male
Mirza,ميرزا,male
Mirzai,ميرزا,male
Mirzaq,مرزاق,male
Misaal,مثال,female
Misael,,male
Misal,مثل,male
Misam,ميسم,male
Misaq,ميثاق,female
Misba,معصبة,female
Misbaah,مصباح,male
Misbah,مصباح,male
Misbah-Uddin,مصباحدن,male
Misbahah,مصباحه,female
Misbahi,مصباحي,male
Misbaq,مسبق,male
Misdad,مسدد,male
Misha,ميشا,female
Mishaaf,مصحف,male
Mishaal,ميشال,male
Mishaali,ميشال,female
Mishael,ميشال,female
Mishal,ميشال,female
Mishall,ميشال,female
Mishbaah,مشبه,male
Mishdad,مشدد,male
Mishel,ميشيل,female
Mishkat,مشكاة,female
Mishraq,مشرق,male
Misid,مزيد,male
Misk,مسك,male
Miskah,مسكه,female
Miskeen,مسكين,male
Miskeenah,مسكينه,female
Miski,مسكي,male
Miskiyyah,مسكية,female
Mislafah,مسلفح,male
Misrar,ميسرر,male
Misri,مصري,male
Misriyyah,مصريه,female
Missie,,female
Missouri,,female
Missy,,female
Mistah,ميزته,male
Misti,,female
Mistie,,female
Misty,,female
Mitch,,male
Mitchel,,male
Mitchell,,male
Mithal,مثال,male
Mithar,مثار,male
Mitra,مترا,female
Mittie,,female
Mitzi,,female
Miya,,female
Miyaz,مييز,male
Mizan,ميزان,male
Mizanur,مزنر,male
Mizhir,مزهر,male
Mizn,مزن,female
Mizna,ميزنا,female
Mizyan,مزيان,male
Moalim,مليم,male
Moattar,مطار,female
Moazzam,معظم,male
Moazzem,معظم,male
Mobarak,مبارك,male
Mobeen,مبين,male
Mobsim,مبسم,female
Modena,,female
Moe,,male
Moeen,مين,male
Moeen-Uddin,منددين,male
Moeez,ميز,male
Moein,مين,male
Moemen,ممن,male
Moesha,,female
Moez,معز,male
Moeza,موزة,female
Mohaddisa,محادثة,female
Mohamed,محمد,male
Mohammad,محمد,male
Mohammed,محمد,male
Mohga,مهجة,female
Mohid,مهيد,male
Mohisa,محيصة,female
Mohsana,محسنة,female
Mohsin,محسن,male
Mohsina,محسنة,female
Mohtashim,محتشم,male
Moin,من,male
Moin-Ud-Dawlah,منددولة,male
Moin-Uddin,منددين,male
Moinul-Islam,مينليسلم,male
Moira,,female
Moises,,male
Moiz,ميز,male
Mojtaba,مجتبى,male
Mokbul,مقبول,male
Moktar,مقطر,male
Mollie,,female
Molly,,female
Momin,مؤمن,male
Momina,ممن,female
Mona,منى,female
Moncef,منسف,male
Monera,منيرة,female
Monica,,female
Monika,,female
Monique,,female
Monna,,female
Monnie,,female
Monroe,,male
Monserrat,,female
Mont,,male
Montana,,male
Monte,,male
Montel,,male
Montgomery,,male
Montie,,male
Montrell,,male
Montserrat,,female
Monty,,male
Moody,,male
Moomin,مومن,male
Moonam,منام,female
Moosa,موسى,male
Mora,,female
Mordechai,,male
Morgan,,male
Moriah,,female
Morris,,male
Mortimer,,male
Morton,,male
Morvarid,مرفرد,female
Mosa,موسى,male
Mose,,male
Moses,,male
Moshe,,male
Mossie,,female
Mostafa,مصطفى,male
Motabir,معتبر,male
Motasim,معتصم,male
Motaz,معتز,male
Moufida,مفيدة,female
Mouhib,مهيب,male
Mouhsina,محسنة,female
Moujab,موجب,male
Moujabah,موجبه,female
Moujib,مجيب,male
Moujid,مجيد,male
Moukid,مؤكد,male
Moumin,مؤمن,male
Mouminat,مؤمنة,female
Mouminin,مؤمنين,male
Mouminun,مؤمنون,male
Moumir,ممر,male
Mouna,لتي,male
Mounia,مونيا,female
Mounir,منير,male
Mounira,منيرة,female
Mouqib,معقب,male
Mourad,مراد,male
Mouri,موري,male
Mourib,مريب,male
Mousir,مصير,male
Moutaaz,معتز,male
Moutabir,معتبر,male
Moutadil,معتدل,male
Moutamad,معتمد,male
Moutamid,معتمد,male
Moutaq,معتق,male
Moutaqad,معتقد,male
Moutaqid,متقيد,male
Moutasam,معتصم,male
Moutasim,معتصم,male
Moutaz,معتز,male
Moutazah,معتزه,female
Moutazah-Billah,متظاهبلله,male
Moutazim,متأزم,male
Mouti,موتي,male
Moutif,مطيف,male
Moutiq,معتق,male
Moutir,مطير,male
Moutiyah,معطيه,female
Mozell,,female
Mozella,,female
Mozelle,,female
Mozhda,موزهدا,female
Mozhdah,موزهدة,female
Mozhgan,مذحجا,female
Muaafii,مافي,male
Muaanis,مانس,male
Muaath,معاذ,male
Muad,مواد,male
Muaddal,معدل,male
Muaddil,موديل,male
Muaddini,مديني,male
Muadh,موضه,male
Muadz,مادز,male
Muafa,مافى,male
Muahid,مهيد,male
Muain,مين,male
Mualij,معالج,male
Mualla,مولى,male
Muallam,مالم,male
Mualli,موالي,male
Muallim,مليم,male
Muameer,ممر,male
Muammal,معامل,male
Muammar,ممر,male
Muammeerah,مؤامرة,female
Muammer,ممر,male
Muantirah,مونتيرة,female
Muarrif,معاريف,male
Muarrifah,مريفه,female
Muarrifi,مورفي,male
Muashir,مشير,male
Muattib,متعب,male
Muawadah,موضه,female
Muawidah,موضه,female
Muawin,مون,male
Muawini,موني,male
Muawiyah,مويه,male
Muawwal,مول,male
Muawwaz,موز,male
Muawwazah,موزه,female
Muawwiz,موز,male
Muawwizah,موزه,female
Muayadah,مياده,female
Muayid,مايد,male
Muayish,ميش,male
Muayyad,مايد,male
Muayyadaa,ميداء,female
Muayyadah,مياده,female
Muayyah,مياه,female
Muayyid,مايد,male
Muayyidah,معايده,female
Muaz,موز,male
Muazah,موزه,female
Muazid,مزيد,male
Muazza,ماذا,female
Muazzam,معظم,male
Muazzama,معظم,female
Muazzaz,معزز,female
Muazzid,مزيد,male
Muazzim,معظم,male
Muazzimuddin,موزمدن,male
Muazzir,معاذير,male
Muazzirah,معاذيره,female
Mubajjal,مبجل,male
Muballigh,مبلغ,male
Mubarak,مبارك,male
Mubaraka,مباركا,female
Mubaraq,مبرق,male
Mubarez,مبارز,male
Mubariz,مبارز,male
Mubarrik,مبارك,male
Mubashir,مباشر,male
Mubashsheer,مباششر,male
Mubashshira,مباششرا,female
Mubassir,مبصر,male
Mubasysyir,مبسيسير,male
Mubayyin,مبين,male
Mubdia,مبديا,female
Mubdih,مبدعه,male
Mubdir,مبدعر,male
Mubeen,مبين,male
Mubid,مبيد,male
Mubin,مبين,female
Mubina,مبينا,female
Mubtasim,مبتسم,male
Mudabbir,مدبر,male
Mudar,مدار,male
Mudasir,مدثر,male
Mudasser,مدثر,male
Mudassir,مدثر,male
Mudassira,مدثر,female
Mudathir,مدثر,male
Mudathira,مدثر,female
Muddassir,مدثر,male
Muddathir,مدثر,male
Muddaththir,مدتهثر,male
Mudhakkir,مذكر,male
Mudrik,مدرك,male
Mueed,ميد,male
Mueen,مين,male
Mueena,معينة,female
Mueenah,معينه,female
Mueerah,ميره,female
Mueez,ميز,male
Mueid,موعد,male
Mueidah,موضه,female
Mueidi,مويضي,male
Mueinuddin,منددين,male
Mufaad,مفاد,male
Mufaddal,مفضل,male
Mufadhal,مفضل,male
Mufakhar,مفاخر,male
Mufakkir,مفكر,male
Mufal,مفعل,male
Mufallah,مفلله,male
Mufarrij,مفرج,male
Mufazzal,موفازل,male
Mufazzalah,موفازلة,female
Mufazzil,موفازل,male
Mufazzilah,موفازلة,female
Mufeed,مفيد,male
Mufiah,معفية,female
Mufid,مفيد,male
Mufida,مفيدة,female
Mufiduddin,مفيددن,male
Mufiz,موفيز,male
Mufizah,موفيزة,female
Mufizuddin,موفيزدن,male
Muflah,مفلح,male
Muflih,مفلح,male
Mufliha,مفلح,female
Muflihi,مفلح,male
Mufrih,مفرح,male
Mufti,مفتي,male
Mufzil,مفزعل,male
Mughamir,مغامر,male
Mugharbal,مغربل,male
Mugheesah,مغزاه,female
Mughiits,مغطس,male
Mughir,مغير,male
Mughirah,مغيره,female
Mughis,مغيث,male
Mughith,مغيث,male
Mughithah,مغذيه,female
Mughithi,مغيث,male
Mughithuddin,مغيثدن,male
Mughni,مغني,male
Mughram,مغرم,male
Mughtin,مغطين,male
Muhab,محب,male
Muhabbab,محبب,male
Muhabbib,محبب,male
Muhaddas,محدث,male
Muhadzhab,موحدزهب,male
Muhafaz,محافظ,male
Muhaffiz,محافظ,male
Muhafiz,محافظ,male
Muhafiz-Ud-Din,محافظددن,male
Muhaimin,مهمين,male
Muhair,محير,male
Muhairah,مهيره,female
Muhaisan,محيسن,male
Muhajir,مهاجر,male
Muhajira,مهاجرة,female
Muhajjad,مهجد,male
Muhallil,محاليل,male
Muhammad,محمد,male
Muhammed,محمد,male
Muhanad,مهند,male
Muhandamah,مهندمة,female
Muhanna,مهنة,male
Muhannaa,مهناء,female
Muhannad,مهند,male
Muhannadah,مهندة,female
Muhannah,مهنة,female
Muhanned,مهند,male
Muhariba,محاربة,female
Muharram,محرم,male
Muharrem,محرم,male
Muharrim,محرم,male
Muhassan,محسن,male
Muhassanah,محاسنه,female
Muhassin,محسن,male
Muhassinah,محاسنه,female
Muhawwin,مهون,male
Muhayr,محير,male
Muhayya,محييا,female
Muhazab,مهذب,male
Muhazib,مهذب,male
Muhazzab,مهذب,male
Muhazzib,مهذب,male
Muhazzim,محزم,male
Muhdah,موحدة,female
Muhdee,مهدي,male
Muheet,محيط,male
Muhib,مهيب,male
Muhib-Uddin,محبذن,male
Muhib-Ullah,مهبوله,male
Muhibb,مهيب,male
Muhibbah,موهبه,female
Muhibbat,موهبة,female
Muhibbudin,محبذن,male
Muhid,مهيد,male
Muhif,محف,male
Muhit,محيط,male
Muhiyuddin,مهيدين,male
Muhiyyuddin,مهيدين,male
Muhiz,مهز,male
Muhizzat,مهزة,female
Muhja,مهجة,female
Muhjaa,مهجة,female
Muhjah,مهجه,female
Muhjid,مهجد,male
Muhjidaa,مهجدة,female
Muhlah,محله,female
Muhlash,محلش,male
Muhra,مهرة,female
Muhriz,محرز,male
Muhsad,محسد,male
Muhshin,محشين,male
Muhsin,محسن,male
Muhsina,محسنة,female
Muhsinah,محسنه,female
Muhsinin,محسنين,male
Muhtad,مهتد,male
Muhtadi,مهتدي,male
Muhtady,مهتدي,male
Muhtaram,محترم,male
Muhtaramah,محترمه,female
Muhtarim,محترم,male
Muhtarimah,محترمه,female
Muhtasab,محتسب,male
Muhtashim,محتشم,male
Muhtasib,محتسب,male
Muhyi,محيي,male
Muhyi-Al-Din,مهيلدن,male
Muhyiddin,مهيدين,male
Muid,موعد,male
Muida,موضة,female
Muidd,موعد,male
Muiddah,موضه,female
Muin,من,male
Muin-Ud-Dawlah,منددولة,male
Muin-Ud-Deen,منددين,male
Muin-Uddin,منددين,male
Muinudeen,منذ,male
Muinul-Islam,مينليسلم,male
Muiz,ميز,male
Muizz,ميز,male
Muizz-Ud-Dawlah,مزوددولة,male
Muizz-Uddin,مزودين,male
Muizza,ميزة,female
Muizzawi,ميزو,male
Muizzi,موزي,male
Muizzuddin,مزودين,male
Mujaahid,مجاهد,male
Mujab,موجب,male
Mujaddid,مجدد,male
Mujahid,مجاهد,male
Mujahida,مجاهدة,female
Mujammal,مجمل,male
Mujammil,مجمل,male
Mujawir,مجاور,male
Mujayed,مجيد,male
Mujazzir,مجازر,male
Mujazziz,مجازيز,male
Mujeeb,مجيب,male
Mujeed,مجيد,male
Mujeedah,مجيدة,female
Mujeedan,مجيدا,male
Mujeedi,مجيدي,male
Mujfar,مجفر,male
Mujib,مجيب,male
Mujiba,مجيبا,female
Mujibi,مجيب,male
Mujibur,مجبور,male
Mujid,مجيد,male
Mujiddah,مجيدة,female
Mujillah,مجلة,female
Mujir,مجير,male
Mujirah,مجراه,female
Mujiran,مجرن,male
Mujtaba,مجتبى,male
Mujtahid,مجتهد,male
Mujtahidah,مجتهده,female
Mukaarim,مكارم,male
Mukabbir,مقابر,male
Mukafat,موقفة,female
Mukafih,موقفه,male
Mukai,موقع,female
Mukaibir,مقابر,male
Mukairim,مكارم,male
Mukairiman,مكرما,male
Mukallaf,مكلف,male
Mukammil,مكمل,male
Mukarram,مكارم,male
Mukarrama,مكرمة,female
Mukarramah,مكرمه,female
Mukawwinah,مكونه,female
Mukhallad,مخلد,male
Mukhallis,مخلص,male
Mukhallisah,مخلصه,female
Mukhlas,مخلص,male
Mukhlasah,مخلصه,female
Mukhlis,مخلص,male
Mukhlisa,مخلصة,female
Mukhlisah,مخلصه,female
Mukhlish,مخلصه,male
Mukhlisi,مخلصي,male
Mukhtaar,مختار,male
Mukhtar,مختار,male
Mukhtarah,مختاره,female
Mukhtari,مخترع,male
Mukhtarul-Haq,مختارلهق,male
Mukhthar,مخذر,male
Muktafi,مكتفي,male
Muktamil,مكتمل,male
Mukthadir,مكثدر,male
Muladin,مولدين,male
Mulahib,ملهب,male
Mulail,مليل,male
Mulaisen,ملايس,male
Mulan,مولان,female
Mulatif,ملطف,male
Mulayim,مليم,male
Mulayin,ملايين,male
Mulayka,مليكة,female
Mulayl,مليل,male
Mulazim,ملازم,male
Mulhah,ملحه,female
Mulham,ميولهم,male
Mulhat,ملحة,female
Mulhim,ميولهم,male
Mulk,ملك,male
Mulla,مولى,male
Mulook,ملوك,female
Multamas,ملتمس,male
Multamis,ملتمس,male
Muluk,ملوك,male
Mulukah,ملوكه,female
Mumajjad,ممجد,male
Mumajjid,ممجد,male
Mumayyaz,مميز,female
Mumin,لتي,male
Mummar,ممر,male
Mumtaz,ممتاز,female
Mumtaza,ممتازة,female
Mumtazah,ممتازه,female
Muna,مونى,female
Munaadi,منادي,male
Munaam,منام,female
Munaawir,مناور,male
Munabbahan,منبها,male
Munabbihan,منابعها,male
Munadhil,مناضل,male
Munadi,منادي,male
Munadil,مناديل,male
Munadiyah,مناديه,female
Munadiyat,منديات,female
Munaf,مناف,male
Munahid,مناهض,male
Munaim,منعم,male
Munaj,منج,male
Munaji,منجي,male
Munajidah,منجدة,female
Munajji,منجي,male
Munal,منال,male
Munamirah,مناميرة,female
Munaqqaa,منقا,female
Munaqqi,منقي,male
Munar,منار,female
Munasir,منسير,male
Munawar,منور,female
Munawwar,منور,female
Munawwara,منورة,female
Munawwir,منور,male
Munazza,منذ,female
Munazzah,منزه,female
Mundhir,منظر,male
Mundi,مندي,male
Mundiyah,موندية,female
Mundzir,موندزر,male
Muneeb,منيب,male
Muneeba,منيبة,female
Muneebah,منيبة,female
Muneer,منير,male
Muneera,منيرة,female
Muneerah,منيره,female
Muneim,منعم,male
Munerah,منيره,female
Muneza,منذ,female
Munhiz,منهز,male
Munia,مونيا,female
Munib,منيب,male
Muniba,منيبة,female
Munif,منيف,male
Munifa,منيفة,female
Munifah,منيفه,female
Muniif,منيف,male
Munim,منعم,male
Munir,منير,male
Munir-Uz-Zaman,منيرززما,male
Munira,منيرة,female
Munirah,منيره,female
Munis,منيس,male
Munisa,منيسى,female
Munisah,منصة,female
Muniym,منيم,male
Munize,منذ,female
Munji,منجي,male
Munjid,منجد,male
Munjidah,منجدة,female
Munjiyah,منجية,female
Munkadir,منقدر,male
Munna,من,male
Munqad,منقاد,male
Munqiz,منقذ,male
Munshid,منشد,male
Munshidah,منشده,female
Munsif,منصف,male
Muntaha,منتهى,female
Muntahi,منتهي,female
Muntaqa,منطقة,male
Muntaqim,منتقم,male
Muntasaf,منتصف,male
Muntashir,منتشر,male
Muntasir,منتصر,male
Muntasiriyyah,منتصرية,female
Muntazar,منتظر,male
Muntazir,منتظر,male
Munthir,منظر,male
Munzir,منظر,male
Muqadaas,مقدس,female
Muqadas,مقدس,female
Muqaddam,مقدم,male
Muqaddas,مقدس,male
Muqaddasa,مقدسة,female
Muqaddasah,مقدسة,female
Muqaddim,مقاديم,male
Muqaffa,موقفا,male
Muqarab,مقارب,male
Muqarrab,مقارب,male
Muqarrib,مقارب,male
Muqas,مقاس,male
Muqassam,مقسم,male
Muqassim,مقسم,male
Muqatadir,مقتدر,male
Muqazi,مقز,male
Muqbala,مقبلة,female
Muqbalah,مقبله,female
Muqbil,مقبل,male
Muqeet,مقيت,male
Muqid,مقيد,male
Muqla,لاريب,female
Muqrin,مقرين,male
Muqsit,مقصية,male
Muqsith,مقصيث,male
Muqtadi,مقتدي,male
Muqtadir,مقتدر,male
Muqtafi,مقتف,male
Muqtasid,مقتصد,male
Muraad,مراد,male
Murabbi,مربي,male
Murad,مراد,male
Muradat,مرضت,female
Muraffah,معرفه,male
Muraffal,مرفل,male
Murahiban,مرحبا,male
Muraih,موريه,male
Muraihah,مريحه,female
Muraishid,مريشيد,male
Murakhas,مرخص,male
Murarah,مرره,male
Murashih,مرشح,male
Murat,مرات,male
Murawwah,مروه,male
Murawwih,مراويح,male
Murazi,مرز,male
Muraziyah,مريزية,female
Murdah,مورده,male
Murdif,مردف,male
Murdini,موردين,male
Murdiyyah,مرضيه,female
Murdock,,male
Murfid,مورفيد,male
Murfiq,مرفق,male
Murghib,مرغب,male
Murid,مريض,male
Muridah,مريضه,female
Muridan,مريضا,male
Muriel,,female
Murih,موريه,male
Muriha,مريحة,female
Murihah,مريحه,female
Murihan,مريهان,male
Murkhi,مرخي,male
Murkhis,مرخص,male
Murl,,male
Murphy,,male
Murran,موران,male
Murray,,male
Murry,,male
Mursal,مرسل,male
Mursalah,مرسله,female
Mursaleen,مرسلين,male
Mursali,مرسالي,male
Mursalin,مرسلين,male
Murshad,مرشد,male
Murshadi,مرشدي,male
Murshid,مرشد,male
Murshida,مرشدة,female
Murshidaa,مرشدا,female
Murshidah,مرشده,female
Murshidi,مرشدي,male
Mursilah,مرسله,female
Mursili,مرسيل,male
Mursyid,مرسيد,male
Murtaad,مرتاض,male
Murtaaz,مرتز,male
Murtad,مرتد,male
Murtada,مرتضى,male
Murtadaa,مرتدا,male
Murtadha,مرتضى,male
Murtadhy,مرتضي,male
Murtadi,مرتادي,male
Murtah,مرتاح,male
Murtahanullah,مرتهنلله,male
Murtahinullah,مرتاحينلله,male
Murtaqa,مرتقى,male
Murtaqi,مرتقى,male
Murtawi,مرتو,male
Murtaza,مرتزة,male
Murtazi,مرتز,male
Muruj,مروج,female
Murur,مرور,male
Murvareed,مرفرد,female
Murzaq,مرزاق,male
Murzaqah,مرزاقة,female
Murzi,مرز,male
Murziq,مرزق,male
Murziqah,مرزقة,female
Musa,موسى,male
Musaab,مصاب,male
Musaaid,مصايد,male
Musab,مصاب,male
Musabbih,مصابيح,male
Musabbihah,مسبحة,female
Musabi,مصابي,male
Musabir,مصبر,male
Musad,موساد,male
Musadah,موصدة,female
Musadan,مصعدا,male
Musaddad,مسدد,male
Musaddaq,مصدق,male
Musaddas,مسدس,male
Musaddid,مسدد,male
Musaddiq,لتي,male
Musaddiqa,مصادقة,female
Musaddiqah,مصدقه,female
Musadiq,مصاديق,male
Musaf,مصاف,male
Musafah,مسافه,female
Musahib,مصاحب,male
Musaid,مصايد,male
Musairi,مصيري,male
Musalim,مسلم,male
Musallat,موصلات,male
Musalli,موصللي,male
Musallim,مسلم,male
Musamma,مصممة,female
Musan,مسن,male
Musannaf,مصنف,male
Musannif,مصنف,male
Musarat,مسارات,female
Musarrat,مسارات,female
Musawat,موسوعة,female
Musawi,مسوي,male
Musawiyah,مسويه,female
Musawwarah,مصوره,female
Musawwir,مصور,male
Musayeib,مصايب,male
Musaykah,موسيقاه,female
Musayyab,مصايب,male
Musayyib,مصايب,male
Musbih,مسبح,male
Musdi,مصدي,male
Musdiyah,مصدية,female
Musedat,موصدة,male
Musedi,مصدي,male
Museeb,مصيب,male
Musef,مؤسف,male
Musefah,مصفاه,female
Musfir,مسفر,male
Musfira,مصفرة,female
Musfirah,مسفره,female
Mushaa,مشاء,female
Mushab,مشب,male
Mushadaa,مشادة,female
Mushaddaq,مشدق,male
Mushaddiq,مشدديق,male
Mushahid,مشاهد,male
Mushahida,مشاهدة,female
Mushakhis,مشخص,male
Mushariq,مشرق,male
Musharraf,مشرف,male
Musharrafa,مشرفة,female
Musharrafah,مشرفه,female
Musharrafi,مشرفي,male
Musharrafuddin,مشرفدن,male
Musharrif,مشرف,male
Mushawir,مشاوير,male
Mushaywir,مشيور,male
Musheer,مشير,male
Musheer-Uddin,مشردين,male
Musheera,مشيرا,female
Musheerul-Islam,مشيرلسلم,male
Mushfiq,مشفق,male
Mushhid,مشهد,male
Mushiah,موشيه,female
Mushib,مشيب,male
Mushidi,مشيد,male
Mushilah,مشيلح,female
Mushin,مشين,male
Mushir,مشير,male
Mushir-Ul-Haq,مشيرلهق,male
Mushira,مشيرا,female
Mushirah,مشيرة,female
Mushlih,مشلح,male
Mushqari,مشقر,male
Mushrif,مشرف,male
Mushrifah,مشرفه,female
Mushriq,مشرق,male
Mushriqi,مشرقي,male
Mushtaaq,مشتاق,male
Mushtak,مشتاق,male
Mushtaq,مشتاق,female
Mushtaqi,مشتاق,male
Mushtaquddin,مشتاقدن,male
Mushtaree,مشتري,female
Mushtari,مشتري,female
Musid,مزيد,male
Musidah,مصيدة,female
Musiq,موثق,male
Musiqah,موسيقاه,female
Musir,مصير,male
Musirrah,مصيره,female
Musjil,مسجل,male
Muska,موسقى,female
Muskaan,مسكان,female
Muskah,مسكه,female
Muskan,مسكن,female
Musleh,مصلح,male
Musli,موصلي,male
Muslih,مسليه,male
Muslihah,مصلحة,female
Muslihuddin,مسليهدن,male
Muslim,مسلم,male
Muslima,مسلمة,female
Muslimaa,مسلما,female
Muslimah,مسلمه,female
Muslimani,مسلماني,male
Muslimati,مسلمات,female
Muslimi,مسلمي,male
Muslimin,مسلمين,male
Musmih,مسميه,male
Musmil,مزمل,male
Musn,مسن,female
Musnad,مسند,male
Musnah,مصنعه,female
Musnid,مسند,male
Mussah,مسح,female
Mussaret,مصرية,female
Mussarrat,مسارات,male
Mustabshir,مستبشر,male
Mustaeen,مستعين,male
Mustaeenah,مستعينة,female
Mustaf,مصطاف,male
Mustafa,مصطفى,male
Mustafa-Kamal,مصطفكمل,male
Mustafaa,مصطفى,male
Mustafavi,مصطفف,male
Mustafeed,مستفيد,male
Mustafid,مستفيد,male
Mustafiz,مستفز,male
Mustaghfir,مستغفر,male
Mustahaq,مستحق,male
Mustahfiz,مستحفز,male
Mustahiq,مستحق,male
Mustahsan,مستحسن,male
Mustahsin,مستحسن,male
Mustajaab,مستجاب,male
Mustajab,مستجاب,male
Mustajir,مستجير,male
Mustakarim,مستقريم,male
Mustakfi,مستقف,male
Mustakim,مستقيم,male
Mustala,مسطل,male
Mustali,مسطل,male
Mustaltaf,مصطلتف,male
Mustamsik,مستمسك,male
Mustaneeah,مستنيه,female
Mustaneer,مستنير,male
Mustanjid,مستنجد,male
Mustansar,مستانسر,male
Mustansir,مستانسير,male
Mustapha,مصطفى,male
Mustaqeem,مستقيم,male
Mustaqiim,مستقيم,male
Mustaqil,مستقيل,male
Mustaqim,مستقيم,male
Mustarshid,مسترشد,male
Mustashar,مستشار,male
Mustashir,مستشعر,male
Mustasim,مستثم,male
Mustatab,مستتب,male
Mustawi,مستوي,male
Mustazhir,مستظهر,male
Mustazi,مستظ,male
Musthafa,مستحفا,male
Musyaari,مسيار,male
Musyaffa,مزيفة,male
Musyrif,مصيريف,male
Muta,متى,male
Mutaa,معطاء,male
Mutaal,متال,male
Mutabassim,متبعثم,male
Mutad,معتاد,male
Mutahammil,متحامل,male
Mutahar,مطهر,male
Mutahhar,مطهر,male
Mutahhara,مطهرة,female
Mutahharah,مطهره,female
Mutahhir,متحير,male
Mutahhiran,متحيرا,male
Mutailib,مطاليب,male
Mutair,مطير,male
Mutairah,مطيره,female
Mutairi,مطيري,male
Mutakabbir,متكبر,male
Mutakaffil,متكفل,male
Mutali,مطلع,male
Mutalib,مطاليب,male
Mutamad,معتمد,male
Mutamakan,متمكن,male
Mutamid,معتمد,male
Mutamin,مطمئن,male
Mutammim,متمم,male
Mutaqid,متقيد,male
Mutashim,مطشم,male
Mutasim,معتصم,male
Mutawakkil,متوكل,male
Mutawalli,متولي,male
Mutawassit,متوسط,male
Mutaygab,موتيجب,male
Mutayyib,مطايب,male
Mutaz,معتز,male
Mutazah,معتزه,female
Mutazid,مطازيد,male
Mutazz,معتز,male
Mutee,موتي,male
Muthab,مذاب,male
Muthahhar,مظاهر,male
Muthailah,مثيله,female
Muthalaa,مثلا,female
Muthanna,مثنى,male
Muthib,مثيب,male
Muthii,موذي,male
Muthlaa,مثلا,female
Muthlaq,مثلق,male
Muti,موتي,male
Mutia,مطية,female
Mutiul-Islam,متلثلم,male
Mutiur-Rahman,مطيررهما,male
Mutlaq,مطلق,male
Mutmaanah,مطمنه,female
Mutmainnah,مطمئنه,female
Muttalib,مطاليب,male
Muttaqi,متقي,male
Muttaqin,متقن,male
Muttee,موتي,male
Muwafaq,موافق,male
Muwaffaq,موافق,male
Muwaffaqa,موافقة,female
Muwaffiq,موافق,male
Muwahid,موحد,male
Muwakkil,موكل,male
Muwaqqa,مواقع,male
Muwassil,مواصيل,male
Muwwaz,موز,male
Muyassar,ميسر,male
Muyassarah,ميسره,female
Muyassir,ميسر,male
Muyassirah,ميسره,female
Muzaffar,مظفر,male
Muzaffar-Uddin,مظفردن,male
Muzahhi,موزه,male
Muzahir,مظاهر,male
Muzahir-Uddin,مظاهردن,male
Muzain,موزين,male
Muzaina,مزينة,female
Muzainah,مزينه,female
Muzaini,موزين,male
Muzakir,مذكر,male
Muzakkii,ميوزك,male
Muzakkir,مذكر,male
Muzammil,مزمل,female
Muzarib,مذرب,male
Muzaynah,مزينه,female
Muzayyan,مزايين,male
Muzayyanah,مزينه,female
Muzayyin,مزايين,male
Muzdahir,مزدهر,male
Muzdalifa,مزدلفة,female
Muzeeah,موزه,female
Muzhaffar,مزحفر,male
Muzhi,موزه,male
Muzhir,مزهر,male
Muzhirah,مظهره,female
Muzn,مزن,female
Muzna,مزنة,female
Muzzammil,مزمل,male
Mya,,female
Myah,,female
Mychal,,male
Myer,,male
Myiesha,ميشا,female
Mykel,,male
Myla,,female
Mylee,,female
Myles,,male
Mylie,,female
Myra,,female
Myranda,,female
Myreen,ميرين,female
Myrl,,male
Myrle,,female
Myrna,,female
Myron,,male
Myrta,,female
Myrtice,,female
Myrtie,,female
Myrtis,,female
Myrtle,,male
Mysha,ميشا,female
Naabih,نابيه,male
Naadhir,ناظر,male
Naadhirah,ناظره,female
Naadii,نادي,male
Naadim,نادم,male
Naadir,نادر,male
Naadirah,نادره,female
Naafiah,نافيه,female
Naafil,نافل,male
Naail,نايل,male
Naailah,نايلة,female
Naaim,نايم,male
Naaima,نايمة,female
Naairah,ناره,female
Naaji,ناجي,female
Naajidah,نجده,female
Naajih,ناجيه,male
Naajiya,ناجية,female
Naajy,ناجي,male
Naaman,ناما,male
Naaqid,ناقد,male
Naase,ناس,male
Naashih,ناشه,male
Naashir,ناشر,male
Naashirah,ناشره,female
Naashitah,ناشطة,female
Naasih,ناسيه,male
Naasihah,ناصحه,female
Naasik,ناسيك,male
Naasir,ناصر,male
Naasir-Ud-Dolah,نسرددلة,male
Naasir-Uddin,نسردن,male
Naasir-Ul-Islam,ناصرلصلم,male
Naasira,ناصر,female
Naathim,ناظم,male
Naayel,نايل,male
Naayela,نايلة,female
Naaz,ناز,female
Naazhim,نازحيم,male
Naazhimah,نازحيمة,female
Naazhirah,نظهرة,female
Naazir,ناظر,male
Naazira,ناظرة,female
Naazneen,نظن,female
Naba,نبى,female
Nabaahat,نباهة,female
Nabaha,نباهة,female
Nabahat,نبحت,female
Nabawi,نبوي,male
Nabawiya,نبوية,female
Nabayil,نبيل,male
Nabeeh,نبيه,male
Nabeeha,نبيها,female
Nabeel,نبيل,male
Nabeela,نبيلة,female
Nabeelah,نبيله,female
Nabhaan,نبهان,male
Nabhan,نبهان,male
Nabhanah,نبهانة,female
Nabi,نبي,male
Nabi-Bakhsh,نبيبخش,male
Nabigh,نبغ,male
Nabighah,نبغاه,female
Nabih,نبيه,male
Nabiha,نبيهة,female
Nabihah,نبيهه,female
Nabihi,نبيه,male
Nabiih,نبيه,male
Nabijah,نبيجة,female
Nabil,نبيل,male
Nabila,نبيلة,female
Nabilah,نبيله,female
Nabili,نبيل,male
Nabit,نابية,male
Nabiullah,نبيله,male
Nacer,نشر,male
Nacira,نسيرة,female
Nada,نادى,female
Nadaa,نداء,female
Naddaa,نداء,female
Nadeeda,نضيد,female
Nadeem,نديم,male
Nadeemah,نديمه,female
Nadeen,نادين,female
Nadeer,ندير,male
Nadeerah,نادره,female
Nader,نادر,male
Nadesh,ندش,female
Nadheer,نظير,male
Nadhir,نظير,male
Nadhr,نظر,male
Nadi,نادي,female
Nadia,لتي,male
Nadiaa,نداء,female
Nadida,نضيد,female
Nadidah,نضيدة,female
Nadim,نديم,male
Nadima,نادمة,female
Nadimah,نادمه,female
Nadine,نادين,female
Nadir,نادر,male
Nadira,نادرة,female
Nadiraa,نادرا,female
Nadirah,نادره,female
Nadiyah,ناديه,female
Nadiyya,نادية,female
Nadjib,ناضجيب,male
Nadjiba,ناضجيبا,female
Nadqid,ندقد,male
Nadr,نادر,male
Nadra,نضرة,female
Nadrah,نادره,female
Nadriyyah,نظرية,female
Nadwa,ندوة,female
Nadwah,ندوة,female
Nadya,نادية,female
Nadyne,نادين,female
Naeem,نايم,male
Naeem-Ullah,نمله,male
Naeema,نايمة,female
Naeemaat,نيمات,female
Naeemah,نايمه,female
Naef,نايف,male
Nafahat,نفحات,female
Nafal,نافل,male
Nafasat,نفسة,female
Nafay,نفي,female
Nafees,نفيس,male
Nafeesa,نفيسة,female
Nafeesah,نفسه,female
Nafeeza,نافذة,female
Nafesa,نفسى,female
Nafi,نفي,male
Nafia,نافيا,female
Nafiah,نفيه,female
Nafih,نفيه,male
Nafiis,نفيس,male
Nafil,نفيل,male
Nafis,نفس,male
Nafisa,نفيسة,female
Nafisah,نفسه,female
Nafissa,نفيسة,female
Nafiz,نفذ,male
Nafizah,نافذه,female
Nafla,نافلة,female
Naflah,نافلة,female
Nageen,ناجين,female
Nageena,نجينا,female
Nageenah,ناجينة,female
Nagenah,نجنة,female
Nagheen,ناجحين,female
Naghma,نغمة,female
Naghmah,نغمه,female
Naghmat,نغمة,female
Nagi,ناجي,male
Nagib,نجيب,male
Nagid,نجد,male
Nagina,نجينا,female
Nagla,نجلا,female
Nagma,نجمة,female
Naguib,نجيب,male
Nagwa,نجوى,female
Nahad,ناهد,female
Nahal,نهال,female
Nahala,نهلة,female
Nahar,نهار,female
Naheed,نحيد,female
Naheeda,نهضة,female
Nahi,نهي,male
Nahid,ناهد,female
Nahida,نهضة,female
Nahidah,نهضة,female
Nahiya,ناحية,female
Nahiz,ناهز,male
Nahiza,نحظى,female
Nahizah,ناهزة,female
Nahjah,نهجه,female
Nahla,نهلة,female
Nahlah,نهله,female
Nahleejah,نحلجة,female
Nahran,نهران,female
Nahshal,نهشل,male
Nahwah,نحوه,female
Nahwan,نهون,male
Nahyan,نهيان,male
Nahzan,نحزن,male
Nahzat,ناهزت,male
Naib,نائب,male
Naida,نايدا,female
Naif,نايف,male
Naifah,نايفه,female
Naifnail,نفنل,male
Naiim,نايم,male
Nail,نيل,female
Naila,لتي,male
Nailah,نيله,female
Nailawfir,نيلوفر,female
Nailufar,نيلوفر,female
Naim,نايم,male
Naima,نعيمة,female
Naimah,نايمه,female
Naimat,نيمات,female
Naimur-Rahman,نمررهما,male
Nain,نعين,female
Naina,نينا,female
Naira,نَائِرَة,female
Nairah,نيره,female
Naiyyir,نير,male
Naiyyira,نيرة,female
Naizak,نيزك,male
Najaah,نجاح,female
Najaat,نجاة,male
Najaf,نجف,female
Najah,نجاح,female
Najair,نجار,male
Najam,نجم,male
Najat,نجاة,female
Najd,نجد,male
Najdah,نجده,female
Najdat,نجدت,male
Najdi,نجدي,male
Najdiyyah,نجديه,female
Najee,ناجي,male
Najeeb,نجيب,male
Najeeba,نجيبة,female
Najeed,نجيد,male
Najeedah,نجده,female
Najeeh,نجيح,male
Najeemah,نجمه,female
Najeemuddin,نجيمدن,male
Najet,نجت,female
Najhah,ناجحه,female
Najhat,نجحت,female
Naji,ناجي,male
Najia,ناجية,female
Najib,نجيب,male
Najib-Ud-Din,نجيبددن,male
Najib-Ullah,نجيبلله,male
Najiba,نجيبة,female
Najibah,نجيبه,female
Najid,نجد,male
Najida,نجد,female
Najidaa,نجدا,female
Najidah,نجده,female
Najih,ناجح,male
Najiha,ناجحة,female
Najihah,ناجحه,female
Najillah,نجعله,male
Najiullah,نجعله,male
Najiya,نجية,female
Najiyah,نجيح,female
Najiyyah,نجيح,female
Najiyyullah,نجيلة,male
Najjad,نجد,male
Najjar,نجار,male
Najji,ناجي,male
Najla,نجلا,female
Najlaa,نجلاء,female
Najlah,نجله,female
Najlan,نجلا,female
Najlat,نجلة,female
Najm,نجم,female
Najm-Al-Din,نجملدن,male
Najm-Ud-Dawlah,نجمددولة,male
Najm-Uddin,نجمدن,male
Najm-Udeen,نجمد,male
Najm-Us-Saqib,نجمسصقب,male
Najma,نجما,female
Najmaa,نجما,female
Najmah,نجمه,female
Najmii,نجمي,male
Najmiyyah,نجمية,female
Najmuddin,نجمدن,male
Najud,نجد,female
Najumah,نجومه,female
Najwa,نجوى,female
Najwan,نجوان,female
Najya,ناجية,female
Nakhat,نكهات,female
Nakheel,نخيل,female
Nakhlah,نخله,female
Nakhlan,نخلا,male
Nakia,نقية,female
Nakir,نكير,male
Nakisha,,female
Nakita,,female
Nallely,,female
Nama,ناما,female
Namaa,نماء,female
Naman,نعمان,male
Namar,نمر,female
Namdar,نمدر,male
Nameer,نمير,male
Nameera,نميرى,female
Nami,نامي,male
Namia,نامية,female
Namik,نامق,male
Namiq,نامق,male
Namir,نمير,male
Namirah,نمره,female
Namiyah,نامية,female
Namjur,نامجر,male
Namon,,male
Namood,نمود,male
Namra,نمرة,female
Namran,نمران,male
Namvar,نمفر,male
Namyla,نميل,female
Nan,,female
Nana,,female
Nanci,,female
Nancie,,female
Nancy,,male
Nanette,,female
Nangial,ننجيل,male
Nangialai,ننجيل,female
Nanie,,female
Nanna,,female
Nannette,,female
Nannie,,female
Naoma,,female
Naomi,,female
Naoum,نوم,male
Napoleon,,male
Naqa,ناقة,female
Naqaawa,نقاوة,female
Naqeeb,نقيب,male
Naqeeba,نقيبا,female
Naqeebah,نقيبة,female
Naqeel,نقيل,male
Naqi,نقي,male
Naqib,نقيب,male
Naqiba,نقيبا,female
Naqid,نقيض,male
Naqil,نقل,male
Naqilah,نقله,female
Naqit,نقية,male
Naqiya,نقية,female
Naqqaash,نقاش,male
Naqqad,نقد,male
Naqqash,نقاش,male
Naqsheen,ناقش,female
Naraiman,ناريمان,female
Naratain,نرتن,female
Narcissus,,female
Nardana,ناردني,female
Nardeen,ناردين,female
Nareen,نارين,female
Narenja,نارنجا,female
Nargis,نرجس,female
Nargol,نرجول,female
Nariman,ناريمان,male
Narina,نارين,female
Narinaa,نارنا,female
Narisha,نرش,female
Narjis,نرجس,female
Narmeen,نرمين,female
Narmin,نرمين,male
Narmina,نرمين,female
Naroon,نار,female
Narvan,نرفا,female
Nasaar,نصار,male
Nasar,نصر,female
Nasayir,نصير,female
Naseeb,نصيب,male
Naseeba,نسيبة,female
Naseef,ناصيف,male
Naseefa,ناصيف,female
Naseeh,ناسيه,male
Naseeha,نصيحة,female
Naseeka,ناسيك,female
Naseel,نزيل,male
Naseem,نسيم,male
Naseema,نسيمة,female
Naseemah,نسيمه,female
Naseer,نصير,male
Naseer-Uddin,نسردن,male
Naseer-Ul-Islam,نصيرلسلم,male
Naseera,نصيرا,female
Naseeraa,نصيرا,female
Naseerah,نصيره,female
Naseeruddolah,نسردلة,male
Naser,ناصر,male
Nash,,male
Nasha,ناسها,female
Nashah,ناشه,male
Nashat,نشأت,female
Nasheed,نشيد,female
Nasheelah,نشيله,female
Nasheem,نشم,female
Nasheet,نشيط,male
Nashema,نشم,female
Nashia,ناشئة,female
Nashid,نشيد,male
Nashida,نشيدة,female
Nashidah,نشيده,female
Nashif,ناشف,male
Nashiif,ناشف,male
Nashiir,نشير,male
Nashika,نشقى,female
Nashir,نشير,male
Nashirah,نشره,female
Nashit,نشيط,male
Nashita,نشيطة,female
Nashitah,نشيطة,female
Nashmeel,نشميل,female
Nashmia,نشمية,female
Nashr,نشر,male
Nashr-Ullah,نشرلله,male
Nashwa,نشوة,female
Nashwaa,نشوا,female
Nashwan,نشوان,female
Nasia,نصية,female
Nasib,نصيب,male
Nasiba,نصيبا,female
Nasif,ناصيف,male
Nasifa,ناسفة,female
Nasifah,نصيفه,female
Nasih,ناسيه,male
Nasih-Uddin,نصيحدن,male
Nasiha,نصيحة,female
Nasihah,نصيحه,female
Nasiim,نسيم,male
Nasik,ناسيك,male
Nasikah,نسكه,female
Nasikh,نسخ,male
Nasikhah,نسخه,female
Nasila,نصلى,female
Nasim,نسيم,female
Nasim-Uddin,نصمدن,male
Nasim-Ul-Haq,نسيملهق,male
Nasima,نسيمة,female
Nasimaa,نسما,female
Nasimah,نسيمه,female
Nasiqa,نسقا,female
Nasir,ناصر,male
Nasir-Al-Din,ناصرالدين,male
Nasir-Ud-Din,نسرددن,male
Nasir-Ud-Dolah,نسرددلة,male
Nasir-Ul-Islam,نصيرلسلم,male
Nasira,نصيرا,female
Nasirah,نصيره,male
Nasiraldin,ناصرالدين,male
Nasiruddin,نسردن,male
Nasma,نسمة,female
Nasmah,نسمح,female
Nasmi,نسمي,female
Nasooh,نصوح,male
Nasr,نصر,male
Nasr-Ullah,ناصرلله,male
Nasra,ناصرا,female
Nasraa,نصرا,female
Nasrallah,نصرالله,male
Nasrat,نصرت,male
Nasreen,نسرين,female
Nasri,نصري,female
Nasrin,نسرين,female
Nasruddin,نسردن,male
Nasrullah,ناصرلله,male
Nassah,ناصح,male
Nassar,نصار,male
Nasser,ناصر,male
Nasser-Udeen,نسرد,male
Nassim,نسيم,male
Nasuh,ناصح,male
Nasya,نصية,female
Nat,,male
Natalee,,female
Natalia,,female
Natalie,,female
Nataly,,female
Natalya,,female
Natara,ناطرة,female
Natasha,ناتاشا,female
Nathalia,,female
Nathalie,,female
Nathaly,,female
Nathan,,male
Nathanael,,male
Nathanial,,male
Nathaniel,,male
Natheer,نظير,male
Nathen,,male
Nathifa,نظيفة,female
Natila,نطيل,female
Natiq,نطيق,male
Natiqa,ناطقة,female
Natosha,,female
Nattaj,ناتج,male
Naufal,نوفل,male
Naumaan,نومان,male
Nauman,نؤمن,male
Nauratan,نورتن,female
Naureen,نورين,female
Naurus,نورس,female
Naushaba,ناشبة,female
Naushabah,نشبه,female
Naushad,ناشد,male
Nausheen,ناصحين,female
Naushin,ناصحين,female
Nautica,,female
Nava,نفى,female
Naveda,نافذة,female
Naveed,نفيد,male
Naveen,نفين,female
Navid,نفيد,male
Navida,نافذة,female
Navil,نفيل,female
Nawaaf,نواف,male
Nawab,نواب,male
Nawaf,نواف,male
Nawafil,نوفيل,male
Nawal,نوال,female
Nawar,نوار,female
Nawat,نواة,female
Nawaylah,نويلة,female
Nawaz,نواز,male
Naweed,نود,female
Nawel,ناول,female
Nawf,نوف,male
Nawfa,نوفا,female
Nawfaa,نوفا,female
Nawfah,نوفه,female
Nawfal,نوفل,male
Nawfalah,نوفلة,female
Nawfan,نوفان,male
Nawhan,نوحا,male
Nawl,ناول,male
Nawla,ناول,female
Nawlaa,ناول,female
Nawlah,ناوله,female
Nawr,نور,female
Nawra,نورة,female
Nawraa,نوراء,female
Nawrah,نوره,female
Nawras,نورس,male
Nawroz,نوروز,female
Nawwaar,نوار,male
Nawwab,نواب,male
Nawwaf,نواف,male
Nawwal,نوال,female
Nawwar,نور,female
Nawwarah,نوره,female
Nawyan,ناوين,male
Nawzaa,نعوذ,female
Nay,ناي,male
Nayab,نايب,male
Nayamee,نيامي,female
Nayef,نايف,male
Nayel,نايل,male
Nayeli,,female
Nayely,,female
Nayem,نايم,male
Nayif,نايف,male
Nayila,نايلة,female
Nayir,نير,female
Nayla,نايلة,female
Naylaa,نيلا,female
Nayyab,نايب,female
Nayyar,نير,male
Nayyara,نيرة,female
Nayyir,نير,male
Nayyirah,نيره,female
Nazaaha,نزاهة,female
Nazaara,نزار,female
Nazafarin,نظفرن,female
Nazaha,نزهة,female
Nazahah,نزهة,female
Nazakat,نزكيه,female
Nazan,نظن,female
Nazanin,نازعنين,female
Nazanina,نازعنينا,female
Nazar,نزار,male
Nazara,نظرة,female
Nazarat,نظارات,female
Nazarha,نظرها,female
Nazdana,نزدانا,female
Nazee,نازي,female
Nazeef,نزيف,female
Nazeefah,نظيفه,female
Nazeeh,نزيه,male
Nazeeha,نزيهة,female
Nazeek,نازك,female
Nazeela,نزيلا,female
Nazeem,نظيم,male
Nazeemah,نظمه,female
Nazeer,نذير,male
Nazeera,نذيرا,female
Nazeerah,نظيره,female
Nazeeta,نزعت,female
Nazeeya,نزية,female
Nazer,ناظر,male
Nazgul,نزغل,female
Nazhan,نزهان,male
Nazheerah,نظهرة,female
Nazhif,نازحيف,male
Nazhiif,نازحيف,male
Nazhir,نظهر,male
Nazhmii,نزهم,female
Nazia,نزية,female
Naziah,نزيه,female
Nazif,نزيف,male
Nazifa,نظيفة,female
Nazih,نزيه,male
Naziha,نزيهة,female
Nazihah,نزيهه,female
Naziih,نزيه,male
Nazila,نزيلا,female
Nazim,نظم,male
Nazim-Uddin,نظمدن,male
Nazima,نظما,female
Nazimah,نظمه,female
Nazindah,نزيندة,female
Nazir,نذير,male
Nazir-Uddin,نظيردن,male
Nazir-Ul-Islam,نظيرلسلم,male
Nazira,نذيرا,female
Nazirah,نظيره,female
Nazish,نزيش,female
Nazlar,نزلر,female
Nazli,نزلي,female
Nazm,نظم,male
Nazma,نظما,female
Nazmi,نظمي,male
Nazmin,نظمن,female
Nazmiyyah,نظمية,female
Nazneen,نظن,female
Naznin,نظنن,female
Nazo,نزه,female
Nazpari,نذبر,female
Nazra,نظرة,female
Nazraana,نظرنا,female
Nazrat,نظرة,female
Nazuk,نازك,female
Nazy,نازي,female
Nazzar,نظر,male
Nazzeer,نظير,male
Neal,,male
Nealie,,female
Nealy,,female
Ned,,male
Nedjma,نضجما,female
Nedra,,female
Needham,,male
Neeka,نيك,female
Neekan,نكن,male
Neekdokht,نقدخة,female
Neeki,نيكي,female
Neeknaz,نيكنز,female
Neekta,نقطة,female
Neeku,نيك,female
Neelam,نعلم,female
Neelgoun,نلجن,female
Neelma,نعلم,female
Neelofar,نيلوفر,female
Neelofer,نيلوفر,female
Neelu,نيل,female
Neely,,male
Neem,نيم,female
Neerumand,نيرميند,male
Neeshad,نشد,female
Neeya,نيية,female
Negaah,نجاح,female
Negaara,نجارة,female
Negaarin,نجارين,female
Negar,نجار,female
Neghin,نجحن,female
Neha,نهى,female
Nehad,نهاد,male
Nehal,نهال,female
Nehan,نحن,male
Nehemiah,,male
Nehla,نهلة,female
Nehrin,نهرين,male
Neil,,male
Neima,نيما,female
Neimaat,نيمات,female
Neimat,نيمات,male
Nejat,نجاة,female
Nelam,نعلم,female
Nelda,,female
Nelee,نيلي,female
Nelia,,female
Nelie,,female
Nell,,female
Nella,,female
Nelle,,female
Nellie,,male
Nello,,male
Nelly,,female
Nelofar,نيلوفر,female
Nels,,male
Nelson,,male
Nemat,نيمات,male
Nemoona,نمونا,female
Nen,ن,male
Nena,,female
Neola,,female
Neoma,,female
Neppie,,female
Nereida,,female
Nery,,male
Nesayem,نسايم,female
Nesrin,نسرين,female
Nestor,,male
Neta,,female
Netta,,female
Nettie,,female
Neva,,female
Nevada,,female
Nevaeh,نفاه,female
Neveah,,female
Nevin,,male
Newell,,male
Newman,,male
Newt,,male
Newton,,male
Nia,,female
Niam,نيم,male
Niamullah,نمله,male
Niaz,نياز,male
Niazi,نيازي,male
Niazmina,نظمنا,female
Nibaal,نيبال,female
Nibal,نيبال,female
Nibraas,نبراس,male
Nibras,نبراس,male
Nichelle,,female
Nichol,,female
Nicholas,,male
Nicholaus,,male
Nichole,,female
Nick,,male
Nicki,,female
Nicklaus,,male
Nickolas,,male
Nicky,,male
Nico,,male
Nicola,,female
Nicolas,,male
Nicole,,male
Nicolette,,female
Nicolle,,female
Nida,ندى,female
Nidaa,نداء,female
Nidal,نضال,male
Nidda,ندى,female
Niddat,نددت,female
Nigaar,نيجار,female
Nigar,نيجر,female
Nigel,,male
Nighat,نجحت,female
Niha,نيها,female
Nihaal,نيهال,male
Nihad,نهاد,female
Nihal,نهال,female
Nihala,نيهال,female
Nihan,نحن,male
Nihar,نهار,male
Nihel,نحل,female
Nihla,نهلة,female
Nihlah,نهله,female
Nija,نيجى,female
Nijad,نجد,male
Nijah,نجاح,female
Nijarah,نجاره,female
Nijarat,نجارة,female
Nijat,نجاة,female
Nikhat,نكهات,female
Nikhil,,male
Niki,,female
Nikia,,female
Nikita,,female
Nikki,,female
Nikko,,male
Niknam,نكنيم,male
Niko,,male
Nikolai,,male
Nikolas,,male
Nikole,,female
Nikrouz,نقرؤز,male
Nikzad,نيكزد,male
Nila,نيلة,female
Nilaa,نيلا,female
Nilabh,نلعبه,male
Nilah,نيله,female
Nilda,,female
Nile,,male
Niles,,male
Nilia,نيلية,female
Niliyyah,نيلية,female
Nilofar,نيلوفر,female
Nilofer,نيلوفر,female
Niloufar,نيلوفر,female
Nils,,male
Nilufar,نيلوفر,female
Nim,,male
Nima,نعمة,female
Nimaat,نيمات,female
Nimah,نعمه,female
Nimat,نيمات,male
Nimat-Ullah,نيماتلله,male
Nimatullah,نيماتلله,female
Nimerah,نمره,female
Nimr,نمر,male
Nimra,نمرة,female
Nimrah,نمره,female
Nina,نينا,female
Ninnie,,female
Ninos,نينوس,male
Nira,,female
Nisa,نيسا,female
Nisar,نصر,male
Nisbah,نسبه,female
Nisbat,نسبة,female
Nisbi,نسبي,female
Nisha,نشا,female
Nishaaj,نشيج,male
Nishaath,نشاطه,male
Nishat,نشاط,female
Nishtar,نشتر,male
Nisma,نسمة,female
Nismah,نسمه,female
Nismat,نسمات,female
Nisreen,نسرين,female
Nisrin,نسرين,female
Nissa,نيسا,female
Niswah,نسوه,female
Nita,,female
Nitaj,نتاج,male
Nithar,نظر,male
Nivin,نيفين,female
Niyaf,نيف,female
Niyayesh,نييش,female
Niyaz,نياز,female
Niyazi,نيازي,male
Niyoosha,نعيش,male
Niyusha,نعيش,female
Niyyat,نيية,female
Nizal,نزل,male
Nizalah,نزله,female
Nizam,نظام,male
Nizam-Uddin,نظامدن,male
Nizam-Ul-Mulk,نظاململك,male
Nizamat,نظمت,male
Nizami,نظامي,male
Nizamuddin,نظامدن,male
Nizar,نزار,male
Nizhaam,نزهام,male
Nizzar,نظر,male
Noah,,male
Nobahar,نبحر,female
Nobakht,نوبخت,male
Nobar,نوبار,female
Nobie,,female
Noble,,male
Noe,,male
Noel,,male
Noelia,,female
Noelle,,female
Noemi,,female
Noemie,,female
Nofal,نوفل,male
Nogul,نجل,female
Nohely,,female
Nojood,نجود,female
Nokhez,نوخذ,male
Nola,,female
Nolan,,male
Nolen,,male
Nolia,,female
Nolie,,female
Noma,,female
Noman,نومان,male
Nona,,female
Nonie,,female
Nooh,نوح,male
Noon,نون,female
Nooni,نوني,female
Noor,لتي,male
Noor-Al-Haya,نورالحيا,female
Noor-Jehan,نرجعها,female
Noor-Muhammad,نورمحمد,male
Noor-Ud-Din,نرددن,male
Noor-Ud-Dunya,نرددنيا,female
Noor-Udeen,نورد,male
Noor-Ul-Alam,نورللم,male
Noor-Ul-Islam,نورليسلم,male
Noor-Un-Nahar,نورننهر,female
Noor-Us-Sabah,نورسسبة,female
Noor-Uz-Zaman,نوروززما,male
Noora,نورا,female
Noorafsha,نعرفش,female
Noorah,نوره,female
Nooralhaya,نورالحيا,female
Noorali,نورعلي,male
Nooraniyah,نورانية,female
Noordin,نردين,male
Noori,نوري,female
Noorie,نوري,female
Noorien,نورين,female
Nooriya,نورية,female
Noorjahan,نرجعها,female
Noorjehan,نرجعها,female
Noorul-Absar,نورلبسر,male
Noorul-Ayn,نورلين,male
Noorul-Haq,نورلهق,male
Noorul-Huda,نورلهدا,male
Noorulain,نورلين,female
Noorullah,نورلله,male
Nooruz-Zaman,نوروززما,male
Noqra,نقرا,female
Nora,نورا,female
Norah,نوره,female
Noraiz,نرز,male
Norbert,,male
Norberto,,male
Noreen,نورين,female
Noreenah,نورينة,female
Norene,,female
Noreta,,female
Noretta,,female
Norhan,نورهان,female
Norine,,female
Norita,,female
Noriza,نرزا,female
Norma,,female
Norman,,male
Normand,,male
Norosta,نورستا,female
Norris,,male
North,,male
Norton,,male
Norval,,male
Norwood,,male
Noshaba,نشبة,female
Nosheen,نشن,female
Noshi,نوشي,female
Noshin,نشن,female
Nouf,نوف,female
Noufal,نوفل,male
Nouh,نوح,male
Noum,نوم,female
Nouman,نؤمن,male
Nour,نور,female
Nouran,نوران,female
Nouranghiz,نورانغز,female
Noureddine,نردين,male
Noureen,نورين,female
Noursaba,نورسبا,female
Nousha,نشا,female
Noushaa,نشاء,female
Noushafarin,نشفرن,female
Noushin,نيوشن,female
Noushzad,نشزد,male
Nouzhan,نزهان,female
Nouzhin,نزهن,female
Nova,,female
Novella,,female
Novin,نفين,male
Nowrooz,نوروز,male
Nowzar,نوذر,male
Noya,نية,female
Nuaim,نواعم,female
Nuaimaan,نعمان,male
Nuaimaat,نيمات,female
Nuaimah,نايمه,female
Nuaybah,نيبة,female
Nuaym,نايم,male
Nuaymah,نايمه,female
Nubaid,نبيد,male
Nubla,نوبل,female
Nuboogh,نبوغ,female
Nubugh,نبوغ,male
Nudair,ندير,male
Nudairah,نظيره,female
Nudar,ندر,female
Nudbah,ندبه,female
Nudhar,نظر,female
Nudoora,ندورة,female
Nudra,ندرة,female
Nudrat,ندرة,female
Nudriyyah,نظرية,female
Nufail,نوفيل,male
Nufaysah,نفيسه,female
Nuh,نوح,male
Nuha,نهى,female
Nuhaa,نحاء,female
Nuhaid,نحيد,male
Nuhayd,نحيد,male
Nuhiah,نهيه,female
Nuhuz,نحوز,male
Nujaid,نجيد,male
Nujaidah,نجده,female
Nujaim,نجيم,male
Nujaimah,نجمه,female
Nujud,نجد,female
Nukhail,نخيل,male
Numa,نومة,female
Numaan,نومان,male
Numair,نمير,male
Numan,نومان,male
Numou,نمو,female
Nunah,نونه,female
Nunzio,,male
Nuqawah,نقاوة,female
Nuqrah,نقره,female
Nur,نور,female
Nur-Al-Din,نورالدين,male
Nur-Al-Huda,نورالهدى,female
Nur-Firdaus,نورفردس,male
Nur-Ul-Qiblatayn,نورلقبلتين,male
Nura,نورة,female
Nuraa,نوراء,female
Nurah,نوره,female
Nurahan,نورهان,female
Nuraiz,نرز,male
Nuralain,نورالعين,female
Nurani,نوراني,female
Nurat,نورت,female
Nurayda,نريد,female
Nuraz,نرز,male
Nurdeen,نردين,male
Nureen,نورين,female
Nurfirdaus,نورفردس,male
Nuri,نوري,female
Nuril,نورعل,male
Nuriya,نورية,female
Nuriyah,نوريه,female
Nurjahan,نرجعها,female
Nurjenna,نرجنا,female
Nurshah,نرشح,female
Nurtaj,نرتج,female
Nuruddin,نردين,male
Nurulislam,نورليسلم,male
Nurullah,نورلله,male
Nuryn,نورين,female
Nusaib,نصيب,male
Nusaiba,نسيبة,female
Nusaibah,نصيبه,female
Nusaim,نسيم,male
Nusaimah,نسيمه,female
Nusair,نصير,male
Nusairah,نصيره,female
Nusaiybah,نصيبه,female
Nusayb,نصيب,male
Nusayba,نسيبة,female
Nusaybah,نصيبه,female
Nusayr,نصير,male
Nushab,نشب,male
Nushaba,نشبة,female
Nushad,نشد,male
Nushur,نشر,female
Nusrah,نصره,female
Nusrat,نصرة,female
Nusrat-Uddin,نصرتدن,male
Nusur,نصر,male
Nutou,نت,female
Nuurii,نوري,male
Nuwaib,نوائب,male
Nuwaidir,نوادر,male
Nuwair,نوير,male
Nuwaira,نويرة,female
Nuwairah,نويره,female
Nuwairan,نويران,male
Nuwaisir,نويصر,male
Nuwayla,نويل,female
Nuwaylah,نويلة,female
Nuwayrah,نويره,female
Nuwwar,نور,female
Nuwwara,نورة,female
Nuwwarah,نوره,female
Nuwwarrah,نوره,female
Nuzair,نذير,male
Nuzairah,نظيره,female
Nuzar,نزار,female
Nuzayh,نزيه,male
Nuzha,نزهة,female
Nuzhaa,نزهة,female
Nuzhah,نزهة,female
Nuzhan,نزهان,male
Nuzhat,نزهة,female
Nuzhi,نزح,male
Nya,,female
Nyah,,female
Nyasia,نيسا,female
Nyla,نيلة,female
Nylah,,female
Nyneishia,نينيشية,female
Nyree,,female
Oakley,,male
Obaid,عبيد,male
Obaidiyah,بيديه,female
Obe,,male
Obed,,male
Obie,,male
Ocie,,male
Octa,,female
Octave,,male
Octavia,,female
Octavie,,female
Octavio,,male
Octavius,,male
Oda,,male
Odalis,,female
Odalys,,female
Oddie,,male
Odelia,,female
Odell,,male
Odessa,,female
Odette,,female
Odie,,male
Odile,,female
Odin,,male
Odis,,male
Odus,,male
Ofelia,,female
Offie,,male
Ogden,,male
Ohda,أحدا,female
Ohelah,أهله,female
Ojala,عجلة,female
Okey,,male
Oktai,أكت,male
Ola,,male
Olaf,,male
Olan,,male
Oland,,male
Olar,,female
Oldooz,الدوز,female
Ole,,male
Olen,,male
Olena,,female
Olene,,female
Oleta,,female
Olevia,,female
Oley,,male
Olga,,female
Olie,,male
Olin,,male
Olinda,,female
Oline,,female
Oliva,,female
Olive,,male
Oliver,,male
Olivia,,female
Olivine,,female
Olka,ألقى,female
Ollie,,male
Olof,,male
Olympia,,female
Oma,,female
Omaijid,أمجد,male
Omaimiya,أمامية,female
Omair,أمير,male
Omar,عمر,male
Omari,عمري,male
Omarion,,male
Omeed,عميد,male
Omeir,أمير,male
Omer,,male
Omera,أمرا,female
Omid,عميد,male
Omideh,أمده,female
Omidvar,مظفر,male
Omie,,female
Ommata,أمتى,female
Omniati,أمنياتي,female
Omran,عمران,male
Omrao,عمره,male
Ona,,female
Onaifa,عنيفة,female
Onaitarah,عنتره,female
Onays,أنيس,male
Onaysa,أنيسة,female
Oneal,,male
Oneida,,female
Oneta,,female
Oney,,female
Onie,,female
Onnie,,female
Ons,أنس,male
Onshuda,أنشودة,female
Onsi,أنسي,male
Onsiyah,انسيه,female
Onslow,انزلو,male
Opal,,male
Opha,,female
Ophelia,,female
Ora,أرى,female
Orah,أراه,female
Oraib,عريب,male
Oraiba,أريبا,female
Oraibi,عربي,male
Oraibia,عربية,female
Oral,,male
Oralia,,female
Oran,,male
Orang,أورانج,male
Orange,,male
Orelia,,female
Oren,,male
Orene,,female
Orhan,أورهان,male
Orie,,male
Orilla,,female
Orin,,male
Orion,,male
Oris,,male
Orjun,أرجون,female
Orkhan,أورخان,male
Orla,,male
Orland,,male
Orlando,,male
Orlena,,female
Orley,,male
Orlin,,male
Orlo,,male
Orma,,female
Orna,أرنا,female
Orpha,,female
Orra,,female
Orren,,male
Orrie,,male
Orrin,,male
Orris,,male
Orson,,male
Orval,,male
Orvel,,male
Orvil,,male
Orville,,male
Orvin,,male
Orvis,,male
Orwiya,أروي,female
Orz,أرز,male
Orzah,أرزة,female
Orzala,أرذل,female
Osa,,female
Osama,أسامة,male
Osamaa,أسامة,male
Osbaldo,,male
Osborn,,male
Osborne,,male
Oscar,,male
Osie,,male
Osman,عثمان,male
Ossama,أسامة,male
Ossie,,male
Osvaldo,,male
Oswald,,male
Oswaldo,,male
Ota,,female
Otelia,,female
Otha,,male
Othel,,male
Othmane,عثمان,male
Otho,,male
Otis,,male
Ott,,male
Ottie,,male
Ottilia,,female
Ottilie,,female
Ottis,,male
Otto,,male
Ouhood,عهود,female
Ouida,,female
Oula,أولى,female
Ova,,male
Ovid,,male
Ovila,,male
Owaib,ويب,male
Owaiba,أوبا,female
Owaidat,عويدات,female
Owaiqiba,عواقب,female
Owais,عويس,male
Owaisi,عويس,male
Owaiz,أوز,male
Owaiza,أوز,female
Owaria,أوريا,female
Owen,,male
Owens,,male
Oyaina,عيينة,female
Ozaafar,أظافر,male
Ozell,,male
Ozella,,female
Ozhan,أذهان,male
Ozie,,male
Ozra,عذرا,female
Ozza,أذا,female
Ozzie,,male
Pablo,,male
Padida,بددا,female
Padidah,بضده,female
Page,,male
Paige,,female
Pairlee,,female
Paisley,,female
Paityn,,female
Paivand,بفند,female
Pakeezah,بكيزه,female
Pakiza,بكيزة,female
Pallie,,female
Palma,,female
Palmer,,male
Paloma,,female
Palwasha,بعلوشة,female
Pam,,female
Pamala,,female
Pamela,,male
Pamelia,,female
Pamella,,female
Pamir,بامير,male
Pandora,,female
Pania,بنية,female
Paniz,بنيز,female
Panra,بنر,female
Pansy,,female
Paola,,female
Paralee,,female
Parand,براند,female
Parandis,برانديص,female
Parang,برانج,female
Paransa,برنسة,female
Parastesh,برستش,female
Parastoo,برست,female
Parastu,برست,female
Pardaj,بردج,female
Pardees,برديس,female
Paree,بري,female
Pareechehr,بريشهر,female
Pareechehra,بريشهرا,female
Pareedokht,بريدخة,female
Pareerokh,بريرخ,female
Pareerou,برير,female
Pareesa,باريس,female
Pareesan,بريزن,female
Pareesima,بريسم,female
Pareewash,بريوش,female
Pareezad,برذاذ,female
Parghunda,برغندا,female
Pari,بري,female
Paria,برية,female
Parigol,برجل,female
Parijan,برجان,female
Parikhan,بريقها,female
Parimah,بريمه,female
Parina,بارين,female
Parinaz,بارنز,female
Parinda,بريندا,female
Parinoush,برينوش,female
Paris,,male
Parisa,باريس,female
Parishad,بارشاد,female
Parivash,بعرفش,female
Pariwash,بريوش,female
Pariza,بارزة,female
Parizad,برذاذ,female
Park,,male
Parker,,male
Parla,بيرلا,female
Parlee,,female
Parley,,male
Parmeen,برم,female
Parmees,برمس,female
Parmida,برمدا,female
Parna,برنا,female
Parnia,برنية,female
Parnian,برنين,female
Parrish,,male
Parsa,بارسا,female
Parthenia,,female
Parto,بارت,female
Partou,بارت,female
Parva,بعرفة,female
Parvaiz,برفيز,male
Parvana,بارفان,female
Parvanah,بارفانة,female
Parvar,برفر,female
Parveen,بعرف,female
Parveendokht,برفيندخة,female
Parvez,برفيز,male
Parvin,برفعن,female
Parvina,برفعنا,female
Parween,بروين,female
Parwez,بروز,male
Parwiz,برويز,male
Paryan,بريان,female
Parzheen,بارزه,female
Pascal,,male
Pasha,باشا,male
Pashmina,باشمينا,female
Pason,بس,male
Pasquale,,male
Pat,,male
Patang,بطنج,male
Patasa,بطاسة,female
Pate,,male
Patience,,female
Patman,باتمان,male
Patric,,male
Patrica,,female
Patrice,,female
Patricia,,male
Patrick,,male
Patsy,,male
Patti,,female
Pattie,,female
Patty,,female
Paul,,male
Paula,,female
Pauletta,,female
Paulette,,female
Paulina,,female
Pauline,,male
Paulo,,male
Paxton,,male
Payam,بايام,male
Payten,,female
Payton,,male
Paywastun,بيوستن,male
Pazia,بزي,female
Pearl,,male
Pearla,,female
Pearle,,female
Pearlene,,female
Pearley,,male
Pearlie,,male
Pearline,,female
Pearly,,female
Pedro,,male
Pegah,بجاه,female
Peggie,,female
Peggy,,female
Pelabo,بلعبه,male
Penelope,,female
Peninah,بنيناه,female
Penni,,female
Pennie,,female
Penny,,female
Pepper,,female
Percival,,male
Percy,,male
Peridot,بريدة,female
Perkha,برقها,female
Perla,,female
Perley,,male
Permelia,,female
Pernell,,male
Perri,,female
Perry,,male
Pershing,,male
Pervaiz,برفيز,male
Perzo,برزه,male
Pete,,male
Peter,,male
Petra,,female
Peyton,,male
Peyvand,بيفند,female
Phebe,,female
Pheobe,,female
Phil,,male
Philip,,male
Phillip,,male
Phillis,,female
Philo,,male
Philomena,,female
Philomene,,female
Phoebe,,female
Phoenix,,male
Phylicia,,female
Phylis,,female
Phyliss,,female
Phyllis,,female
Pierce,,male
Pierre,,male
Pinar,بينار,female
Pink,,male
Pinkey,,female
Pinkie,,female
Pinkney,,male
Piper,,female
Pir,بير,male
Piraya,بيريا,female
Piruza,برزة,female
Pirzada,برذاذ,male
Pleas,,male
Pleasant,,male
Ples,,male
Pluma,,female
Plummer,,male
Polk,,male
Pollie,,female
Polly,,female
Poonah,بونة,female
Porfirio,,male
Porgul,برجل,female
Porsche,,female
Porsha,,female
Porter,,male
Portia,,female
Porushat,بروشات,female
Posey,,male
Pounaa,بناء,female
Pounah,بعونه,female
Poupak,بعبق,female
Pouran,بوران,female
Pouri,بوري,female
Powell,,male
Pranav,,male
Pratt,,male
Precious,,female
Prentice,,male
Prentiss,,male
Presley,,male
Press,,male
Preston,,male
Price,,male
Pricilla,,female
Primus,,male
Prince,,male
Princess,,female
Priscila,,female
Priscilla,,female
Prosper,,male
Prudence,,female
Prudie,,female
Pryor,,male
Purandokht,بورندخة,female
Purdil,بورديل,male
Purl,,male
Purnoor,بورنور,female
Purnush,برنش,female
Pursa,بورصة,female
Puyah,بويه,female
Qaabeel,قابيل,male
Qaabilah,قابله,female
Qaadir,قادر,male
Qaaid,قايد,male
Qaailah,قايله,male
Qaaim,قايم,male
Qaanay,قاني,male
Qaani,قاني,male
Qaaniah,قانية,female
Qaanit,قانية,male
Qaari,قاري,male
Qaaria,قارية,female
Qaasim,قاسم,male
Qaayed,قايد,male
Qaazi,قاز,male
Qabalah,قبله,female
Qabbaab,قباب,male
Qabeel,قبيل,male
Qabid,قبض,male
Qabil,قابل,male
Qabila,قبيلة,female
Qabilaa,قبيلة,male
Qabilah,قبيلة,female
Qabis,قبيس,male
Qabiz,قبيز,male
Qablan,قبلان,male
Qabool,قبول,female
Qabus,قابوس,male
Qadar,قادر,male
Qaddar,قادر,male
Qaddarah,قدره,female
Qaddur,قادر,male
Qadduraa,قادرا,female
Qaddurah,قدره,female
Qadeem,قديم,male
Qadeer,قدير,male
Qadeerah,قديره,female
Qadi,قاضي,male
Qadim,قديم,male
Qadiman,قديما,male
Qadimi,قديم,male
Qadir,قادر,male
Qadira,قديرة,female
Qadoom,قدوم,male
Qadr,قادر,male
Qadri,قدري,female
Qadriyah,لتي,male
Qadriyyah,قدرية,female
Qadumah,قدومه,female
Qahhar,قاهر,male
Qahir,قاهر,male
Qahira,قاهرة,female
Qahtan,قحطان,male
Qaid,قيد,male
Qaifa,قفا,female
Qailah,قايله,female
Qaim,قيم,male
Qaima,قائمة,female
Qais,قيس,male
Qaisah,قصه,female
Qaiser,قيصر,male
Qalandar,قلندر,male
Qaleeb,قليب,female
Qamar,قمر,female
Qamara,قمرا,female
Qamaraat,قمرات,female
Qamari,قمري,female
Qamariyyah,قمريه,female
Qamaruddin,قمردن,male
Qamarullah,قمرلله,male
Qamarur-Rahman,قمرررهما,male
Qamarus-Salam,قمرسصلم,male
Qamayr,لتي,male
Qameer,قمير,female
Qamirah,قمره,female
Qamra,قمرا,female
Qamrani,قمران,male
Qamrun,قمرن,female
Qanaat,قناة,female
Qandil,قنديل,male
Qani,قاني,male
Qaniah,قناه,female
Qanit,قانية,male
Qanita,قانتا,female
Qantara,قنطرة,female
Qanturah,قنطرة,female
Qaraah,قراه,female
Qarasafahl,قرصفهل,female
Qareeb,قريب,male
Qareebah,قريبه,female
Qareen,قرين,female
Qari,قارئ,male
Qarib,قريب,male
Qaribah,قريبه,female
Qarirah,قريرة,female
Qarni,قرني,male
Qarsafah,قرصفة,female
Qarurah,قاروره,female
Qaseem,قسم,male
Qaseema,قسيمة,female
Qaseemah,قسيمه,female
Qaseet,قاسية,male
Qasheeb,قشيب,male
Qashid,قشد,male
Qasiba,قصبة,female
Qasid,قاصد,male
Qasida,قصيدة,female
Qasidul-Haq,قصيدلهق,male
Qasif,قصف,male
Qasiim,قسيم,male
Qasim,قسم,male
Qasima,قسيمة,female
Qasimi,قصيمي,male
Qasimuddin,قصيمدن,male
Qasira,قصيرة,female
Qasit,قاسية,male
Qasmaa,قسما,female
Qasmun,قسمن,male
Qasoomah,قصومه,female
Qassam,قسم,male
Qassamah,قسمه,female
Qasumah,قسمه,female
Qaswar,قصور,male
Qaswari,قصوري,male
Qataadah,قتادة,male
Qatadah,قتادة,male
Qatawah,قطوه,male
Qateef,قطيف,male
Qatii,قطي,male
Qawee,قوي,male
Qawi,قوي,male
Qawiyy,قوي,male
Qaylah,قايله,female
Qaymayriyah,قيميرية,female
Qays,قيس,male
Qaysar,قيصر,female
Qayyam,قييم,male
Qayyim,قييم,male
Qayyimah,قيمه,female
Qayyum,قييم,male
Qazafi,قذافي,male
Qazi,قزي,male
Qazim,قزم,male
Qiana,,female
Qiblah,قبله,female
Qiladah,قلاده,female
Qindeel,قنديل,female
Qindil,قنديل,female
Qindilah,قنديلة,female
Qiraat,قرات,female
Qirat,قرأت,female
Qirni,قرني,male
Qirtas,قرطاس,male
Qisaf,قصف,female
Qismah,قسمه,female
Qismat,قسمت,male
Qiwam,قيوم,male
Qiwamuddin,قيومدن,male
Qiyadah,قيادة,female
Qiyam,قييم,female
Qiyyama,قيمة,female
Qobad,قبض,male
Quadir,قدير,male
Quadriyyah,قدرية,female
Quaid,قواعد,male
Quasim,قسم,male
Quba,قبة,female
Qubilah,قبيلة,female
Qudaiman,قديما,male
Qudair,قدير,male
Qudairah,قديره,female
Qudamah,قدمه,male
Quddoos,قدوس,male
Quddoosiyyah,قدسيه,female
Quddusiyah,قدسيه,female
Quddusiyyah,قدسيه,female
Qudoos,قدوس,male
Qudrah,قدره,female
Qudrat,قدرات,male
Qudratullah,قدراتلله,male
Quds,قدس,male
Qudsi,قدسي,male
Qudsia,قدسية,female
Qudsiyah,قدسيه,female
Qudus,قدس,male
Qudwa,قدوة,female
Qudwah,قدوه,female
Queen,,female
Queenie,,female
Quentin,,male
Quiana,,female
Quincy,,male
Quinn,,male
Quint,,male
Quinten,,male
Quintin,,male
Quinton,,male
Qulaib,قليب,male
Qumr,قمر,female
Qumrah,قمره,female
Qumri,قمري,female
Qunbar,قنبر,male
Qunnah,قناه,female
Quraisha,قريشا,female
Quraisy,قريص,male
Quraybah,قريبه,female
Qurb,قرب,female
Qurban,قربان,male
Qureshi,قرشي,male
Qurrah,قره,female
Qurrat,قررت,female
Qurratulain,قررتلن,female
Qurratulayn,قررتلين,female
Qurtulain,قرطلن,male
Qurum,قروم,male
Qusaimah,قسيمه,female
Qusait,قسيت,male
Qusar,قصر,female
Qusay,قصي,male
Qushayyi,قشي,male
Qusta,قسطا,male
Qutaiba,قتيبة,male
Qutaibah,قتيبه,male
Qutaybah,قتيبه,male
Qutaylah,قتيله,female
Qutayyah,قطيعه,female
Qutb,قطب,male
Qutbah,قطبه,male
Qutbuddin,قطبدن,male
Qutbullah,قطبلله,male
Quthb,قوتهب,male
Qutub,قطب,male
Qutuz,قطز,male
Quwa,قوة,female
Raabia,رابية,female
Raabiah,رابيه,female
Raabitah,رابطه,female
Raad,راد,male
Raadhii,راضي,male
Raafat,رافت,male
Raafe,راف,male
Raafi,رافي,male
Raafiah,رافعه,female
Raafid,رافد,male
Raafiif,رفيف,male
Raaghib,راغب,male
Raahil,راحيل,male
Raahilah,راحله,female
Raahim,راهم,male
Raahima,رحيمة,female
Raaida,رائدة,female
Raaina,راينا,female
Raajii,راجي,male
Raakib,راكب,male
Raakiba,راكبا,female
Raakin,راكن,male
Raameen,رامين,female
Raamis,رامس,male
Raamiz,رامز,male
Raana,رانا,female
Raani,راني,female
Raashid,راشد,male
Raashida,راشد,female
Raashidah,راشدة,female
Raatib,راتب,male
Raawiya,راوية,female
Raazi,رازي,male
Raazia,رازي,female
Raaziyah,رزية,female
Rab,رب,male
Rabaa,ربا,female
Rabab,رباب,female
Rabaee,ربي,male
Rabah,رابح,male
Rabail,ربل,female
Rabar,رابر,male
Rabbaani,رباني,male
Rabbab,رباب,female
Rabbani,رباني,male
Rabbiya,رابية,female
Rabee,ربي,male
Rabeea,رابية,female
Rabeeah,ربيه,female
Rabeeba,ربيبة,female
Rabeeh,ربيه,male
Rabeehah,ربيحة,female
Rabees,ربيص,male
Rabi,ربي,male
Rabia,رابعة,female
Rabiah,ربيه,female
Rabih,ربيه,male
Rabiha,ربيحة,female
Rabihaat,ربيحة,female
Rabihah,ربيحة,female
Rabit,رابط,male
Rabita,رابطة,female
Rabitah,ربيته,female
Rabiya,ربي,female
Rabiyah,ربيه,female
Rabooh,ربوه,male
Rabwa,ربوة,female
Rabwah,ربوه,female
Rachael,,female
Racheal,,female
Rachel,,male
Rachelle,,female
Rachid,راشد,male
Rachida,رشيدة,female
Racquel,,female
Rad,رد,male
Radee,راضي,male
Radeen,رادين,male
Radeyah,راضية,female
Radhee,رضي,male
Radhi,راضي,male
Radhia,راضية,female
Radhiya,راضية,female
Radhiyaa,راضيا,female
Radhwa,رضوى,female
Radhwaa,رضوا,female
Radi,ردي,male
Radifa,رديفا,female
Radih,راضيه,male
Radiya,رضي,female
Radiyah,رضيه,female
Radiyyah,راضيه,female
Radman,ردمان,male
Radmehr,ردمهر,male
Radooh,ردوه,male
Radvin,ردفن,male
Radwa,رضوى,female
Radwaa,ردوا,female
Rae,,male
Raed,رائد,male
Raeda,رائدة,female
Raeef,ريف,male
Raeefa,ريفا,female
Raeefah,ريفه,female
Raees,رايس,male
Raeesa,رايس,female
Raeesah,ريسه,female
Raegan,,female
Raeha,راحة,female
Raekwon,,male
Raeleah,ريله,female
Raelynn,,female
Raem,رام,female
Rafa,رفع,female
Rafaaq,رفاق,male
Rafaat,رفات,male
Rafael,,male
Rafaela,,female
Rafah,رفح,female
Rafahiyyah,رفاهيه,female
Rafal,رافال,female
Rafan,رافا,male
Rafaqat,رافقت,male
Rafat,رأفت,female
Rafay,رافي,male
Rafayet,رفيعة,male
Rafaz,ريفز,male
Rafe,,male
Rafee,رافي,male
Rafeea,رفيع,female
Rafeeah,رفيعه,female
Rafeedah,رفيده,female
Rafeek,رفيق,male
Rafeeq,رفيق,male
Rafeeqa,رفيقة,female
Rafeeqah,رفيقه,female
Rafeq,رافق,male
Rafi-Ud-Din,رفيددن,male
Rafia,رافعة,female
Rafiah,رفعه,female
Rafid,رافد,male
Rafida,رفيدة,female
Rafidah,رفيده,female
Rafif,رفيف,male
Rafifah,رفيفة,female
Rafiiq,رفيق,male
Rafik,رفيق,male
Rafiq,رفيق,male
Rafiqa,رفيقة,female
Rafiqah,رفيقه,female
Rafiyyah,رفيعه,female
Rafou,رفع,male
Rafq,رافق,male
Rafraf,رفرف,female
Ragab,رجب,male
Raghaad,رغد,male
Raghad,رغد,female
Raghada,رغدة,female
Raghador,رغدر,female
Raghd,رغد,female
Raghda,رغدة,female
Raghdah,رغده,female
Raghdiyyah,رغدية,female
Ragheb,راغب,male
Ragheebah,رغبة,female
Ragheed,رغيد,male
Raghib,راغب,male
Raghiba,رغبة,female
Raghibah,رغبة,female
Raghibun,راغبون,male
Raghid,رغيد,male
Raghidah,رغيدة,female
Raghubah,رغبة,female
Ragna,,female
Raha,راها,female
Rahaa,راها,female
Rahaf,رهف,female
Rahal,رحال,male
Raham,رحم,male
Rahamdil,رحمدل,male
Rahana,رحنا,female
Rahat,راحة,male
Rahayef,رهيف,female
Rahayim,رحيم,male
Rahbah,رهبه,male
Rahbar,رهبر,male
Rahbat,راهبات,female
Rahd,راحد,male
Raheeb,رهيب,male
Raheebah,رهيبه,female
Raheef,رهيف,female
Raheel,رحيل,male
Raheela,راحيلا,female
Raheem,رحيم,male
Raheema,رحيمة,female
Raheemah,رحيمه,female
Raheesh,رهش,male
Rahiba,رهيبة,female
Rahifa,رهيفة,female
Rahifaa,رهيفة,female
Rahiid,رهيد,male
Rahil,رحيل,female
Rahila,راحيلا,female
Rahilah,رحيله,female
Rahim,رحيم,male
Rahima,رحيم,female
Rahimaa,رحيما,female
Rahimah,رحمه,female
Rahiq,رحيق,female
Rahla,رحلة,female
Rahm,راهم,male
Rahma,رحمة,female
Rahmaa,رحماء,female
Rahmah,رحمة,female
Rahman,لتي,male
Rahmanah,رحمانة,female
Rahmat,رحمة,male
Rahmath,رحمته,male
Rahmatullah,رحماتلله,male
Rahmi,رحمي,female
Rahmiyyah,رحمية,female
Rahn,,male
Rahqah,رهقة,female
Rahsaan,,male
Rahul,,male
Rahumah,رحمه,female
Rai,راي,male
Raid,رائد,male
Raida,ريدا,female
Raidah,رائده,female
Raiden,,male
Raif,ريف,male
Raifa,ريفا,female
Raifah,ريفه,female
Raiha,رايحة,female
Raihaan,ريحان,male
Raihaana,ريحانة,female
Raihaanah,ريحانه,female
Raihan,لتي,male
Raihana,ريحانة,female
Raika,ريكا,male
Raima,ريما,female
Raina,رينا,female
Raiq,رايق,male
Raiqa,رايقة,female
Raiqah,رايقه,female
Rais,رئس,male
Raisa,ريسا,female
Raisuddin,ريزدن,male
Raitah,رايته,female
Raiyan,رئين,male
Raja,رجا,male
Raja-Al-Karim,رجالكرم,male
Rajaa,رجاء,male
Rajab,رجب,male
Rajah,رجه,female
Rajayah,راجيه,female
Rajeel,رجل,male
Rajeeyah,راجيه,female
Rajhan,رجحان,male
Raji,راجي,male
Rajia,راجية,female
Rajih,راجيه,male
Rajiha,راجعها,female
Rajihah,رجحه,female
Rajini,راجين,female
Rajiya,راجيا,female
Rajiyah,راجيه,female
Rajwa,رجوى,female
Rajwaa,رجوا,female
Rajya,راجية,female
Rakan,راكان,male
Rakeed,راقد,male
Rakeem,رقم,male
Rakeen,ركن,male
Rakeenah,ركنه,female
Rakhaa,رخاء,female
Rakhamah,رخامه,female
Rakhas,رخص,female
Rakheelah,رخيلة,female
Rakhima,رخيم,female
Rakhimah,رخمه,female
Rakhs,رخص,male
Rakhshaan,رخصها,male
Rakhshan,رخصها,male
Rakhshanda,رخصهندا,female
Rakhshandeh,رخصهنده,female
Rakhshi,رخصه,female
Rakhshinda,رخصهندا,female
Rakhshindah,رخصهندة,female
Rakhumah,رخمه,female
Rakhwan,رخوا,male
Raki,راكي,male
Rakidah,راقده,female
Rakin,ركن,male
Rakina,رقينا,female
Raknah,ركنه,female
Ralah,ريله,male
Raleigh,,male
Ralph,,male
Ram,رام,male
Rama,راما,female
Ramadan,رمضان,male
Ramadhan,رمضان,male
Ramah,رماح,female
Ramak,رمق,male
Raman,رمان,male
Ramazan,رمزان,male
Rambod,رامبود,male
Rameen,رامين,female
Rameesah,رمسه,female
Rameesha,رميش,female
Rameethah,رميثة,female
Rameez,رمز,male
Ramesh,رمش,female
Rami,رامي,male
Ramia,رمية,female
Ramiar,رامير,male
Ramidha,رميض,female
Ramih,رميه,male
Ramin,رامين,male
Ramina,رمينا,female
Ramineh,رامينه,female
Ramiro,,male
Ramisa,رمسة,female
Ramish,رميش,male
Ramiz,رامز,male
Ramiz-Ud-Din,رمزددن,male
Ramiza,رمزا,female
Ramla,رملة,female
Ramlaa,رملا,female
Ramlah,رمله,female
Ramlat,رملة,female
Ramon,,male
Ramona,,female
Ramsey,,male
Ramsha,رمشة,female
Ramz,رمز,male
Ramza,رمزا,female
Ramzah,رمزه,female
Ramzee,رمزي,male
Ramzi,رمزي,male
Ramzia,رمزية,female
Ramziyah,رمزية,female
Rana,رنا,male
Ranaa,رنا,female
Ranada,راندا,female
Rance,,male
Rand,راند,female
Randa,راندا,female
Randah,رنده,female
Randal,,male
Randall,,male
Randel,,male
Randell,,male
Randi,,female
Randle,,male
Randolf,,male
Randolph,,male
Randy,,male
Rane,ران,female
Raneem,رنيم,female
Rani,راني,female
Rania,رانيا,female
Ranim,رنيم,female
Ranin,رنين,female
Raniya,راني,female
Raniyah,رانيه,female
Ranrha,رانرها,female
Ransom,,male
Ranya,رانيا,female
Raodah,روضه,female
Raonar,رونار,male
Raoof,روف,male
Raoofah,رفح,female
Raoom,روم,female
Raouf,رؤوف,male
Raoul,,male
Raphael,,male
Raqeeb,رقيب,male
Raqeebah,رقيبه,female
Raqeem,رقم,male
Raqeema,رقم,female
Raqia,راقية,female
Raqiah,راقيه,female
Raqian,راقيا,male
Raqib,رقيب,male
Raqiba,رقيبا,female
Raqim,رقم,male
Raqiqa,رقيقة,female
Raqqah,رقه,male
Raquan,,male
Raqueeb,رقيب,male
Raquel,,female
Raquib,رقيب,male
Ras,,male
Rasa,راسى,female
Rasaan,رزان,female
Rasee,راسي,female
Raseem,رسم,male
Raseen,راسين,male
Raseena,رصينة,female
Rasha,رشا,female
Rashaa,رشاء,female
Rashaad,رشاد,male
Rashaan,,male
Rashad,رشاد,male
Rashadah,رشده,female
Rashaqa,رشاقة,female
Rashawn,,male
Rashdaa,رشدا,female
Rashdan,رشدان,male
Rashed,راشد,male
Rasheed,راشد,male
Rasheed-Ud-Din,راشدددن,male
Rasheeda,رشيدة,female
Rasheedah,رشيده,female
Rashid,راشد,male
Rashid-Uddin,راشددن,male
Rashida,راشد,female
Rashidaa,راشدا,female
Rashidah,راشدة,female
Rashieka,رشيقة,female
Rashiq,رشيق,male
Rashiqa,رشيقة,female
Rashiqah,رشيقه,female
Rasifah,رصيفة,female
Rasikh,راسخ,male
Rasikha,راسخة,female
Rasil,رسيل,male
Rasim,رسم,male
Rasima,رسمة,female
Rasin,راسين,male
Rasina,رصينة,female
Rasiyah,راسيه,female
Rasmi,رسمي,female
Rasmiya,رسمية,female
Rasmiyah,رسميه,female
Rasool,رسول,male
Rasteen,راست,male
Rastgar,رستجر,male
Rasul,رسول,male
Rasyad,رصيد,male
Rasyid,رصيد,male
Rasyiiq,رزيق,male
Rateeq,رتق,male
Ratib,راتب,male
Ratiba,رتيبة,female
Ratiq,رتق,male
Ratiyah,رتية,female
Raudah,روضه,female
Raudzah,ردزة,female
Rauf,ريوف,male
Rauh,روح,male
Rauhah,روحه,female
Raul,,male
Raumaan,رومان,male
Raunak,رانك,male
Raunaq,رونق,male
Rauoof,رؤوف,male
Raushan,روشان,male
Raushani,روشان,female
Ravan,رافا,male
Raven,,male
Raviv,رفيف,male
Ravoof,رفوف,male
Rawa,روى,female
Rawaa,روعة,female
Rawah,رواه,female
Rawaha,رواها,female
Rawahah,روحه,female
Rawan,روان,female
Rawashed,رويشد,female
Rawashedah,رويشدة,female
Rawayeh,روايه,female
Rawda,روضة,female
Rawdah,روضه,female
Rawdha,روضة,female
Raweeha,راويها,female
Rawfiyyah,روفية,female
Rawh,روح,female
Rawhah,روحه,female
Rawhiya,روحية,female
Rawhiyah,روحيه,female
Rawia,راوية,female
Rawiah,روعه,female
Rawiya,راوية,female
Rawiyah,راويه,female
Rawman,رومان,male
Rawsan,روسا,male
Rawya,راوية,female
Rawza,روزا,female
Ray,,male
Raya,ريا,female
Rayah,رايح,female
Rayan,ريان,female
Rayann,ريان,female
Rayburn,,male
Raydaa,ريدا,female
Raydah,ريده,female
Rayees,رييس,male
Rayfield,,male
Rayford,,male
Rayhaan,ريحان,male
Rayhan,ريحان,female
Rayhanah,ريحانه,female
Rayia,راية,female
Raymon,,male
Raymond,,male
Raymundo,,male
Rayn,رين,male
Rayna,راينا,female
Raynard,,male
Rayne,,female
Rayshawn,,male
Raytah,رايته,female
Rayya,راية,female
Rayyaa,رياء,female
Rayyah,رايح,female
Rayyan,ريان,female
Rayyih,رايح,male
Rayyis,رييس,male
Raz,رز,male
Raza,رزة,male
Razaan,رزان,female
Razaana,رزانة,female
Razaanah,رزانة,female
Razaani,رزان,male
Razak,رزق,male
Razam,رزم,male
Razan,رزان,male
Razana,رزانة,female
Razanah,رزانة,female
Razeem,رزم,male
Razeen,رزين,male
Razeenah,رزينه,female
Razhan,رزها,male
Razi,رازي,male
Razi-Ur-Rahman,رذررهما,male
Razia,رزية,female
Raziin,رزين,male
Razik,رزيق,male
Razin,رزين,male
Razina,رزينة,female
Razinah,رزينه,female
Raziq,رزيق,male
Raziqa,رزيقة,female
Raziya,رزية,female
Raziyah,رزية,female
Raznah,رزنة,female
Razni,رازن,male
Razwa,ريزو,female
Razwaa,رزواء,female
Razwan,رزون,male
Razzaaq,رزاق,male
Razzak,رزق,male
Razzaq,رزق,male
Reagan,,male
Reanna,,female
Reason,,male
Reatha,,female
Reba,,female
Rebab,رباب,female
Rebeca,,female
Rebecca,,male
Rebekah,,female
Red,,male
Reda,رضا,female
Redden,,male
Redmond,,male
Redouane,رضوان,male
Reeba,ريبة,female
Reece,,male
Reed,,male
Reeha,ريحة,female
Reeham,ريهام,female
Reem,ريم,female
Reema,ريما,female
Reena,رينا,female
Reese,,male
Refugio,,male
Regan,,male
Regena,,female
Regenia,,female
Reggie,,male
Regina,,female
Reginal,,male
Reginald,,male
Regis,,male
Rehab,رحاب,female
Reham,ريهام,female
Rehan,رهن,male
Rehana,رحنا,female
Rehanah,رهانه,female
Rehemat,رحمة,female
Rehena,رحنا,female
Rehma,رحمة,male
Rehman,رحمن,male
Rehmat,رحمة,male
Rehmath,رحمته,male
Reid,,male
Reilly,,male
Reina,,female
Reinaldo,,male
Reinhold,,male
Reino,,male
Reja,رجا,female
Rejab,رجب,male
Rella,,female
Remington,,male
Rena,,female
Renada,,female
Renae,,female
Renaldo,,male
Renana,رنانة,female
Renard,,male
Renata,,female
Rene,,male
Renea,,female
Renee,,female
Renita,,female
Rennie,,female
Reno,,male
Resa,رسا,male
Resha,رشا,female
Resham,رشم,female
Reshma,رشم,female
Reshmaan,رشما,female
Reshmina,ريشمينا,female
Reshteen,رشت,male
Reshtina,ريشتينا,female
Ressie,,female
Reta,,female
Retha,,female
Retial,ريتيل,female
Retta,,female
Rettie,,female
Reuben,,male
Reubin,,male
Reva,,female
Rex,,male
Rexford,,male
Rey,,male
Reyah,رياح,female
Reyes,,male
Reyhan,ريحان,male
Reyhana,ريحانة,female
Reyna,,female
Reynaldo,,male
Reynold,,male
Reynolds,,male
Reza,رزة,male
Rezaul-Karim,رزلكرم,male
Rhea,,female
Rheta,,female
Rhett,,male
Rhianna,,female
Rhiannon,,female
Rhoda,,male
Rhona,,female
Rhonda,,female
Rhys,,male
Riaasat,رياسة,male
Riad,رياض,male
Rian,,male
Rianna,,female
Riaz,ريز,male
Ribi,ربي,male
Ribqah,ربقة,female
Ricardo,,male
Ricci,,male
Rice,,male
Rich,,male
Richard,,male
Richelle,,female
Richie,,male
Richmond,,male
Rick,,male
Rickey,,male
Ricki,,male
Rickie,,male
Ricky,,male
Rico,,male
Rida,رضا,female
Ridaa,رضاء,female
Riddees,ريديص,male
Ridfan,ردفان,male
Ridge,,male
Ridha,لتي,male
Ridhaa,رضاء,male
Ridhwaan,رضوان,male
Ridhwan,رضوان,male
Ridwaan,رضوان,male
Ridwaanah,رضوانه,female
Ridwan,رضوان,female
Ridwana,رضوان,female
Rifa,ريفا,female
Rifaa,ريفا,female
Rifaah,رفاه,female
Rifaat,رفات,female
Rifah,ريفه,female
Rifal,ريفال,male
Rifaq,رفاق,female
Rifat,رفات,female
Rifaya,ريفية,female
Rifayaz,ريفيز,female
Riffat,رفات,female
Rifqa,رفقة,female
Rifqah,رفقه,female
Rifqat,رفقة,female
Rifqi,رفقي,male
Rigoberto,,male
Riha,ريحة,female
Rihaana,ريحانة,female
Rihab,رحاب,male
Riham,ريهام,female
Rihan,ريحان,male
Rihana,ريحانة,female
Rihanah,ريحانه,female
Rihanna,ريحانة,female
Rija,رجا,female
Rijja,رجا,female
Rikki,,female
Riley,,male
Rilla,,female
Rillie,,female
Rim,ريم,female
Rima,ريما,female
Rimona,ريمونا,female
Rimsha,رمشة,female
Rina,رينا,female
Rinaaz,ريناز,female
Rinad,ريناد,male
Rinda,,female
Riqbah,رقبه,female
Riqqah,ريقه,female
Risa,,female
Risay,ريزي,male
Rishan,ريشان,male
Rishi,,male
Rishona,ريشون,female
Risl,رسل,male
Risliyyah,رسلية,female
Riswana,رزونة,female
Rita,,female
Ritchie,,male
River,,male
Riya,,female
Riyaad,رياض,male
Riyaast,رياسة,male
Riyad,رياض,male
Riyadh,رياض,male
Riyasat,رئيسات,male
Riyaz,ريز,male
Riyazul-Islam,ريزولسلم,male
Riza,ريزا,female
Rizawan,ريزوا,male
Rizeen,رزين,female
Rizq,رزق,male
Rizq-Allah,رزقلله,male
Rizqaa,رزقا,female
Rizqah,رزقه,female
Rizqin,رزقن,female
Rizqullah,رزقلله,male
Rizvan,ريزفا,male
Rizvi,ريزف,male
Rizwaan,ريزوا,male
Rizwan,ريزوا,male
Rizwana,رزونة,female
Rob,,male
Robb,,male
Robbie,,male
Robbin,,male
Robby,,male
Robeel,روبل,male
Robeena,روبينا,female
Robert,,male
Roberta,,female
Roberto,,male
Robin,,male
Robina,روبينا,female
Robley,,male
Robt,,male
Roby,,male
Robyn,,female
Rocco,,male
Rochdi,رشدي,male
Rochelle,,female
Rocio,,female
Rock,,male
Rocky,,male
Rod,,male
Roddy,,male
Roderic,,male
Roderick,,male
Rodger,,male
Rodney,,male
Rodolfo,,male
Rodrick,,male
Rodrigo,,male
Roe,,male
Roel,,male
Roena,,female
Rogelio,,male
Roger,,male
Rogers,,male
Roha,روحا,female
Rohaan,رهان,female
Rohab,رحاب,male
Rohail,رحيل,male
Rohan,,male
Roheen,رهين,female
Rohi,روحي,female
Rohin,رهين,female
Rohina,رهينة,female
Roland,,male
Rolanda,,female
Rolando,,male
Rolf,,male
Roll,,male
Rolla,,male
Rolland,,male
Rollie,,male
Rollin,,male
Rollo,,male
Roma,روما,female
Romaan,رومان,male
Romaana,رمانة,female
Romaine,,female
Roman,,male
Romana,رمانة,female
Rome,,male
Romeesa,روميسا,female
Romello,,male
Romeo,,male
Romie,,male
Romina,رمينا,female
Rominah,رومنة,female
Romona,,female
Ron,,male
Rona,رنا,female
Ronal,,male
Ronald,,male
Ronaldo,,male
Ronan,,male
Ronaq,رونق,male
Ronda,,female
Rondal,,male
Roni,روني,male
Ronin,,male
Ronna,,female
Ronnie,,male
Ronny,,male
Roobi,روبي,female
Rooh,روح,male
Roohul-Amin,رحلمن,male
Roohullah,روحلله,male
Roosevelt,,male
Roozbah,روزبة,male
Rory,,male
Rosa,,male
Rosabelle,,female
Rosalee,,female
Rosalia,,female
Rosalie,,female
Rosalind,,female
Rosalinda,,female
Rosaline,,female
Rosalyn,,female
Rosamond,,female
Rosann,,female
Rosanna,,female
Rosanne,,female
Rosaria,,female
Rosario,,male
Rosco,,male
Roscoe,,male
Rose,,male
Roseann,,female
Roseanna,,female
Roseanne,,female
Rosella,,female
Roselyn,,female
Rosemarie,,female
Rosemary,,female
Rosena,,female
Rosendo,,male
Rosetta,,female
Rosevelt,,male
Rosey,,female
Rosha,رشا,female
Roshaan,روشان,female
Roshan,روشان,male
Roshanak,روشانك,female
Roshani,روشان,female
Roshina,روشنة,female
Roshini,رشني,female
Roshna,روشنة,female
Roshni,رشني,female
Rosia,,female
Rosie,,female
Rosina,,female
Rosita,,female
Roslyn,,female
Ross,,male
Rossie,,male
Roswell,,male
Rosy,,female
Roubita,ربطة,female
Rounak,رونق,male
Roushana,روشنة,female
Roushanak,روشانك,female
Rouyaa,روياء,female
Rouza,روزا,female
Rouzba,روزبا,male
Rowa,روى,female
Rowan,,male
Rowel,رول,male
Rowena,,female
Rowland,,male
Roxana,,female
Roxane,,female
Roxann,,female
Roxanna,,female
Roxanne,,female
Roxie,,female
Roxy,,female
Roy,,male
Roya,ريا,female
Royal,,male
Royce,,male
Roza,روزا,female
Rozanne,,female
Rozella,,female
Rozha,روزه,female
Rozhan,روزها,female
Rozhbin,روزهبن,female
Rozhin,روزهن,female
Rozhya,روزهيا,female
Rozhyar,روزهير,female
Rozina,رزينة,female
Rozinah,رزينه,female
Rua,روى,female
Ruaa,رواء,female
Ruaydaa,رويدا,female
Ruaydah,رويده,female
Ruba,روبى,female
Rubaa,ربا,female
Rubab,رباب,female
Rubaba,ربابة,female
Rubabah,ربابه,female
Rubadah,ربضة,female
Rubaih,روبيه,male
Rubaihah,ربيحة,female
Ruban,روبن,female
Rubay,روبي,female
Rube,,male
Rubeina,روبينا,female
Ruben,,male
Rubi,ربي,female
Rubie,,female
Rubin,,male
Rubina,روبينا,female
Rubiya,روبية,female
Ruby,,male
Rubye,,female
Rudainah,ردينه,female
Rudaynah,ردينه,female
Rudolf,,male
Rudolfo,,male
Rudolph,,male
Rudy,,male
Rueben,,male
Ruel,,male
Rufaa,رفاء,female
Rufah,رفح,female
Rufaidah,رفيده,female
Rufaidiyyah,رفيدية,female
Rufayah,رفيعه,female
Rufayda,رفيدة,female
Rufaydah,رفيده,female
Ruffin,,male
Ruffus,,male
Rufus,,male
Rughaidah,رغيدة,female
Ruhab,رحاب,female
Ruhaibah,رهيبه,female
Ruhail,رحيل,male
Ruhaila,رحيل,female
Ruhaimah,رحيمه,female
Ruhan,رهن,female
Ruhana,روحنا,female
Ruhani,روحاني,female
Ruhaniya,روحانية,female
Ruhee,روحي,female
Ruhi,روحي,female
Ruhina,رهينة,female
Ruhiya,روحية,female
Ruhm,رحم,female
Ruhma,رحمة,female
Ruhul-Haq,رحلهق,male
Ruhul-Qudus,رحلقدص,male
Ruie,,female
Rujhan,رجحان,male
Rukain,ركن,male
Rukan,ركن,female
Rukanah,ركنه,male
Rukayat,رقية,female
Rukhaa,رخاء,female
Rukhailah,رخيلة,female
Rukham,رخام,male
Rukhaylah,رخيلة,female
Rukhsaanah,رخصنة,female
Rukhsaar,رخصر,female
Rukhsana,رخصنا,female
Rukhsanah,رخصنة,female
Rukhsar,رخصر,female
Rukhsara,رخصرا,female
Rukhshana,رخصهنا,female
Rukn,ركن,male
Ruknud-Din,ركنددن,male
Ruksana,رقصنا,female
Ruksha,رقصها,female
Rumailah,رميلة,female
Rumaisa,روميسا,female
Rumaisaa,روميساء,female
Rumaisah,رمسه,female
Rumaithah,رميثة,female
Rumaiz,رمز,male
Ruman,رومان,male
Rumana,رومانى,female
Rumaylah,رميلة,female
Rumaysa,روميسا,female
Rumayta,رميت,female
Rumaythah,رميثة,female
Rumeha,رميها,female
Rumman,رومان,female
Rummana,رومانى,female
Rummanah,رومانه,female
Runa,رنا,female
Runak,رونق,female
Rupert,,male
Ruqa,رقة,female
Ruqaihan,رقيها,male
Ruqaim,رقم,male
Ruqaiya,رقية,female
Ruqaya,رقية,female
Ruqayqah,رقيقه,female
Ruqayya,رقية,female
Ruqayyah,رقيه,female
Ruqayyat,رقية,female
Ruqee,روقي,male
Ruquaiya,رقية,female
Ruqya,رقية,female
Rush,,male
Rushadaa,رشدا,female
Rushaid,رشيد,male
Rushan,روشان,male
Rushd,رشد,female
Rushda,رشدى,female
Rushdam,رشدم,male
Rushdan,رشدان,male
Rushdi,رشدي,male
Rushdiya,رشدي,female
Rushil,رشيل,male
Russ,,male
Russel,,male
Russell,,male
Rustam,رستم,male
Rustin,,male
Rusty,,male
Rusul,رسول,female
Rusydi,رصيدي,male
Ruth,,male
Rutha,,female
Ruthann,,female
Ruthanne,,female
Ruthe,,female
Rutherford,,male
Ruthie,,female
Ruwa,روى,female
Ruwaa,رواء,female
Ruwaid,رويد,female
Ruwaida,رويدا,female
Ruwaidah,رويده,female
Ruwaifi,روفي,male
Ruwaiha,رويحة,female
Ruwaihim,روعهم,male
Ruwaiq,رواق,male
Ruwais,رويس,male
Ruwaishid,رويشد,male
Ruwaizah,روزه,female
Ruwayd,رويد,male
Ruwayda,رويدا,female
Ruwaydah,رويده,female
Ruwayfe,روايف,male
Ruwayfi,روايف,male
Ruwayyifah,روايفة,female
Ruwwad,رواد,male
Ruxana,روكسان,female
Ruya,رؤية,female
Ruyaa,روياء,female
Ruyah,رياح,female
Ruzainah,رزينه,female
Ruzaynah,رزينه,female
Ruzm,رزم,male
Rya,ريا,female
Ryan,,male
Ryann,,female
Ryder,,male
Ryker,,male
Rylan,,male
Ryland,,male
Rylee,,male
Ryleigh,,female
Ryley,,male
Rylie,,female
Ryne,,male
Sa,سى,female
Saabih,سابعه,male
Saabiq,سابق,female
Saabiqah,سابقه,male
Saabir,صابر,male
Saabira,صابرة,female
Saabirah,صابره,female
Saabit,ثابت,male
Saad,ساد,male
Saadaa,سادا,female
Saadad,سداد,male
Saadah,ساده,female
Saadan,سعدان,male
Saadanah,سدنة,female
Saadat,سادات,male
Saadi,سادي,male
Saadia,سادية,female
Saadiq,صادق,male
Saadiqhah,صادقهة,female
Saadiya,سادية,female
Saadoon,سعدون,male
Saaduddin,سددن,male
Saadullah,صادلله,male
Saadunah,ساعدونه,female
Saaeb,ساب,male
Saaebah,صابه,female
Saaed,ساد,male
Saaedah,ساده,female
Saaf,صاف,female
Saafah,صافح,female
Saafi,صافي,male
Saafia,صافية,female
Saafin,سافين,male
Saafir,سافر,male
Saahib,صاحب,male
Saahibah,صاحبه,female
Saahir,ساحر,male
Saahirah,ساحره,male
Saaib,سايب,male
Saaid,سايد,male
Saaida,ساعدة,female
Saaie,ساي,male
Saaigh,صايغ,male
Saaih,ساعه,male
Saaiha,ساحة,female
Saaii,ساي,male
Saaim,صايم,male
Saaimah,صايمه,female
Saaiq,سايق,male
Saaiqa,صاعقة,female
Saair,صاير,male
Saairah,صايره,female
Saajid,ساجد,male
Saajidah,ساجده,female
Saakinah,ساكنه,female
Saaleha,صالحة,female
Saalif,سالف,male
Saalifah,سالفه,female
Saalih,صالح,male
Saaliha,صالحة,female
Saalihah,صالحه,female
Saalik,سالك,male
Saalikah,سالكة,female
Saalim,سالم,male
Saalima,سالما,female
Saama,سامى,female
Saamah,سامح,male
Saami,سامي,male
Saamiah,ساميه,female
Saamii,سامي,male
Saamir,سامر,male
Saamit,سامية,male
Saamiya,سامية,female
Saaqib,ثاقب,male
Saara,صار,female
Saarah,ساره,female
Saarim,صارم,male
Saariyah,ساريه,female
Saarrah,ساره,female
Saat,سات,female
Saatarah,ساتره,female
Saayah,سايح,female
Saayed,سايد,male
Saayerah,صايره,female
Saayidah,صايده,female
Sab,ساب,male
Saba,سابا,female
Sabaa,صبا,female
Sabaahat,صباحات,female
Sabah,صباح,female
Sabaha,صباحا,female
Sabahah,صباحه,female
Sabahat,صبحت,female
Sabalan,سبلا,male
Sabaque,سابق,male
Sabastian,,male
Sabat,سبت,female
Sabawoon,صابون,male
Sabbaah,صباح,male
Sabbaan,سببان,male
Sabbaaqa,سباقة,female
Sabbagh,صباغ,male
Sabbaghah,صبغه,female
Sabbaq,سابق,male
Sabbar,صابر,male
Sabbarah,صبره,female
Sabbir,سبير,male
Sabburah,صبوره,female
Sabeeh,صبيح,male
Sabeeha,صبيحة,female
Sabeehah,صبيحة,female
Sabeel,سبيل,female
Sabeela,سبيلا,female
Sabeen,سابين,female
Sabeena,سابينا,female
Sabeer,سبير,male
Sabeera,سبير,female
Sabeeri,صبري,male
Sabeeyah,صبيح,female
Sabegah,صبغه,female
Sabh,صبح,male
Sabha,صبحى,female
Sabhaa,سبها,female
Sabi,صبي,male
Sabia,صبيا,female
Sabiah,صبيح,female
Sabibah,سببه,female
Sabigh,صبغ,male
Sabih,صبيح,female
Sabiha,صبيحة,female
Sabihah,صبيحة,female
Sabihi,صبحي,male
Sabina,سابينا,female
Sabiq,سابق,male
Sabiqa,سابقة,female
Sabiqah,سابقه,female
Sabir,صابر,male
Sabira,صبرا,female
Sabirah,صابرة,female
Sabit,سبيت,male
Sabita,سبيت,female
Sabitah,صابته,female
Sabiya,صبيا,female
Sable,,female
Sabooha,صبوحة,female
Saboor,صبور,male
Sabqat,سابقة,female
Sabr,صبر,male
Sabra,,female
Sabreen,صابرين,female
Sabreena,سابرينا,female
Sabri,صبري,female
Sabrin,صابرين,female
Sabrina,سابرينا,female
Sabriya,صبرية,female
Sabriyah,صبريه,female
Sabriyya,صبرية,female
Sabriyyah,صبريه,female
Sabuah,صباح,female
Sabuh,صبح,male
Sabuhi,صبحي,female
Sabur,صابر,male
Sabura,سبورة,female
Saburah,صبوره,male
Saburi,صبري,male
Sad-Al-Din,سعدالدين,male
Sada,,female
Sadaad,سداد,male
Sadaan,سعدان,male
Sadaaqah,صداقه,female
Sadaaqat,صداقات,male
Sadaat,لاريب,female
Sadad,صدد,male
Sadadah,سداده,female
Sadaf,صادف,male
Sadafah,صادفه,female
Sadah,ساده,female
Sadan,سادن,male
Sadaqa,صداقة,female
Sadaqaat,صداقات,female
Sadaqah,صداقه,female
Sadaqat,صداقات,male
Sadat,سادات,female
Saddam,صدام,male
Sade,,female
Sadeed,سديد,male
Sadeem,سديم,male
Sadeeq,صديق,male
Sadeeqa,صديقة,female
Sadeeqah,صديقه,female
Sadegh,ساذجه,male
Sadi,صدي,female
Sadia,سادية,female
Sadiah,سادية,female
Sadid,سديد,male
Sadida,سديدا,female
Sadie,,female
Sadii,صدي,male
Sadiid,سديد,male
Sadik,صادق,male
Sadika,صديقة,female
Sadin,سدين,male
Sadinah,سدنة,female
Sadiq,صادق,male
Sadiqa,صديقة,female
Sadiqah,صديقه,female
Sadiqin,صديقين,male
Sadir,سدير,male
Sadira,صادرة,female
Sadit,صديت,male
Sadiya,سادية,female
Sadiyah,ثدييه,female
Sadoof,صدوف,female
Sadooh,صادوه,female
Sadooq,صدوق,male
Sadqan,صادقا,male
Sadr,صدر,male
Sadra,صادرة,male
Sadri,صدري,male
Sadruddin,صدردن,male
Saduh,صادوه,male
Sadul-Khalq,سدولخلق,male
Sadun,سعدون,male
Saduq,صادق,female
Sadya,سادية,female
Sadye,,female
Saee,سي,male
Saeeb,سيب,male
Saeed,سعيد,male
Saeed-Uz-Zaman,صدززما,male
Saeeda,سعيدة,female
Saeedaa,سعيدا,female
Saeedah,سعيده,female
Saeedan,سعيدان,male
Saeedanah,سدنة,female
Saeel,سيل,male
Safa,صفا,female
Safaa,صفاء,female
Safawaat,صفوت,female
Safdar,لاريب,female
Safee,صافي,female
Safeen,صفين,male
Safeena,سفينة,female
Safeenah,سفينه,female
Safeer,صفير,male
Safeerah,صفيره,female
Safeeya,صافية,female
Saffah,سفاح,female
Saffanah,سفانه,female
Saffar,سفر,male
Saffiya,صافية,female
Safi,صافي,male
Safia,صفية,female
Safih,صافيه,male
Safir,صفير,male
Safira,سفيرة,female
Safiuddin,صفدين,male
Safiullah,سفيلله,male
Safiy,صافي,male
Safiy-Al-Din,سيفيلدن,male
Safiy-Allah,سفيلله,male
Safiya,صفية,female
Safiyah,صفيه,female
Safiyy,صافي,male
Safiyy-Ullah,سفيلله,male
Safiyya,صافية,female
Safiyyaddin,سفيدن,male
Safiyyah,صافيه,female
Safoor,سفور,female
Safoora,سفور,female
Safooraa,صفراء,female
Safoorah,سفره,female
Safreen,صفرين,female
Saft,صفة,male
Safuh,سفوح,male
Saful-Islam,سفليسلم,male
Safun,سفن,female
Safura,سفرة,female
Safwa,صفوة,female
Safwaan,صفوان,male
Safwah,سفوح,female
Safwan,صفوان,male
Safwana,صفوان,female
Safwat,صفوة,female
Safyy,صافي,male
Sagar,صغار,male
Sage,,male
Sagheer,صغير,male
Sagheera,صغيرة,female
Sagheerah,صغيره,female
Saghir,صغير,male
Saghir-Ali,صغيرل,male
Saghira,صغيرة,female
Sahaab,سحاب,male
Sahab,سحاب,male
Sahabah,صحبه,female
Sahand,صحند,male
Sahar,سهر,female
Saharaat,ساحرات,female
Sahargul,سهرجل,female
Sahari,ساهري,female
Saharish,ساهريش,female
Saharnaz,سهرناز,female
Sahbah,صاحبه,female
Sahbal,صاحبل,male
Sahban,سحبان,male
Sahbi,صاحبي,male
Saheed,زهيد,male
Saheer,سهير,male
Saheim,سحيم,male
Sahel,سهل,male
Sahela,سهلة,female
Saher,ساهر,male
Sahhah,ساحة,male
Sahi,صحي,male
Sahib,صاحب,male
Sahibah,صاحبه,female
Sahil,ساحل,male
Sahim,سحيم,male
Sahimah,زحمه,female
Sahir,سهير,male
Sahira,ساحرة,female
Sahirah,ساحره,female
Sahiyah,صحيح,female
Sahjeeah,صاحجة,male
Sahl,سهل,male
Sahla,سهلا,female
Sahlah,سهله,female
Sahlat,سهلة,female
Sahm,ساهم,male
Sahmir,سحمر,male
Sahna,صحنا,female
Sahrah,سهره,female
Sahrish,ساهريش,female
Sahwan,سهوان,male
Sahwi,صحوي,male
Saib,صائب,male
Saiba,صائبة,female
Saibah,صباح,female
Saibal,سيبل,male
Said,سعيد,male
Saida,سعيدة,female
Saidah,سيده,female
Saif,سيف,male
Saif-Al-Din,سيفعلدن,male
Saifaddin,سيفضين,male
Saifan,سيفان,male
Saifee,صيفي,male
Saifiyy,صيفي,male
Saifuddin,سيفضين,male
Saiful,سيفعل,male
Saiful-Azman,سيفعلزما,male
Saiful-Baari,سيفعلبر,male
Saiful-Islam,سيفعلصلم,male
Saiful-Mulk,سيفعلملك,male
Saifullah,سيفعله,male
Saige,,female
Saihaan,سيحان,male
Saihah,صيحه,female
Saila,صلى,female
Saim,ثيم,male
Saima,صائمة,female
Saimah,صايمه,female
Saint,,male
Saiqa,سائقا,female
Sair,سائر,male
Saira,سيرة,female
Sairah,سيره,female
Sairan,سيران,female
Sairi,سيري,female
Sairish,سيرش,female
Saiyyda,سعيدة,female
Saja,سجى,female
Sajal,سجل,male
Sajdaa,ساجدا,female
Sajeed,ساجد,male
Sajeedah,ساجده,female
Sajeel,سجيل,male
Saji,ساجي,male
Sajid,ساجد,male
Sajida,ساجدة,female
Sajidah,ساجده,female
Sajila,سجل,female
Sajiya,سجية,female
Sajjaad,سجاد,male
Sajjad,سجاد,male
Sakeena,سكينة,female
Sakeenah,سكينه,female
Sakeeza,زقزا,female
Sakha,ساقها,male
Sakhan,سخان,male
Sakhawat,زخوه,male
Sakheei,سخي,male
Sakher,ساخر,male
Sakhi,سخي,male
Sakhir,صخير,male
Sakhira,ساخرة,female
Sakhiya,سخية,female
Sakhiyyah,سخية,female
Sakhr,صخر,male
Sakhrah,صخره,female
Sakina,ساكنة,female
Sakinah,ساكنه,female
Sakoot,سقوط,male
Sakou,ساكو,male
Sal,,male
Salaah,صلاه,male
Salaahddinn,صلاحدن,male
Salaahuddin,صلاحدن,male
Salaam,سلام,male
Salaamah,سلامه,male
Salaamat,سلامات,male
Salaat,صلاة,female
Salabah,صلبه,male
Salabat,سلبت,male
Salah,صلاح,male
Salah-Al-Din,صالحلدن,male
Salah-Ud-Din,صالحددن,male
Salahaddin,صالحدن,male
Salahan,صالحا,male
Salahudeen,سيلاحظ,male
Salam,سلام,male
Salama,سلامة,female
Salamah,سلامه,male
Salamat,سلامات,male
Salamatullah,سلاماتلله,male
Salar,سالار,male
Salarjung,سالارجونج,male
Salawaat,صلوات,female
Saleef,سليف,male
Saleehah,صليحة,female
Saleel,سليل,male
Saleem,سليم,male
Saleem-Uz-Zaman,سليمززما,male
Saleema,سليمة,female
Saleemaa,سليما,female
Saleemaat,سلمات,female
Saleemah,سليمه,female
Saleemullah,سليملله,male
Saleemuz,سليمز,male
Saleena,صلينا,female
Saleeqah,سليقة,female
Salees,سليس,male
Saleet,صليت,male
Saleh,صالح,male
Salem,سالم,male
Salena,سالنا,female
Saleshni,صلصهن,female
Salha,صالحا,female
Sali,سالي,female
Salif,سليف,male
Salifah,سالفه,female
Salih,صالح,male
Saliha,صالحة,female
Salihah,صالحه,female
Salihan,صالحا,male
Salihat,صالحة,female
Salihin,صالحين,male
Saliim,سليم,male
Salik,سليك,male
Salika,سليقة,female
Salikah,سليقة,female
Salil,سليل,male
Salim,سلم,male
Salima,سليمة,female
Salimah,سليمه,female
Salina,سلينا,female
Salit,سليت,male
Salitaa,سلتا,female
Salitah,سلطه,female
Sallaam,سلام,male
Sallie,,female
Sally,,female
Salma,سلمى,female
Salmaa,سالما,female
Salmaan,سلمان,male
Salmah,سالمه,female
Salman,سلمان,male
Salome,,female
Salomon,,male
Saloof,سلف,male
Saloofah,سالفه,female
Saloom,سلوم,male
Saloomah,سلومه,female
Saloua,سلوى,female
Salsaal,صلصال,male
Salsabeel,سلسبيل,female
Salsabil,سلسبيل,female
Salsabilah,سلسبيلة,female
Salsal,صلصال,male
Salt,صالة,male
Saltanah,سلطانه,female
Saluhah,صالحه,female
Salvador,,male
Salvatore,,male
Salwa,سلوى,female
Salwah,سالوه,female
Sam,سام,male
Sama,سما,female
Samaa,سماء,female
Samaah,سماه,female
Samaan,سمان,male
Samaanah,سمانه,female
Samaara,سمارة,female
Samaaraa,سمارا,female
Samad,صمد,male
Samaee,سامي,female
Samah,سماح,female
Samahaa,سماها,female
Samahah,سماحة,female
Samaira,سميرة,female
Samama,صماما,male
Saman,ثمن,female
Samandar,سمندر,male
Samannaz,سمنز,female
Samanrokh,سمانرخ,female
Samanta,سامنتا,female
Samantha,,male
Samar,سامر,female
Samara,سمارة,female
Samarah,سماره,female
Samatha,,female
Samawah,سموه,female
Samawat,سماوات,female
Samawi,سماوي,female
Samawiyah,سماويه,female
Samd,صامد,male
Samee,سم,male
Sameea,سامية,female
Sameeah,ساميه,female
Sameed,سميد,male
Sameeh,ساميه,male
Sameeha,سميحة,female
Sameek,سميك,male
Sameeka,سميكة,female
Sameen,سمين,female
Sameena,سمينة,female
Sameenah,سميناه,female
Sameer,سمير,male
Sameera,سميرة,female
Sameerah,سميره,female
Sameh,سامح,female
Samen,سمن,male
Samer,سامر,male
Samera,سمرة,female
Sameya,سامية,female
Samh,سامح,male
Samhaa,سمها,female
Samhaan,سمحان,male
Samhah,سامحه,female
Samhari,زمهري,male
Samhiyyah,سامحية,female
Samhun,سمحون,male
Sami,سامي,female
Samia,سامية,female
Samiah,ساميه,female
Samiar,سمير,male
Samid,سميد,male
Samie,,male
Samih,سميح,male
Samiha,سميها,female
Samihah,سميحه,female
Samihi,ساميه,male
Samiih,ساميه,male
Samiir,سمير,male
Samik,سميك,male
Samika,سميكة,female
Samil,سميل,male
Samim,صميم,male
Samima,صميمة,female
Samin,سمين,female
Samina,سمينة,female
Saminah,سميناه,female
Samiq,سامق,male
Samiqa,سامقة,female
Samir,سمير,male
Samira,سميرة,female
Samirah,سميره,female
Samit,سميت,male
Samitah,صامته,female
Samiun,سمين,female
Samiya,سامية,female
Samiyah,ساميه,female
Samiyyan,سمعيا,female
Saml,صامل,male
Sammad,صامد,male
Sammadah,صامده,female
Sammak,سمك,male
Samman,سمان,male
Sammar,سامر,female
Sammarah,سماره,female
Sammie,,male
Sammy,,male
Samood,صمود,male
Samooh,سموه,male
Samoor,سمور,male
Sampson,,male
Samra,سمرة,female
Samraa,سامراء,female
Samrah,سمره,female
Samran,سمران,male
Samreen,سمرين,female
Samrina,سمرين,female
Samsaam,صمصام,male
Samshad,سيمسحد,male
Samson,,male
Samsor,سمسر,male
Samtah,صامته,female
Samual,,male
Samuel,,male
Samurah,سموره,female
Samya,سامية,female
Samyaa,ساميا,female
Sana,سنة,female
Sanaa,سناء,female
Sanaauddin,ساندن,male
Sanabel,سنابل,female
Sanad,سند,female
Sanah,سنه,female
Sanai,سني,female
Sanam,سنام,female
Sanan,سنن,female
Sanari,سنري,female
Sanaubar,صنوبر,female
Sanaubur,صنوبر,female
Sanaullah,سنولله,male
Sanawbar,صنوبر,male
Sanaya,ثانية,female
Sanayah,ثانيه,female
Sanaz,سنذ,female
Sandah,سنده,female
Sandar,ساندار,male
Sandara,ساندرا,female
Sanders,,male
Sandi,,female
Sandie,,female
Sandra,,male
Sandy,,male
Saneenah,سنينه,female
Sanford,,male
Sangar,سنجار,male
Sangeet,زنجية,female
Sangina,سانجينا,female
Sangrez,سنجرز,male
Sani,سني,male
Saniar,سنيار,male
Sanie,سني,male
Saniha,ثانيها,female
Sanika,سنيك,female
Sanina,سنينا,female
Saniya,ثانية,female
Saniyah,ثانيه,female
Saniyya,ثانية,female
Saniyyaat,ثنيات,female
Sanjar,سنجار,male
Sanjeeda,سنجد,female
Sanjeedah,سنجده,female
Sanjuana,,female
Sanjuanita,,female
Sannah,سنه,female
Sannee,سني,male
Sannie,,female
Sanobar,صنوبر,male
Santa,,female
Santana,,male
Santiago,,male
Santina,,female
Santino,,male
Santo,,male
Santos,,male
Sanubar,صنوبر,female
Sanwan,سنون,male
Sanya,ثانيا,female
Saood,سعود,male
Sapeedah,زبيده,female
Saphira,سفيرة,female
Sapidah,زبيده,female
Sapna,سابنا,female
Saqaafa,ثقافة,female
Saqabat,ثاقبة,female
Saqaf,سقف,male
Saqat,سقط,male
Saqeef,ثقيف,male
Saqeel,ثقيل,male
Saqer,صقر,male
Saqib,ثقب,male
Saqiba,ثاقبة,female
Saqibah,ثاقبه,female
Saqif,ثقيف,male
Saqlain,ثقلين,male
Saqqar,صقر,male
Saqr,صقر,male
Saqrah,صقره,female
Saqri,صقر,male
Saqriyyah,صقرية,female
Saqrun,صقرن,male
Saquib,ثقوب,male
Sara,سارة,female
Saraab,سراب,female
Sarab,سراب,male
Sarae,صار,male
Sarafina,صرفنا,female
Sarafraz,سرفرز,male
Sarah,ساره,female
Sarahat,صراحة,female
Sarahi,,female
Sarahna,سراحنا,female
Sarai,,female
Saramat,صارمة,male
Saran,سارا,female
Sarang,سرنج,male
Sarayaa,سرايا,female
Sarayah,سريه,female
Sarban,ثربان,male
Sarbaz,صربز,male
Sardar,سردار,male
Sardee,سردي,male
Saree,ساري,male
Sareea,سرية,female
Sareem,صريم,male
Sareema,صارمة,female
Sarfaraaz,سرفراز,male
Sarfaraz,سرفرز,male
Sarfraz,سرفرز,male
Sargol,سرجول,female
Sari,ساري,male
Sariah,,female
Sariba,صريبة,female
Sarih,صريح,male
Sarihah,صريحه,female
Sarika,سرقة,female
Sarim,صريم,male
Sarima,صارمة,female
Sarina,سرينا,female
Sarish,سرش,female
Sarita,ساريتا,female
Sariya,سرية,female
Sariyah,صريح,female
Sarkar,ساركر,male
Sarmad,سرمد,male
Sarmadi,سرمدي,female
Sarood,سرود,female
Saroor,سرور,female
Sarosh,سروش,female
Sarou,صارو,male
Sarra,سارة,female
Sarraa,سراء,female
Sarraan,سران,male
Sarraat,صراط,female
Sarrah,,female
Sarraw,صارو,male
Sarrinah,زرناه,female
Sartaj,صارتج,male
Sartor,سارتر,male
Sarv,صرف,female
Sarvar,سرفر,male
Sarveen,صرف,female
Sarvenaz,صرفناز,female
Sarvgul,صرفجل,female
Sarvi,صرف,female
Sarvia,صرفية,female
Sarvnaz,صرفناز,female
Sarwa,صاروا,female
Sarwaat,ثروات,female
Sarwah,ساروه,female
Sarwana,سارونة,female
Sarwar,سرور,male
Sarwari,سروري,female
Sarwat,ثروات,male
Sarwath,ثروته,female
Sarya,سارية,female
Sasha,ساشا,female
Sataish,ستيش,female
Satal,سطل,male
Sateerah,ستره,female
Sati,ساتي,male
Satih,سطح,male
Satila,ستيلا,female
Sattar,ستار,male
Sattarah,ستاره,female
Satwat,سطوة,male
Sauba,صعوبة,female
Saubaan,ثوبان,male
Sauban,ثوبان,male
Saud,سعود,male
Sauda,صدى,female
Saudah,سوده,female
Saul,,male
Saulat,صلاة,male
Saundra,,female
Sauud,سعود,male
Savaira,سفيرة,female
Savak,سفك,male
Savana,,female
Savanah,,female
Savanna,,female
Savannah,,female
Saverio,,male
Savilla,,female
Savina,سفينة,female
Savine,صفين,female
Savion,,male
Saviz,زفز,male
Savon,,male
Sawa,سوا,female
Sawaab,صواب,male
Sawab,صواب,female
Sawaba,صعوبة,female
Sawad,سواد,male
Sawahil,سواحل,male
Sawalan,سولا,male
Sawalih,سولعيه,female
Sawalihah,صوالحه,female
Sawbat,صعوبات,female
Sawda,سودا,female
Sawdah,سوده,female
Sawdan,سودان,male
Sawera,صورة,female
Sawin,سوين,male
Sawlah,سوله,female
Sawlat,صولات,male
Sawni,سوني,male
Sawrah,صوره,female
Sawrat,صورة,female
Sawsan,سوسن,female
Sawsanah,سوسنه,female
Sawwaaf,سواف,male
Sawwaf,سوف,male
Sawwan,صوان,male
Sawyer,,male
Saya,سيا,female
Sayaam,صيام,male
Sayah,صياح,female
Sayalan,سيلان,male
Saydad,سيدد,male
Sayeed,سيد,male
Sayeeda,سيدة,female
Sayel,سيل,male
Sayf,صيف,male
Sayfiyy,صيفي,male
Sayfudeen,سيفضي,male
Sayfullah,سيفعله,male
Sayhan,سيحان,male
Sayibah,سايبه,female
Sayid,سيد,male
Sayida,سيدة,female
Saymar,سيمر,male
Saymarah,سيمرة,female
Saymour,سيمور,male
Sayna,سينا,female
Saytar,سيطر,male
Sayuj,سيج,male
Sayyadah,سيده,female
Sayyaf,سيف,male
Sayyah,صياح,female
Sayyar,سير,male
Sayyed,سيد,male
Sayyedah,سيده,female
Sayyid,سيد,male
Sayyida,سيدة,female
Sayyidah,سيده,female
Saz,ساز,female
Sazgar,ساذجر,female
Scarlet,,female
Scarlett,,female
Schley,,male
Schuyler,,male
Scot,,male
Scott,,male
Scottie,,male
Scotty,,male
Seaborn,,male
Seamus,,male
Sean,,male
Sebastian,,male
Sebrina,,female
Sedik,صديق,male
Sedrick,,male
Seef,صيف,male
Seem,ثيم,female
Seema,سيما,female
Seemeen,ثيمين,female
Seepan,سيبان,male
Seerat,صراط,female
Seham,سهام,female
Seher,سحر,female
Sehr,سحر,female
Sehrish,سحريش,female
Seid,سيد,male
Seif,سيف,male
Seif-Al-Din,سيفعلدن,male
Selab,صلب,male
Selah,,female
Selani,سلني,male
Seldon,,male
Selena,,female
Selene,,female
Selima,سليمة,female
Selina,صلينا,female
Selma,سلمى,female
Selmer,,male
Semaara,سمارة,female
Semah,سماه,female
Semaj,,male
Semal,سمل,male
Sena,,female
Senada,سندا,female
Senait,سنية,female
Senbal,سنبل,female
Sendid,صنديد,male
Seneca,,male
Seneen,سنين,male
Senora,,female
Senzela,سنظل,female
Sepahdar,صباحدر,male
Sepanta,سبأنت,male
Sepehr,سبحر,male
Sephir,سفير,female
Sepida,سبيد,female
Serena,صرنا,female
Serenity,,female
Sergio,,male
Serina,,female
Serir,سرير,male
Setara,ستار,female
Setayesh,ستيش,female
Seth,,male
Setoudeh,ستوضح,female
Severo,,male
Severt,,male
Seward,,male
Seymour,,male
Sfiyah,صفيه,female
Shaaban,شابان,male
Shaad,شاد,female
Shaadaan,شاذان,female
Shaadiya,شادية,female
Shaady,شادي,male
Shaaf,شاف,male
Shaafi,شافي,male
Shaafiah,شافيه,female
Shaafii,شافي,male
Shaaheen,شاهين,female
Shaahidah,شاهده,female
Shaaistah,شستة,female
Shaakirah,شاكره,female
Shaalah,شاله,female
Shaan,شان,female
Shaar,شار,male
Shaariq,شارق,male
Shaariqah,شارقه,female
Shaaz,شاذ,female
Shab,شاب,male
Shabaan,شعبان,male
Shabab,شباب,male
Shababah,شبابه,female
Shabah,شابه,male
Shabahang,شبهنج,female
Shaban,شعبان,female
Shabana,شعبنا,female
Shabar,شبر,male
Shabaz,شبز,male
Shabb,شاب,male
Shabbah,شبه,male
Shabbar,شبر,male
Shabbeer,شبير,male
Shabbir,شبير,male
Shabeeb,شبيب,male
Shabeeh,شبيه,male
Shabeehah,شبيهه,female
Shabeenah,شابينة,female
Shabeer,شبير,male
Shabi,صحابي,male
Shabib,شبيب,male
Shabibah,شبيبة,female
Shabin,شابين,female
Shabina,شابين,female
Shabinah,شابينة,female
Shabir,شبير,male
Shabirah,شبرة,female
Shabiyyah,شبيه,female
Shablaa,شبلا,female
Shabnam,شعبنام,female
Shabri,شبر,male
Shabuur,شابور,male
Shad,شد,male
Shadaab,شداب,female
Shadab,شدب,female
Shadah,شده,male
Shadan,شادن,male
Shaddad,شداد,male
Shaddam,شدم,male
Shaddan,شادن,male
Shade,,male
Shadee,شادي,male
Shadeed,شديد,male
Shadha,شذى,female
Shadhaa,شذا,female
Shadhin,شاذين,male
Shadhiyah,شظية,female
Shadi,شادي,male
Shadia,شادية,female
Shadiah,شاديه,female
Shadid,شديد,male
Shadin,شادين,male
Shadiq,شدق,male
Shadiya,شادية,female
Shadiyah,شاديه,female
Shadiyyah,شاديه,female
Shadleen,شاذلي,female
Shadli,شاذلي,male
Shadman,شدما,female
Shadmani,شدمن,female
Shadya,شادية,female
Shae,,female
Shaeef,شايف,male
Shafaat,شفاط,male
Shafana,شفنا,female
Shafaq,شفق,female
Shafaqat,شفقة,male
Shafaqatullah,شفقتلله,male
Shafar,شفر,male
Shafath,شفته,female
Shafay,شافي,male
Shafee,شافي,male
Shafeeah,شفيه,female
Shafeef,شفيف,male
Shafeefah,شفيفة,female
Shafeei,شافي,male
Shafeeq,شفيق,male
Shafeeqah,شفيقه,female
Shaffan,شفان,female
Shafi,شافي,male
Shafia,شافية,female
Shafiah,شفيه,female
Shafin,شافن,male
Shafiq,شفيق,male
Shafiqa,شفيقة,female
Shafiqah,شفيقه,female
Shafiulla,شفلي,male
Shafiya,شافية,female
Shafiyat,شفيت,female
Shafiyyah,شفيه,female
Shafqat,شفقة,female
Shafter,,male
Shafwan,شافوا,male
Shafyaa,شافيا,female
Shaghaaf,شغاف,male
Shaghalay,شاغلي,female
Shaghayegh,شغيغ,female
Shaghf,شغف,female
Shagoofa,شغوفا,female
Shagoon,شجون,female
Shagufta,شغفت,female
Shaguftah,شغفتة,female
Shah,شاه,male
Shah-Alam,شحالم,male
Shah-Jahan,شهجها,male
Shah-Nawaz,شاحناوز,male
Shahab,شهاب,male
Shahaba,شاحبة,female
Shahada,شهادة,female
Shahadat,شهادة,male
Shahalad,شحالد,male
Shahamat,شهامة,female
Shahan,شحن,male
Shahan-Shah,شاهنشاه,male
Shahana,شاحنة,female
Shaharun,شهرن,female
Shaharyar,شهريار,male
Shahay,شاهي,female
Shahbaa,شهباء,female
Shahbaaz,شهباز,male
Shahbaz,شاحبز,male
Shahd,شهد,male
Shahdad,شاهدد,male
Shahdokht,شاهدخة,female
Shaheeb,شهيب,male
Shaheed,شهيد,male
Shaheeda,شهيدا,female
Shaheem,شحيم,male
Shaheen,شاهين,female
Shaheer,شهير,male
Shaheera,شهيرة,female
Shaheerah,شهيره,female
Shahema,شهما,female
Shahgul,شهجل,female
Shahib,شهيب,male
Shahid,شاهد,male
Shahida,شاهدة,female
Shahidah,شاهده,female
Shahin,شاهين,female
Shahiq,شهيق,male
Shahiqa,شاهقة,female
Shahir,شهير,male
Shahira,شهيرة,female
Shahirah,شهيره,female
Shahkam,شاهقم,male
Shahla,شهلا,female
Shahlaa,شهلاء,female
Shahlah,شهلة,female
Shahlalai,شهلال,female
Shahm,شهم,male
Shahmah,شحمه,female
Shahmeen,شهم,female
Shahmeer,شحمير,male
Shahnaaz,شهناز,female
Shahnam,شاحنام,male
Shahnawaz,شاحناوز,male
Shahnaz,شهناز,female
Shahnoor,شاحنر,female
Shahou,شاهو,male
Shahparee,شاحبر,female
Shahpur,شحبور,male
Shahr,شهر,male
Shahra,شهرة,female
Shahraan,شهران,male
Shahrad,شهرد,male
Shahram,شهرام,male
Shahrazad,شهرزاد,female
Shahrbano,شهربان,female
Shahrbanou,شهربان,female
Shahrbanu,شهربان,female
Shahrdad,شهرذاد,male
Shahreen,شهرين,female
Shahriar,شهريار,male
Shahrin,شهرين,female
Shahrizad,شهرزاد,female
Shahrnaz,شهرناز,female
Shahro,شهر,female
Shahrokh,شهرخ,male
Shahrooz,شهروز,male
Shahroud,شهرد,male
Shahroz,شهرز,male
Shahrukh,شهرخ,male
Shahrul,شهرل,male
Shahruz,شهرز,male
Shahrzad,شهرزاد,female
Shahrzadah,شهرزادة,female
Shahrzadi,شهرزاد,female
Shahsavar,شهسفر,male
Shahwar,شهور,male
Shahyar,شهير,male
Shahzaadee,شحذد,female
Shahzad,شحذد,female
Shahzada,شحذدا,male
Shahzadi,شحذد,female
Shahzaib,شحذب,male
Shahzana,شحذنا,female
Shahzar,شحذر,male
Shahzor,شحذر,male
Shahzore,شحذر,male
Shaib,شايب,male
Shaiba,شيبة,female
Shaibaan,شيبان,male
Shaida,شدة,female
Shaidaa,شدا,male
Shaidan,شادن,male
Shaigan,شجن,male
Shaikh,شيخ,male
Shaikhul-Islam,شيخلصلم,male
Shail,شيل,male
Shaila,شيلى,female
Shaim,شيم,male
Shaima,شيما,female
Shaina,شئنا,female
Shaiq,شيق,male
Shaiqah,شيقه,female
Shaira,شاعرة,female
Shairah,شيره,female
Shairyaar,شرير,male
Shaista,شستا,female
Shaistah,شستة,female
Shajaa,شجى,female
Shajan,شجن,male
Shajar,شجر,male
Shajarah,شجره,female
Shajee,شجي,male
Shajeea,شجية,female
Shajeeah,شجية,female
Shaji,شجي,male
Shaju,شجو,female
Shakarnaz,شكرناز,female
Shakeeb,شكيب,male
Shakeeba,شكيب,female
Shakeel,شاكيل,male
Shakeela,شكلا,female
Shakeelah,شكله,female
Shakeer,شقير,male
Shakhr,شخر,male
Shaki,شاكي,male
Shakib,شكيب,male
Shakiba,شكيب,female
Shakil,شكل,male
Shakila,شكلا,female
Shakir,شاكر,male
Shakira,شاكرة,female
Shakirah,شاكره,female
Shakirat,شاكرة,female
Shakiriyyah,شكريه,female
Shakirullah,شاكيرلله,male
Shakkar,شكر,male
Shakkarah,شكره,female
Shakoor,شكور,male
Shakufa,شقفة,female
Shakur,شكر,male
Shakura,شكرا,female
Shakurah,شكره,female
Shala,شلة,female
Shalabh,شلبه,male
Shalah,شله,male
Shalal,شلل,female
Shalan,شعلان,male
Shaleel,شليل,male
Shalih,شاليه,male
Shalik,شعليك,male
Shalimar,شاليمار,female
Shalin,سهلين,male
Shalina,سحالينا,female
Shaline,سهلين,male
Shallal,شلال,male
Shalon,,female
Shalonda,,female
Shama,شما,female
Shamaailah,شماله,female
Shamaamah,شمامة,female
Shamail,شميل,female
Shamaila,شاملة,female
Shamailah,شمائله,female
Shamakh,شامخ,male
Shamal,شمال,male
Shamama,شمام,female
Shamamah,شمامة,female
Shamar,,male
Shamara,شمر,female
Shamas,شمس,male
Shameel,شميل,male
Shameela,شميلة,female
Shameelah,شميلة,female
Shameem,شميم,male
Shameemah,شميمة,female
Shameena,شمينا,female
Shamees,شميس,male
Shamehr,شامهر,male
Shameka,,female
Shamel,شامل,male
Shamika,,female
Shamikh,شامخ,female
Shamikha,شامخة,female
Shamil,شامل,male
Shamila,شاملة,female
Shamilah,شامله,female
Shamim,شميم,male
Shamima,شميم,female
Shamina,شمينا,female
Shamir,شامير,male
Shamira,شامير,female
Shamis,شمس,female
Shamisah,شميسة,female
Shamkhah,شامخه,female
Shamla,شاملة,female
Shamma,شما,female
Shammam,شمام,female
Shammamah,شمامة,female
Shammas,شمس,male
Shammyn,سهمين,male
Shamoil,شامل,male
Shamoodah,شمدة,female
Shamra,شمرا,female
Shams,شمس,male
Shams-Al-Din,شمسلدن,male
Shams-Jahan,شمسجها,female
Shams-Ud-Dawlah,شمسددولة,male
Shams-Ud-Duha,شمسددها,male
Shams-Uddin,شمسدن,male
Shams-Ul-Arifin,شمسلرفن,male
Shams-Ul-Haq,شمسلهق,male
Shams-Uz-Zaman,شمسززما,male
Shamsa,شمسة,female
Shamsaddin,شمسدن,male
Shamsan,شمسا,male
Shamshad,شمشد,male
Shamsheer,شمشر,male
Shamsher,شمشر,male
Shamshera,شمشرة,female
Shamsia,شمسية,female
Shamsideen,شمسيد,male
Shamuda,شمعدا,female
Shamuel,شامل,male
Shan,شان,male
Shana,شانا,female
Shanae,,female
Shanawar,شنيور,male
Shanaz,شينز,female
Shanda,,female
Shandar,شاندر,male
Shandra,,female
Shane,,male
Shaneka,,female
Shanell,,female
Shanelle,,female
Shanequa,,female
Shani,,female
Shania,,female
Shanice,,female
Shaniece,,female
Shanika,شنقا,female
Shaniqua,,female
Shanita,,female
Shaniya,,female
Shanna,,female
Shannaf,شناف,male
Shannan,,female
Shannen,,female
Shannon,,male
Shanon,,male
Shanta,,female
Shante,,female
Shantel,,female
Shantell,,female
Shanum,شنوم,female
Shanza,شينزا,female
Shanzay,شينز,female
Shanze,شينز,female
Shaoor,شاور,male
Shaperai,شبرا,female
Shapur,شابور,male
Shaqaaiq,شقائق,female
Shaqayeq,شقيق,female
Shaqeeq,شقيق,male
Shaqeeqah,شقيقه,female
Shaqeer,شقير,male
Shaqeerah,شقره,female
Shaqeeri,شقير,male
Shaqhaa,شقها,female
Shaqhah,شقحه,female
Shaqiqa,شقيقة,female
Shaqir,شقير,male
Shaqoor,شقور,male
Shaqr,شقر,male
Shaqra,شقرا,female
Shaqrah,شقره,female
Shaqriyyah,شقرية,female
Shaqroon,شقرون,male
Shaquan,,male
Shaquana,,female
Shaquarria,شقرا,female
Shaquille,,male
Shaquita,شقيت,male
Shara,,female
Sharaa,شراء,female
Sharaf,شرف,male
Sharafat,شرفات,male
Sharafuddin,شرفدن,male
Sharah,شرح,female
Sharaheel,شراحيل,male
Shararah,شراره,female
Sharayah,شاريه,female
Shardae,,female
Sharday,,female
Sharde,,female
Shardul,شاردل,male
Sharee,,female
Shareef,شريف,male
Shareefa,شريفة,female
Shareefah,شريفه,female
Shareeh,شريح,male
Shareek,شريك,male
Shareekah,شريكه,female
Shareen,شرين,female
Shareeq,شريق,male
Sharen,,female
Sharfa,شرفة,female
Sharfaa,شرفاء,female
Sharfan,شرفان,male
Shari,شارع,female
Sharia,شعرية,female
Shariah,شاريه,male
Shariat,شريط,male
Shariatullah,شريطلله,male
Sharif,شريف,male
Sharifa,شريفة,female
Sharifah,شريفه,female
Sharifuddin,شريفدن,male
Sharifudin,شريفدن,male
Sharik,شريك,male
Sharim,شريم,male
Shariq,شرق,male
Shariqah,شرقه,female
Sharique,شرق,male
Sharita,,female
Shariykah,شريكه,female
Sharjeel,شرجيل,male
Sharjil,شرجيل,male
Sharla,,female
Sharleen,,female
Sharleez,شارليز,female
Sharlene,,female
Sharman,,female
Sharmeela,شارمل,female
Sharmeen,شرم,female
Sharmin,شرمين,female
Sharminah,شرمينة,female
Sharon,,male
Sharonda,,female
Sharrah,شرح,male
Sharraqah,شرقه,female
Sharron,,female
Sharuf,شرف,male
Sharufah,شرفه,female
Sharveen,شرف,male
Sharyl,,female
Sharyn,,female
Shasa,شاص,female
Shasmeen,شسم,female
Shasta,,female
Shaswar,شسور,male
Shatara,,female
Shatb,شطب,male
Shatha,شذى,female
Shati,شات,male
Shaukat,شوكت,male
Shaukeen,شقين,male
Shaun,,male
Shauna,,female
Shaunna,,female
Shavon,,female
Shavonne,,female
Shawab,شوب,female
Shawaiz,شواذ,male
Shawal,شوال,male
Shawamikh,شوامخ,male
Shawanda,,female
Shawas,شوز,male
Shaweef,شوف,male
Shaweer,شوير,male
Shawn,,male
Shawna,,female
Shawnda,,female
Shawnee,,female
Shawnna,,female
Shawnte,,female
Shawq,شوق,female
Shawqan,شوقن,male
Shawqat,شوقة,female
Shawqi,شوقي,male
Shawqiyyah,شوقيه,female
Shawr,شاور,male
Shawraa,شورا,female
Shawwan,شون,male
Shay,,male
Shaya,شي,male
Shayaa,شياء,female
Shayaan,شيان,male
Shayal,شايل,male
Shayan,شين,female
Shaybah,شيبه,male
Shayban,شيبان,male
Shayestah,شيستة,female
Shayif,شايف,male
Shayiqah,شيقه,female
Shaykhaa,شيخا,female
Shayla,شايلة,female
Shaylee,,female
Shayma,شيما,female
Shaymaa,شيماء,female
Shayna,,female
Shayne,,male
Shayraf,شيرف,male
Shayyir,شير,male
Shaza,شذى,female
Shazad,شذاذ,female
Shazadi,شذاذ,female
Shazah,شاذه,female
Shazain,شاذين,male
Shazana,شاذان,female
Shazeb,شذب,male
Shazfa,شظف,female
Shazi,شذي,female
Shazia,شذى,female
Shazil,شاذل,male
Shaziya,شظية,female
Shazmah,شذمة,female
Shazmin,شذمن,female
Shazmina,شذمنا,female
Shazneen,شذن,female
Shazrah,شذرة,female
Shea,,male
Sheaaf,شاف,male
Sheba,شبة,female
Shedrick,,male
Sheeba,شيبة,female
Sheeban,شيبان,male
Sheeda,شيد,female
Sheedah,شيده,female
Sheedrokh,شيدرخ,female
Sheefa,صحيفة,female
Sheefta,صحيفتا,female
Sheeftah,صحيفته,female
Sheela,شيلى,female
Sheema,شيما,female
Sheemah,شيمه,female
Sheen,شين,female
Sheena,,female
Sheenaz,شينز,female
Sheeraz,شيراز,male
Sheereen,شيرين,female
Shees,شيث,male
Sheeva,صحيفة,female
Shehla,شهلا,female
Shehr,شهر,female
Shehran,شهران,male
Shehrbano,شهربان,female
Shehroze,شهرز,male
Shehryaar,شهريار,male
Shehryar,شهريار,male
Shehyar,شهير,male
Shehzaad,شحذد,male
Shehzadi,شحذد,female
Shehzeen,شحذ,female
Sheida,شيد,female
Sheila,شيلى,female
Sheilah,,female
Shelba,,female
Shelbi,,female
Shelbie,,female
Shelby,,male
Sheldon,,male
Shelia,,female
Shellah,شله,female
Shelley,,male
Shelli,,female
Shellie,,male
Shelly,,male
Shelton,,male
Shelva,,female
Shelvia,,female
Shelvie,,female
Shemar,,male
Shemshad,شمشد,female
Shena,,female
Shenna,,female
Shep,,male
Shepherd,,male
Sher,شر,male
Sherafgan,شرفجا,male
Sherana,سهرانة,female
Sheraz,شيراز,male
Sheree,,female
Shereen,شرين,female
Sheri,,female
Sheridan,,male
Sherie,,female
Sherif,شريف,male
Sherilyn,,female
Sherin,شيرين,female
Sherita,,female
Sherlyn,,female
Sherman,,male
Shermin,شرمين,female
Sheron,,female
Sherree,,female
Sherri,,female
Sherrie,,female
Sherrifah,شريفه,female
Sherrill,,male
Sherron,,female
Sherry,,female
Sherryl,,female
Shervan,شرفان,male
Sherwin,,male
Sherwood,,male
Sheryar,شرير,male
Sheryl,,female
Sheryll,,female
Shewa,شوى,female
Sheyla,شيلى,female
Sheza,شذى,female
Shezan,شذا,male
Shianne,,female
Shibil,شبيل,male
Shibl,شبل,male
Shiblah,شعبلة,female
Shibli,شيبلي,male
Shiddiq,شدق,male
Shidqii,شدق,male
Shiela,,female
Shifa,صحيفة,female
Shifaa,شفاء,female
Shifan,شيفا,male
Shifaullah,شيفلله,male
Shifwat,شفوية,male
Shihaam,شهم,female
Shihab,شهاب,male
Shihab-Al-Din,شحبلدن,male
Shihab-Uddin,شهابدن,male
Shihad,شهد,male
Shilan,شيلان,female
Shillan,شيلان,female
Shiloh,,female
Shimaa,شيماء,female
Shimah,شيمه,female
Shimaz,شيماز,female
Shinas,شناص,male
Shinat,شنط,female
Shinkai,شينك,female
Shinogai,شينجي,female
Shiqdar,شقدار,male
Shira,شيرة,female
Shiraz,شيراز,male
Shireen,شيرين,female
Shirin,شيرين,female
Shirl,,female
Shirlee,,female
Shirleen,,female
Shirlene,,female
Shirley,,male
Shirleyann,,female
Shirlie,,female
Shiya,شي,female
Shiyaaj,شياج,female
Shiyam,شيم,female
Shiza,شذى,female
Shmoodah,شمدة,female
Shoaib,شايب,male
Shoji,,male
Shokouh,شكوه,female
Shokufa,شقفة,female
Shokufaa,شقفة,female
Shola,سهولة,female
Shon,,male
Shona,,female
Shonda,,female
Shonna,,female
Shoulah,سهوله,female
Shpoon,شب,male
Shreya,,female
Shriranjan,شريرنجا,male
Shua,شوى,female
Shuaa,شاء,female
Shuaib,شوائب,male
Shuaif,شايف,male
Shuaila,شيلى,female
Shuayb,شايب,male
Shuba,شعبة,female
Shubhi,شبه,male
Shubool,شبل,male
Shudun,شدون,female
Shufafah,شفافه,female
Shufaiq,شفيق,male
Shufaiqah,شفيقه,female
Shufwat,شوفوه,male
Shughla,شغلة,female
Shuhada,شهادة,female
Shuhaib,شهيب,male
Shuhaibah,شهبة,female
Shuhaid,شهيد,male
Shuhaidah,شهيده,female
Shuhair,شهير,male
Shuhairah,شهيره,female
Shuhbah,شهبة,female
Shuhda,شهدا,female
Shuhdah,شهده,female
Shuhrah,شهره,female
Shuhrat,شهرة,female
Shuhrokh,شهرخ,male
Shuhud,شهود,male
Shuja,شجى,male
Shujaa,شجى,male
Shujaat,شجاعة,male
Shujana,شجنا,female
Shujauddin,شجودن,male
Shujayaah,شجية,female
Shukr,شكر,male
Shukrah,شكره,female
Shukrallah,شكرالله,male
Shukranah,شكرنة,female
Shukri,شكري,male
Shukria,شكرا,female
Shukriya,شكريا,female
Shukriyah,شكريه,female
Shukriyya,شكريا,female
Shukrullah,شكرلله,male
Shula,سهولة,female
Shulaikhah,شلاخة,female
Shulaykhan,شليخا,male
Shumaila,شميلة,female
Shumaisiya,شمسية,female
Shumayl,شمايل,male
Shumaylah,شميلة,female
Shumaysah,شميسة,female
Shuneal,شنل,male
Shunnar,شنار,male
Shuqair,شقير,male
Shuqairaa,شقراء,female
Shuqairah,شقره,male
Shuqairy,شقري,male
Shuqra,شقرا,female
Shuqrah,شقره,female
Shuqran,شقران,male
Shuqriyyah,شقرية,female
Shuqur,شقور,female
Shuraa,شراء,female
Shurafa,شرفة,female
Shurafaa,شرفاء,female
Shurah,شرح,female
Shurahbeel,شرحبيل,male
Shuraif,شريف,male
Shuraih,شرائح,male
Shuraim,شريم,male
Shuraiq,شريق,male
Shurayh,شعريه,male
Shuraym,شريم,male
Shurooq,شروق,female
Shuruq,شروق,female
Shuwaihah,شوهة,female
Shuwair,شوير,male
Shyann,,female
Shyanne,,female
Shyheim,,male
Shyla,,female
Shyreen,شيرين,female
Siaad,صياد,female
Siamak,صيامك,male
Siavash,سيفش,male
Siba,صعبة,female
Sibaal,سبال,female
Sibagh,صبغ,male
Sibaghah,صباغة,female
Sibal,سيبل,female
Sibbie,,female
Sibgha,صبغة,female
Sibghat-Ullah,صبغاتلله,male
Sibtain,سبتن,male
Sibyl,,female
Sid,,male
Siddeeq,صديق,male
Siddeeqah,صديقه,female
Siddie,,female
Siddiq,صديق,male
Siddiqa,صديقة,female
Siddiqah,صديقه,female
Siddique,صديق,male
Siddiqui,صديقي,male
Siddiqullah,صديقلله,male
Siddra,سيدرا,female
Sideeq,صديق,male
Sidney,,male
Sidqi,صدقي,male
Sidra,سيدرا,female
Sidrah,صدره,female
Sidratul-Muntaha,صدرتلمنتها,female
Sie,,male
Siena,,female
Sienna,,female
Sierra,,female
Sifah,سيفه,female
Sifet,صفة,male
Siffat,ثيفت,male
Sigmund,,male
Signa,,female
Signe,,female
Sigrid,,female
Sigurd,,male
Sih,صح,male
Sihaam,سهام,female
Sihab,سحاب,female
Sihah,صيحه,male
Siham,سهام,male
Siheme,سهم,female
Sihlal,سهلل,male
Sikandar,سكندر,male
Silaah,صلاح,male
Silaam,سلام,male
Silah,سلاح,male
Silahuddin,سيلاحظن,male
Silai,سيلي,female
Silan,سيلان,male
Silas,,male
Silm,سلم,male
Silma,سلمى,female
Silmi,سلمي,female
Silver,,male
Silvester,,male
Silvia,,female
Silvio,,male
Sim,,male
Sima,سيما,female
Simaab,سيمب,female
Simaal,سمال,female
Simab,سيمب,male
Simah,سماه,female
Simak,سمك,male
Simar,سيمر,male
Simeon,,male
Simin,ثيمين,female
Simmaa,سيماء,female
Simmah,سماه,female
Simmie,,male
Simon,,male
Simona,,female
Simone,,female
Simpson,,male
Simra,سمرة,female
Simrah,سمره,female
Sina,سينا,male
Sinan,سينا,male
Sinan-Uddin,سننظن,male
Sincere,,male
Sinda,,female
Sineen,سنين,male
Sing,,male
Sinnah,سنه,female
Sinwan,زينون,male
Siobhan,,female
Siraa,سيرا,female
Siraaj,سراج,male
Siraayah,سراياه,female
Sirah,سيره,female
Siraj,سراج,female
Siraj-Al-Din,سيرجلدن,male
Siraj-Uddeen,سيرجيود,male
Sirajaddin,سيرجدن,male
Sirajuddin,سيرجيودن,male
Sirajulhaq,سيرجيولهق,male
Siranoush,سرنوش,female
Sirat,سيرة,female
Sireen,سيرين,female
Sirhan,سيرها,male
Sirin,سيرين,female
Sirous,سيروس,male
Sirvan,صرفا,male
Sisban,سيسبان,female
Sister,,female
Sitaarah,ستاره,female
Sitara,سيطرة,female
Sitarah,سيطرة,female
Sitr,سيطر,female
Sitwat,سطوة,female
Sitya,سيتي,female
Siwa,سوى,female
Siwar,صور,male
Siyadah,سيده,female
Siyaf,سيف,male
Siyam,صيام,female
Siyana,صيانة,female
Siyaq,سياق,female
Skip,,male
Sky,,female
Skye,,female
Skyla,,female
Skylar,,male
Skyler,,male
Slade,,male
Slaeet,صليت,male
Sloane,,female
Smera,سمرة,female
Smith,,male
Snober,صنوبر,male
Sobaan,ثوبان,male
Sobaika,سبيكة,female
Sobia,صبيا,female
Sobiya,صبيا,female
Socorro,,female
Sodad,سداد,female
Sofia,صوفيا,female
Sofian,سفيان,male
Sofiane,سفيان,male
Sogand,سجند,female
Soha,سهى,female
Sohaib,صهيب,male
Sohail,سهيل,male
Soham,سهم,male
Sohana,صحنا,female
Soheil,سهيل,male
Sohil,سهيل,male
Sohrab,سهراب,male
Sol,,male
Soledad,,female
Soloman,,male
Solomon,,male
Solon,,male
Solwi,سلوي,male
Somaya,سمية,female
Somer,,female
Somila,زميلة,female
Sommar,سمر,male
Sommer,,female
Somna,صمنا,female
Somood,صمود,male
Son,,male
Sonbol,سنبل,female
Sonbula,سنبلة,female
Sondra,,female
Sonia,سونيا,female
Soniya,سنية,female
Sonja,,female
Sonji,,female
Sonny,,male
Sonya,سنية,female
Sooraya,سوريا,female
Sophia,صوفيا,female
Sophie,,female
Sophronia,,female
Soraiya,سوريا,female
Soran,سوران,male
Soraya,سوريا,female
Soren,,male
Sorfina,صرفنا,female
Sormeh,سرمه,female
Soroush,سروش,male
Souad,سعود,female
Souban,ثوبان,male
Souffian,صوفيان,male
Sougand,سجند,female
Souhayla,سهيلة,female
Souma,سوما,female
Souna,سنة,female
Sounai,سوني,female
Souzan,سوزان,female
Sparghai,صبرغ,female
Sparlay,صبرل,male
Speda,زبدة,female
Spencer,,male
Spenser,,male
Spinzar,سبينزر,male
Spring,,female
Spurgeon,,male
Squire,,male
Stacey,,male
Staci,,female
Stacia,,female
Stacie,,female
Stacy,,male
Stafford,,male
Stan,,male
Stanford,,male
Stanislaus,,male
Stanley,,male
Stanton,,male
Star,,female
Starla,,female
Starling,,male
Starr,,female
Stasia,,female
Stefan,,male
Stefani,,female
Stefanie,,female
Stella,,female
Stephaine,,female
Stephan,,male
Stephani,,female
Stephania,,female
Stephanie,,male
Stephany,,female
Stephen,,male
Stephenie,,female
Stephon,,male
Sterling,,male
Stetson,,male
Stevan,,male
Steve,,male
Steven,,male
Stevie,,male
Steward,,male
Stewart,,male
Stone,,male
Stonewall,,male
Stoney,,male
Storay,سطوري,male
Storm,,male
Stormy,,female
Stuart,,male
Suad,سعاد,female
Suadaa,سوداء,female
Suaidah,سيده,female
Suaidan,سويدان,male
Sual,سؤال,male
Subah,صباح,female
Subah-Uddin,صباحدن,male
Subaha,صباحا,female
Subahah,سباحه,female
Subaibah,سببه,female
Subaih,صبيح,male
Subaihah,صبيحة,female
Subail,سبيل,female
Subair,سوبر,male
Subayah,صبيح,female
Subaytah,سبيتة,female
Subayyaah,صبيح,male
Subbiha,صبيحة,female
Subbooh,لاريب,female
Subh,صوبه,female
Subhaan,سبحان,female
Subhah,صبحه,female
Subhan,سبحان,male
Subhana,سبحان,female
Subhi,صبحي,male
Subhiyah,صبحيه,female
Subhy,صبحي,male
Suboor,صبور,male
Subuhi,صبحي,female
Suda,صدى,female
Sudain,سدين,male
Sudainah,سدنة,female
Sudaiq,صديق,male
Sudaiqah,صديقه,female
Sudair,سدير,male
Sudairi,سدير,male
Sudais,سديس,male
Sudi,سودي,female
Sudie,,female
Sudur,صدور,female
Sue,,female
Suellen,,female
Sufan,سفن,male
Suffah,سفاح,female
Sufi,صوفي,male
Sufia,صوفيا,female
Sufian,سفيان,male
Sufiya,صوفيا,female
Sufyaan,سفيان,male
Sufyan,سفيان,male
Sughra,صغرى,female
Sughraa,صغرى,female
Sugra,صغرى,female
Suha,سهى,female
Suhaan,صوحان,male
Suhad,سهاد,female
Suhaib,صهيب,male
Suhaibah,سحابه,female
Suhaibun,سحبن,male
Suhaid,زهيد,male
Suhail,سهيل,male
Suhaila,سهيلة,female
Suhailaa,سهيلا,female
Suhailah,سهيله,female
Suhaili,سهيل,male
Suhaim,سحيم,male
Suhaima,سهما,female
Suhaimah,زحمه,female
Suhair,سهير,female
Suhaira,سهرة,female
Suhana,صحنا,female
Suharaat,سهرات,female
Suhayb,صهيب,male
Suhayl,سهيل,male
Suhayla,سهيلة,female
Suhaylah,سهيله,female
Suhaym,سحيم,male
Suhayma,سحيم,female
Suhaymah,سحيمة,female
Suhayr,سهير,female
Suhbah,صحبه,female
Suhban,سحبان,male
Suhbani,سحبني,male
Suheb,سحب,male
Suheera,سهير,female
Suhrab,سهراب,male
Suhrah,سهره,female
Suja,زوجة,male
Sujah,سيوجه,female
Sujaydah,سجيدة,female
Sukaina,سكينة,female
Sukainah,سكينه,female
Sukaynah,سكينه,female
Sukkar,صقر,female
Suknah,سكنه,female
Sukniyyah,سكنيه,female
Sula,,female
Sulaaf,سولاف,male
Sulabha,سلبها,female
Sulafa,سلفا,female
Sulafah,سولافه,female
Sulaif,سليف,male
Sulaikan,سولاقا,male
Sulaim,سليم,male
Sulaima,سليمة,female
Sulaimaa,سليما,female
Sulaimaat,سلامات,female
Sulaimah,سليمه,female
Sulaiman,سليمان,male
Sulaiwah,صلوح,female
Sulamaa,سلاما,female
Sulayk,سليك,male
Sulayman,لتي,male
Sulayt,صليت,male
Sulaytan,زليتن,male
Suleiman,سليمان,male
Sulh,صلح,male
Sullivan,,male
Suloof,سولف,male
Sultaan,سلطان,male
Sultaanah,سلطانه,female
Sultan,سلطان,male
Sultana,سلطان,female
Sultanah,سلطانه,female
Sulthan,صلتها,male
Sulthana,ثلثين,female
Sulufah,سلفه,female
Sulwa,سلوى,female
Sulwan,سلوان,female
Sumaih,سميح,male
Sumaihah,سميحه,female
Sumair,سمير,male
Sumaira,سميرة,female
Sumairaa,سميراء,female
Sumaiya,سمية,female
Sumaiyaa,سمايا,female
Sumaiyah,سميح,female
Sumama,صماما,female
Sumamah,صممه,female
Sumanah,سمنه,female
Sumara,سمارة,female
Sumaya,سمية,female
Sumayra,سميرة,female
Sumayrah,سميره,female
Sumaytah,سميته,female
Sumayya,سمية,female
Sumayyah,سميح,female
Sumbal,سمبل,female
Sumbul,سمبل,female
Sumera,سمرة,female
Sumia,سمية,female
Sumiya,سمية,female
Suml,سمل,female
Sumlina,زمليني,female
Summar,سمر,female
Summaya,سمية,female
Summayyah,سميح,female
Summer,,female
Sumnah,سمنه,female
Sumner,,male
Sumood,صمود,male
Sumou,سمو,female
Sumra,سمرة,female
Sumrah,سمره,female
Sumran,سمران,male
Sunain,سنين,male
Sunan,سنن,female
Sunat,لتي,male
Sunayyan,سنيين,male
Sunbul,سنبل,female
Sunbula,سنبلة,female
Sundas,سندس,female
Sunday,,female
Sundus,سندس,female
Sunnah,سنة,female
Sunnii,سوني,male
Sunny,,female
Sunshine,,female
Sunud,سند,female
Sunya,سونيا,female
Suoud,سعود,male
Suqaib,ثقب,male
Suqair,صقير,male
Sura,سورة,female
Suraa,سراء,female
Surah,سوره,female
Suraiya,سوريا,female
Suraqah,صرقعه,male
Suraya,سوريا,female
Surayj,سريج,male
Surayya,سوريا,female
Surayyaa,سوريا,female
Sureen,سورين,male
Suri,سوري,female
Surina,سرينا,female
Surma,صرمة,female
Suroor,سرور,male
Surraq,سرق,male
Surraya,سوريا,female
Surur,سرور,male
Suruur,سرور,male
Susan,سوزان,female
Susana,,female
Susann,,female
Susanna,,female
Susannah,,female
Susanne,,female
Sushiant,سوشينة,male
Susie,,male
Sussan,سوسن,female
Sussie,,female
Sutait,صوتية,female
Suwaib,صويب,female
Suwaiba,صعوبة,female
Suwaibah,صوابه,female
Suwaibih,صوابه,male
Suwaibir,سوبر,male
Suwaida,سويدا,female
Suwaidan,سويدان,male
Suwaidin,سعودين,male
Suwaidis,سويديس,male
Suwaif,سويف,male
Suwaih,سويه,male
Suwaihir,زوهير,male
Suwailih,صويلح,male
Suwailim,سويلم,male
Suwaim,صوم,male
Suwaimah,صومه,female
Suwairaa,صورا,female
Suwar,صور,male
Suwaybah,ثويبة,female
Suwaybit,ثويبة,male
Suwayd,سويد,male
Suwaydah,سويديه,female
Suwayhil,سويحل,male
Suwera,صورة,female
Suzan,,female
Suzann,,female
Suzanna,,female
Suzanne,,female
Suzette,,female
Suzie,,female
Suzy,,female
Swab,ثواب,male
Swiyyah,سويه,female
Syaadii,سيادي,male
Syaafi,صياف,male
Syaafii,صيفي,male
Syaahiin,سياحين,male
Syaamil,سيميل,male
Syaban,سيبان,male
Syabiibii,سيبيب,female
Syafii,صيفي,male
Syafiq,سيفق,male
Syafruddin,سيفرضن,male
Syahid,سيحد,male
Syahiir,سيحر,male
Syaibaan,سيبان,male
Syakib,سيقب,male
Syakir,سيقر,male
Syamlaan,سيعملا,male
Syammaas,سيمس,male
Syammakh,سيماخ,male
Syammari,سيمر,male
Syaraahiil,سيرحل,male
Syaraf,سيرف,male
Syarbiinii,سيربن,female
Syarif,سيرف,male
Syariifuddin,سيرفضن,male
Syauqi,سياق,male
Sybil,,female
Sybilla,,female
Syble,,female
Sydeek,سيدك,male
Sydell,,female
Sydnee,,female
Sydney,,male
Sydni,,female
Sydnie,,female
Syed,سيد,male
Syihab,سيحب,male
Sylva,,female
Sylvan,,male
Sylvania,,female
Sylvanus,,male
Sylvester,,male
Sylvia,,female
Symone,,female
Syreeta,,female
Syuja,سيجا,male
Syukri,سيقر,male
Syuraih,سيره,male
Taabah,تابعه,female
Taabeer,تعبير,male
Taadeel,تعديل,female
Taafeef,طفيف,male
Taaha,طاح,male
Taahid,تحيد,male
Taahir,طاهر,male
Taahira,طاهرة,female
Taahirah,طاهره,female
Taai,تاي,male
Taaib,تايب,male
Taaiba,طابا,female
Taaibah,تايبه,female
Taair,طاير,male
Taajuddin,تجدين,male
Taal,طال,female
Taalah,طالعه,female
Taalea,تالي,female
Taalia,تالية,female
Taaliah,تاليه,female
Taalim,تعليم,male
Taaliq,طالق,male
Taalluf,تالف,female
Taamir,تامر,male
Taanish,تنعش,male
Taaqul,تقول,female
Taaraz,طراز,male
Taariq,طارق,male
Taasees,تاسيس,female
Taazaz,تعزز,female
Tab,,male
Taba,طابا,female
Tabahhuj,تبهج,female
Tabahhur,تبهر,female
Tabalah,تباله,female
Taban,طبعن,male
Tabana,تبنى,female
Tabandeh,تبنده,female
Tabani,تبني,female
Tabarak,تبارك,male
Tabari,تبرع,male
Tabarik,تبريك,male
Tabarruk,تبارك,female
Tabassum,تبسم,female
Tabasumm,تبسم,female
Tabatha,,female
Tabbah,تابعه,male
Tabbar,تعبر,male
Tabdar,تبدر,male
Tabeed,تبيض,male
Tabeedah,تعبده,female
Tabeen,تبين,female
Tabeer,تعبير,female
Tabetha,,female
Tabiah,تبيه,female
Tabina,تبينا,female
Tabinda,تبيندا,female
Tabish,طبش,male
Tabith,تبعث,female
Tabitha,,female
Tabnak,تعبناك,male
Tabrez,تبرز,male
Tabrid,تبريد,male
Tabseer,تبصير,male
Tad,,male
Tadbir,تدبير,male
Tadris,تدريس,male
Tafaf,تأفف,male
Tafali,طفلي,male
Tafazzul,تفظل,male
Tafheem,تفهيم,female
Tafida,تفيد,female
Taflah,طفله,female
Tafli,طفلي,female
Taft,,male
Taghlib,تغليب,male
Taghrid,تغريد,female
Taha,طه,male
Tahani,تهاني,female
Tahannud,تهاند,male
Tahar,طاهر,male
Tahawwur,تحاور,male
Tahbeer,تحبير,male
Taheem,تهيم,male
Taheer,تحير,male
Taheera,طاهرة,female
Taheerah,طاهره,female
Taher,طاهر,male
Tahera,طاهرة,female
Tahfeem,تحفيم,female
Tahfeez,تحفيز,male
Tahib,تهيب,male
Tahillah,تحلله,female
Tahir,طاهر,male
Tahira,طاهرة,female
Tahirah,طاهره,female
Tahiya,تحية,female
Tahiyah,تحييه,female
Tahiyat,تحية,female
Tahiyyah,تحييه,female
Tahj,,male
Tahkeem,تحكيم,female
Tahleem,تحلم,female
Tahlibah,تحلبة,female
Tahmeed,تحميض,female
Tahmid,تحميض,male
Tahmina,تحمينا,female
Tahmineh,تحمينه,female
Tahniat,تهنئة,female
Tahoor,طهور,male
Tahreem,تحريم,female
Tahrir,تحرير,female
Tahseen,تحسين,female
Tahseenah,تحسينه,female
Tahsiin,تحسين,male
Tahsin,تحصين,female
Tahzeeb,تهذيب,female
Tai,,female
Taib,طيب,male
Taiba,تائبة,female
Taibah,طيبه,female
Taidah,تعيده,female
Taif,طيف,male
Taifur,طيفور,male
Taihaa,طيها,female
Taihan,تيهان,male
Taim-Allah,تعمله,male
Taima,تيما,female
Taimallah,تعمله,male
Taimaz,تايمز,male
Taimim,تعميم,male
Taimoor,تيمور,male
Taimullah,تعمله,male
Taimur,تيمور,male
Taina,,female
Taisiir,تيسير,male
Taisir,تيسير,male
Taizeen,تزين,male
Taj,تاج,male
Taj-Al-Din,تجلدن,male
Taj-Udinn,تجدين,male
Taja,,female
Tajallah,تجعله,female
Tajammal,تجامل,male
Tajammul,تجامل,male
Tajbakhsh,تجبخش,male
Tajdar,تجدر,female
Tajim,تجم,male
Tajmeel,تجميل,female
Tajuddin,تجدين,male
Tajul-Islam,تجلسلم,male
Tajwar,تجور,male
Tajweed,تجويد,female
Takisha,,female
Takiyah,طاقيه,female
Takleef,تكليف,male
Takreem,تكريم,female
Tal,طال,male
Tala,تالا,female
Talaab,طلاب,male
Talaah,تلاه,female
Talaat,تلات,female
Talab,طلب,male
Talah,تلاه,female
Talal,طلال,male
Talan,,male
Talat,طالت,male
Talbashah,تلبسهة,female
Taleem,تعليم,male
Talen,,male
Talha,طلحة,male
Talhah,طلحه,female
Tali,تالي,female
Talia,تالية,female
Talib,طالب,male
Taliba,طالبة,female
Talibah,طالبه,female
Talibullah,طلبلله,male
Talim,تعليم,male
Talish,تعليش,male
Taliyah,,female
Tallie,,male
Talmadge,,male
Talmage,,male
Talon,,male
Taloob,طلوب,male
Taloot,لاريب,female
Talum,تعلم,male
Talut,طالوت,male
Talwasa,تلوثا,female
Talya,تالية,male
Tamaam,تمام,male
Tamadhur,تماضر,female
Tamador,تماضر,female
Tamadur,تماضر,female
Tamala,,female
Tamam,تمام,male
Tamanna,تمنى,female
Tamanni,تمني,female
Tamar,تامر,female
Tamara,تمارا,female
Tamassuk,تمسك,female
Tamasul,تمثل,female
Tamatha,,female
Tamazur,تمزر,female
Tambra,,female
Tameem,تميم,male
Tameemah,تميمه,female
Tameemiya,تميمية,female
Tameen,تامين,female
Tameez,تميز,female
Tameka,تمك,female
Tamekia,,female
Tamela,,female
Tamera,,female
Tamheed,تمهيد,female
Tami,تم,male
Tamia,,female
Tamica,,female
Tamid,تميد,male
Tamie,,female
Tamika,,female
Tamiko,,female
Tamim,تميم,male
Tamir,تامر,male
Tamirah,تعميره,female
Tamisha,,female
Tamiz,تميز,male
Tamjid,تمجيد,male
Tamkeen,تمكين,female
Tammaam,تمام,male
Tammaan,تامان,male
Tammam,تمام,male
Tammamah,تمامه,female
Tamman,تمن,male
Tammar,تامر,male
Tammi,,female
Tammie,,female
Tammy,,male
Tamra,تامر,female
Tamseel,تمثيل,female
Tamur,تامر,male
Tamya,,female
Tana,,female
Tanaz,تنز,female
Tandy,,male
Taneem,تنم,female
Tanesha,,female
Tangela,,female
Tania,,female
Tanika,,female
Tanim,تنعم,male
Tanisha,تنشا,female
Taniya,,female
Taniyah,,female
Tanja,,female
Tanjia,طنجة,female
Tannaz,تنز,female
Tanner,,male
Tanveer,تنفير,male
Tanvir,تنفير,male
Tanweel,تنول,male
Tanweer,تنوير,female
Tanwir,تنوير,male
Tanya,,female
Tanzeel,تنزيل,male
Tanzeela,تنزيلا,female
Tanzeem,تنظيم,male
Tanzil,تنزيل,male
Tanzila,تنزل,female
Tanzilur,تنزيلر,male
Taqaddam,تقدم,male
Taqadum,تقدم,female
Taqadus,تقدس,female
Taqdees,تقديس,female
Taqee,تقي,male
Taqi,تقي,male
Taqiuddin,تقعدين,male
Taqiy,تقي,male
Taqiya,طاقية,female
Taqiyah,طاقيه,female
Taqiyy,تقي,male
Taqiyy-Uddin,تقييدن,male
Taqiyyah,طاقيه,female
Taqwa,تقوى,female
Taqwaa,تقوا,female
Tara,ترى,female
Taraab,تراب,female
Tarah,,female
Tarana,ترانا,female
Taraneh,ترانه,female
Tarannum,ترنم,female
Tarashud,ترشد,female
Taraz,طراز,male
Tareef,تعريف,male
Tareefa,طريفة,female
Tareefah,طريفه,female
Tareem,تريم,male
Tareeq,طريق,male
Tarek,طارق,male
Tareq,طريق,male
Tarfa,طرفة,female
Tarfah,طرفه,male
Tarheeb,ترحيب,female
Tari,,female
Tarib,تعريب,female
Tarif,طريف,male
Tarifa,طريفة,female
Tarik,طارق,male
Tarikh,تاريخ,male
Tariq,طارق,male
Tariqa,طريقة,female
Tariqah,طريقه,female
Tarique,طريق,male
Tarkheem,ترخيم,female
Tarkhunah,تركهنة,female
Tarneem,ترنيم,female
Taroob,طروب,female
Taroon,ترون,male
Tarooq,تروق,male
Tarqiyah,ترقية,female
Tarsha,,female
Tarub,طرب,male
Taryn,,female
Tarz,طرز,female
Tasaad,تزاد,female
Tasadduq,تصدق,male
Tasafi,تصفي,male
Tasahir,تسهر,male
Tasallee,تسالي,male
Tasamuh,تسمح,male
Tasavur,تسافر,female
Tasawwar,تصور,male
Taseefa,تسيف,female
Taseel,تسيل,male
Taseen,تزين,male
Taseer,تسير,male
Tasha,,female
Tashbeed,تشبيد,male
Tasheen,تشين,female
Tashfin,تاشفين,male
Tashina,,female
Tasia,,female
Tasiyah,تصييح,female
Taskeen,تسكين,male
Tasleem,تسليم,male
Tasleema,تسليما,female
Taslim,تسلم,male
Taslima,تسليما,female
Tasliymah,تسليمه,female
Tasmeekh,تصميخ,female
Tasmeem,تصميم,male
Tasmia,تسمية,female
Tasmin,تسمين,female
Tasmir,تسمير,male
Tasmira,تسمير,female
Tasmiyah,تسميه,female
Tasneam,تسنيم,female
Tasneem,تسنيم,male
Tasneema,تسنيم,female
Tasneen,تسنين,male
Tasnim,تسنيم,female
Tasnin,تسنين,male
Tasteer,تسطير,male
Tasuq,تسوق,male
Tasweeb,تصويب,female
Tasweer,تصوير,male
Tate,,male
Tatheer,تثير,male
Tatia,,female
Tatiana,,female
Tatianna,,female
Tatsuo,,male
Tatum,,female
Tatyana,,female
Tatyanna,,female
Taufik,توفيق,male
Taufiq,توفيق,male
Taufiqa,توفيق,female
Tauhid,توحيد,male
Tauqeer,توقير,male
Tauqir,توقير,male
Taurean,,male
Taurus,,male
Tauseef,توصيف,male
Tavana,تفنى,male
Tavares,,male
Tavaris,,male
Tavian,,male
Tavion,,male
Tavon,,male
Tawab,تواب,male
Tawaddud,تودد,male
Tawadud,تودد,male
Tawaf,طواف,male
Tawafiq,توفيق,male
Tawakkul,توكل,male
Tawana,,female
Tawanda,,female
Tawanna,,female
Tawaqur,توقر,female
Tawas,طاوس,male
Tawazou,طوزو,male
Tawbaat,توبات,female
Tawbah,توبه,female
Taweel,طويل,male
Tawfeeq,توفيق,male
Tawfik,توفيق,male
Tawfiq,توفيق,male
Tawfiqa,توفيق,female
Tawfiqah,توفيقه,female
Tawheed,توحيد,male
Tawheeda,توحيد,female
Tawhid,توحيد,male
Tawhidah,توحيده,female
Tawilah,طاوله,female
Tawkeel,توكيل,male
Tawl,طول,male
Tawlah,طوله,female
Tawlan,طولان,male
Tawny,,female
Tawnya,,female
Tawoos,طاووس,male
Tawqan,طوقان,male
Tawqir,توقير,male
Tawseef,توصيف,male
Tawus,طاووس,female
Tawwab,توب,male
Tawwabah,توبه,female
Tawwad,تود,female
Taya,,female
Taybah,طيبه,female
Tayeb,طيب,male
Tayibat,طيبة,female
Tayil,طايل,male
Tayilah,طيلة,female
Tayla,,female
Tayler,,male
Taylor,,male
Tayma,تيما,female
Taymallah,تايملله,male
Taymullah,تيمولله,male
Taymur,تيمور,male
Taymurah,تيموريه,female
Tayseer,تيسير,male
Tayshaun,,male
Taysir,تيسير,male
Taysirah,تيسيرة,female
Tayyab,طيب,male
Tayyaba,طيبة,female
Tayyeb,طيب,male
Tayyib,طيب,male
Tayyiba,طيبة,female
Tayyibah,طيبه,female
Taza,طازة,female
Tazam,تزعم,male
Tazayyun,تزيين,female
Tazeem,تعظيم,male
Tazeen,تزين,female
Tazim,تزعم,male
Tazima,تعظيما,female
Tazimuddin,تزعمودن,male
Tazkia,تزكية,female
Tazkiah,تزكية,female
Tazmeen,تظمن,female
Tazneem,تزنيم,male
Tea,,female
Teagan,,male
Ted,,male
Teddie,,male
Teddy,,male
Teeb,طيب,male
Teeha,طيها,female
Teela,,female
Teena,,female
Tegan,,male
Tehmeed,تحميض,male
Tehmina,تحمينا,female
Tehreem,تحريم,female
Tehseen,تحسين,male
Tehzeeb,تهذيب,female
Tella,,female
Telly,,male
Tempie,,female
Tena,,female
Tenika,,female
Tenisha,,female
Tennessee,,female
Tennie,,female
Tennille,,female
Tera,,female
Terance,,male
Terell,,male
Terence,,male
Teresa,,female
Terese,,female
Teressa,,female
Teri,,female
Terra,,female
Terrance,,male
Terrell,,male
Terrence,,male
Terri,,female
Terrie,,female
Terrill,,male
Terry,,male
Tess,,female
Tessa,,female
Tessie,,female
Tevin,,male
Tex,,male
Texanna,,female
Texas,,female
Texie,,female
Thaabit,ثابت,male
Thaahaa,ظاهاء,male
Thaalab,طحالب,male
Thabi,تحبي,male
Thabit,ثابت,male
Thabitah,ثابته,female
Thad,,male
Thaddeus,,male
Thahera,ظاهرة,female
Thahir,ظاهر,male
Thalabah,طحالبه,male
Thalal,ظلال,male
Thalia,,female
Thalib,ثعلب,male
Thaman,ثمن,male
Thamar,ثمار,male
Thameen,ثمين,male
Thameena,ثمينة,female
Thameenah,ثمينه,female
Thamer,ثامر,male
Thamina,ثمينة,female
Thaminah,ثمينه,female
Thamir,ثامر,male
Thamirah,ثمره,female
Thana,ثنا,female
Thanaa,ثناء,female
Thaqaf,ثقف,male
Thaqib,ثقب,male
Thara,ذرة,female
Tharaa,ثراء,female
Thariq,تحريق,male
Tharwah,ثروة,female
Tharwat,ثروت,male
Tharya,ثريا,female
Thashin,تحشين,female
Thauban,ذوبان,male
Thawab,ثواب,male
Thawban,ذوبان,male
Thayeb,ذيب,male
Thayeba,ثيبا,female
Thayer,ثاير,male
Thayyib,ذييب,male
Thea,,female
Theadore,,male
Theda,,female
Thedore,,male
Thekla,,female
Thelma,,male
Theo,,male
Theodis,,male
Theodocia,,female
Theodora,,female
Theodore,,male
Theodosia,,female
Theola,,female
Theophile,,male
Theresa,,female
Therese,,female
Theresia,,female
Therman,,male
Theron,,male
Theta,,female
Thilaal,ظلال,male
Thomas,,male
Thomasina,,female
Thompson,,male
Thor,,male
Thora,,female
Thoraya,ثورية,female
Thornton,,male
Thorwald,,male
Thos,,male
Thresa,,female
Thuailib,ثعلب,male
Thubaitah,ثباته,female
Thubaytah,ثبيتة,female
Thufail,تحفل,male
Thufailah,تحفلة,female
Thumama,ثمامة,male
Thumamah,ثمامة,male
Thuml,تحمل,female
Thuraiya,ثورية,female
Thuraya,ثريا,female
Thurayya,ثريا,female
Thurayyat,ثريات,female
Thurlow,,male
Thurman,,male
Thurraya,ثورية,female
Thurrayya,ثورية,female
Thursa,,female
Thurston,,male
Thuwabah,ثوبه,female
Thuwaibah,ثويبة,female
Thuwaybah,ثويبة,female
Thyra,,female
Tia,,female
Tiana,,female
Tianna,,female
Tiara,,female
Tiarra,,female
Tibah,طيبه,female
Tibaq,طبق,male
Tibhaj,تبهج,female
Tibr,تعبر,male
Tibrah,تعبره,female
Tiera,,female
Tierra,,female
Tiesha,,female
Tiffani,,female
Tiffanie,,female
Tiffany,,male
Tihaami,تهامي,male
Tihami,تحمي,male
Tilal,طلال,male
Tilaluddin,طلالدن,male
Tilda,,female
Tilden,,male
Tilla,,female
Tillie,,female
Tillman,,male
Tilman,,male
Tim,,male
Timmie,,male
Timmothy,,male
Timmy,,male
Timothy,,male
Tina,تينا,female
Tinat,طينة,female
Tiney,,female
Tinie,,female
Tinjal,تنجل,female
Tinnie,,female
Tiny,,female
Tipu,طيب,male
Tirana,طيران,female
Tiraq,طرق,male
Tireem,تيريم,male
Tirhab,ترحب,female
Tirmizi,ترميز,male
Tisa,,female
Tisha,تعيش,female
Tishie,,female
Tito,,male
Titus,,male
Tiyam,تيم,female
Tiymah,طعيمه,female
Toaheed,توحيد,male
Tobe,,male
Tobi,,female
Tobias,توبياس,male
Tobie,,male
Tobin,,male
Toby,,male
Toccara,,female
Tod,,male
Todd,,male
Toivo,,male
Tolbert,,male
Tollie,,male
Tolwak,تلوك,male
Tom,,male
Toma,,male
Tomas,,male
Tomasa,,female
Tomeka,,female
Tomie,,male
Tomika,,female
Tommie,,male
Tommy,,male
Tonda,,female
Toney,,male
Toni,,female
Tonia,,female
Tonja,,female
Tony,,male
Tonya,,female
Tooba,توبة,female
Toqeer,توقير,male
Torey,,male
Tori,,female
Toriano,,male
Torie,,female
Torrance,,male
Torrence,,male
Torrey,,male
Torrie,,female
Torry,,male
Tory,,male
Toryal,تريل,male
Tosha,,female
Toshana,تشان,female
Toshiko,,female
Toshio,,male
Toti,توتي,male
Toufika,توفيق,female
Towanda,,female
Toy,,male
Toya,,female
Trace,,male
Tracee,,female
Tracey,,male
Traci,,female
Tracie,,female
Tracy,,male
Trae,,male
Trana,ترانا,female
Travis,,male
Travon,,male
Trayvon,,male
Tre,,male
Treasure,,female
Treef,طريف,male
Treena,,female
Tremaine,,male
Tremayne,,male
Trena,,female
Trent,,male
Trenten,,male
Trenton,,male
Tresa,,female
Tressa,,female
Tressie,,female
Treva,,female
Trever,,male
Trevin,,male
Trevion,,male
Trevon,,male
Trevor,,male
Trey,,male
Treyton,,male
Treyvon,,male
Tricia,,female
Trilby,,female
Trina,,female
Trinidad,,male
Trinity,,male
Tripp,,male
Trish,,female
Trisha,,female
Trista,,female
Tristan,,male
Tristen,,male
Tristian,,male
Tristin,,male
Triston,,male
Troy,,male
Trudi,,female
Trudie,,female
Trudy,,female
Trula,,female
Trumaine,,male
Truman,,male
Trystan,,male
Tuan,,male
Tuba,توبة,female
Tubaa,توبا,female
Tubassum,تبسم,female
Tucker,,male
Tufail,تفعيل,male
Tufan,طوفان,female
Tufayl,تفعيل,male
Tufaylah,تفعيله,female
Tuhfa,تحفة,female
Tuhin,توهين,male
Tuhinsurra,طحينصرا,male
Tula,,female
Tulaib,توليب,male
Tulayb,توليب,male
Tulayhah,طليحة,female
Tullaab,طلاب,male
Tumadur,تماضر,male
Tumaim,تميم,male
Tunveer,تنفير,male
Tuqa,طوقا,female
Tuqaa,تقاء,female
Turab,تراب,male
Turaifah,طريفه,female
Turaj,تراج,male
Turan,توران,female
Turas,تراث,female
Turfa,طرفة,female
Turfah,تعرفه,female
Turhan,طورها,male
Turialai,طرالي,male
Turner,,male
Tutia,توتي,female
Tuwaij,توج,male
Tuwailib,طويلب,male
Twila,,female
Twyla,,female
Ty,,male
Tye,,male
Tyesha,,female
Tyler,,male
Tylor,,male
Tyquan,,male
Tyra,,female
Tyree,,male
Tyreek,,male
Tyreese,,male
Tyrek,,male
Tyreke,,male
Tyrel,,male
Tyrell,,male
Tyrese,,male
Tyrik,,male
Tyrin,,male
Tyriq,,male
Tyrique,,male
Tyron,,male
Tyrone,,male
Tyrus,,male
Tyshawn,,male
Tyson,,male
Ubaab,عباب,female
Ubaadah,عباده,male
Ubab,عباب,female
Ubad,عبد,male
Ubadah,عبده,male
Ubah,أباه,female
Ubai,أبي,male
Ubaid,عبيد,male
Ubaida,عبيده,female
Ubaidullah,عبدلله,male
Ubay,أبي,male
Ubayaa,أبيا,female
Ubayaat,أبيات,female
Ubayd,عبيد,male
Ubaydullah,عبيدلله,male
Ubayy,أبي,male
Udai,عدي,male
Udail,عديل,male
Udaina,أدينا,female
Uday,عدي,male
Udayl,عديل,male
Udaysah,أديسة,female
Udoola,عدولا,female
Ufair,عفير,male
Ufairah,أفراح,female
Ugay,أجي,female
Ugbaad,جبد,female
Uhaid,أحد,male
Uhaidah,عهده,female
Uhayra,وحيرة,female
Uhban,لتي,male
Uhdawi,وحداوي,male
Uhee,أهي,female
Uhud,أحد,female
Ujaab,أجاب,male
Ujab,أجاب,male
Ujala,عجلة,female
Ukashah,عكاشه,male
Ukkashah,عكاشه,male
Ula,على,female
Ulema,علما,female
Ulfah,ألفه,female
Ulfat,ألفت,female
Ulises,,male
Ulwaan,ألوان,male
Ulwiyat,أولويات,female
Ulya,عليا,female
Ulysses,,male
Umaarah,عماره,male
Umaijid,أمجد,male
Umaima,أميمة,female
Umaimah,أميمة,female
Umair,أمير,male
Umaira,أميرة,female
Umairah,أميره,female
Umairi,أميري,male
Umaiza,أميز,female
Umaizar,ميزر,male
Umama,أمامة,female
Umamah,أمامه,female
Umar,عمر,male
Umara,عمارة,female
Umarah,عمره,female
Umayma,أميمة,female
Umaymah,أميمة,female
Umaynah,أمينه,female
Umayr,أمير,male
Umayrah,أميره,female
Umayyah,أمايه,female
Umdah,أمضاه,male
Umdatud-Dawlah,أمدتددولة,male
Umed,أمد,male
Umer,عمر,male
Umid,عميد,male
Umm,أم,female
Umm-E-Kulsum,مقولصم,female
Umm-Kalthum,مقالتهم,female
Umm-Kulthum,مقولتهم,female
Umm-Sulaim,ومسلم,female
Ummah,أمه,female
Ummaiman,أماما,female
Ummayyah,أممية,female
Ummhamdi,أمحمد,female
Ummid,عميد,female
Ummul-Hanaa,عملهن,female
Ummul-Khair,أملكهر,female
Umnia,أمنية,female
Umniya,أمنية,female
Umniyah,أمنيه,female
Umrah,عمره,female
Umran,عمران,male
Umrao,عمره,male
Una,,female
Unais,أنيس,male
Unaiza,عنيزة,female
Unal,أنال,male
Unays,أنيس,male
Unaysah,أنيسه,female
Unayzee,نيز,female
Unaza,عنزة,female
Unique,,female
Unquda,عنقود,female
Unsa,أنسى,female
Unsar,أنصار,male
Uqaab,عقاب,male
Uqba,عقبة,male
Uqbah,عقباه,male
Ura,,female
Uraif,عريف,male
Uraifah,عريفة,female
Urban,,male
Urfee,عرفي,male
Uriah,,male
Uriel,,male
Urijah,,male
Urmia,أرميا,male
Urooba,أوروبا,female
Urooj,عروج,female
Uroosa,عروسة,female
Urrab,عرب,male
Urshia,عرسها,female
Ursula,,female
Urwa,أروى,female
Urwah,أرواح,female
Usaamah,أسامه,male
Usaid,أسيد,male
Usaim,عصام,male
Usaimah,أسامه,female
Usama,أسامة,male
Usamah,أسامه,male
Usayd,أسيد,male
Usaym,عصيم,male
Usaymah,عزيمه,female
Ushaim,أشيم,male
Ushna,عشنا,female
Ushta,عشت,female
Usman,عثمان,male
Usmanah,أزمنة,female
Usraat,عثرات,female
Ustad,أستاد,male
Uswa,أسوة,female
Uswah,أسوة,male
Utaib,أطيب,male
Utaif,عطيف,male
Utaiq,عتيق,male
Utaiqah,أطيقه,female
Utairah,أطرح,female
Utaybah,عتيبه,female
Utayk,عتيق,male
Utbah,عتبه,male
Uthal,أذل,male
Uthman,عثمان,male
Utsman,تسمن,male
Uwaim,عوام,male
Uwaimir,عويمر,male
Uwain,أوين,male
Uwais,عويس,male
Uwaisah,عويصه,female
Uwaiz,أوز,male
Uwayam,وايام,male
Uwaym,وايم,male
Uwaymir,عويمر,male
Uwaysah,عويصه,female
Uzaafar,أظافر,male
Uzaib,عذيب,male
Uzaibah,عذابه,female
Uzair,عزير,male
Uzaiz,عزيز,male
Uzaizah,عزيزه,female
Uzayr,عزير,male
Uzma,أزمة,female
Uzrat,عذرة,female
Vada,,female
Vafa,ففى,female
Vafi,ففي,male
Vafia,ففي,female
Val,,male
Valarie,,female
Valencia,,female
Valentin,,male
Valentina,,female
Valentine,,male
Valentino,,male
Valeria,,female
Valerie,,female
Valery,,female
Valinda,,female
Valiqa,فلقة,female
Vallie,,female
Valorie,,female
Van,,male
Vance,,male
Vanda,فندى,female
Vander,,male
Vanesa,,female
Vanessa,,female
Vannie,,female
Vara,,female
Varda,فردا,female
Vardah,فرضه,female
Varisha,فرشة,female
Vashon,,male
Vashti,فشت,female
Vassie,,female
Vaughn,,male
Veda,,female
Veesta,فيستا,female
Vega,فجة,female
Vela,,female
Velda,,female
Velia,,female
Vella,,female
Velma,,female
Velva,,female
Velvet,,female
Vena,,female
Venessa,,female
Venice,,female
Venie,,female
Venita,,female
Vennie,,female
Venus,,female
Veola,,female
Vera,,male
Verda,,female
Verdell,,female
Verdie,,female
Vere,,male
Verena,,female
Vergie,,female
Vergil,,male
Verl,,male
Verla,,female
Verle,,male
Verlene,,female
Verlie,,female
Verlin,,male
Verlon,,male
Verlyn,,male
Vern,,male
Verna,,male
Vernal,,male
Verne,,male
Vernell,,male
Vernelle,,female
Verner,,male
Vernetta,,female
Vernia,,female
Vernice,,female
Vernie,,male
Vernita,,female
Vernon,,male
Verona,,female
Veronica,,female
Versa,,female
Versie,,female
Vertie,,female
Vessie,,female
Vesta,,female
Vester,,male
Veta,,female
Veva,,female
Vic,,male
Vicente,,male
Vicie,,female
Vick,,male
Vickey,,female
Vicki,,female
Vickie,,female
Vicky,,female
Victor,,male
Victoria,,female
Victoriano,,male
Victorine,,female
Victory,,female
Vicy,,female
Vida,فيضة,female
Vidal,,male
Vikki,,female
Villa,,female
Vilma,,female
Vina,فينا,female
Vince,,male
Vincent,,male
Vincenza,,female
Vincenzo,,male
Viney,,female
Vinie,,female
Vinnie,,female
Vinson,,male
Vinton,,male
Viola,,male
Violet,,female
Violeta,,female
Violetta,,female
Violette,,female
Viqaas,فيقاس,male
Vira,,female
Virdie,,female
Virge,,male
Virgel,,male
Virgia,,female
Virgie,,male
Virgil,,male
Virginia,,male
Virgle,,male
Viridiana,,female
Vita,,female
Vito,,male
Viva,,female
Vivian,,male
Viviana,,female
Vivien,,female
Vivienne,,female
Viyana,فيينا,female
Vlasta,,female
Vollie,,male
Volney,,male
Von,,male
Vonda,,female
Vonetta,,female
Vonnie,,female
Waabisah,وابعثه,female
Waad,واد,male
Waadi,وادي,male
Waafir,وافر,male
Waafiyah,وافيه,female
Waafy,وافي,male
Waahibah,واحبه,female
Waahid,واحد,male
Waahida,واحدة,female
Waahidah,واحده,female
Waail,وايل,male
Waaizh,واعذه,male
Waaizhah,وازهة,female
Waajid,واجيد,male
Waajida,واجدة,female
Waajidah,واجده,female
Waali,والي,male
Waaliyah,واليه,female
Waaqif,واقف,male
Waarid,واريد,male
Waarith,وارث,male
Waarithah,وارثه,female
Waasey,لاريب,female
Waashif,واشف,male
Waashil,واشيل,male
Waasi,واسع,male
Waasif,واسف,male
Waasifah,واسفه,female
Waasil,واصيل,male
Waasilah,واصله,female
Waasiq,واثق,male
Waathiq,واثق,male
Waazi,وازي,male
Wabisa,وبس,female
Wabisah,وابعثه,female
Wad,واد,male
Wadaaat,وذات,female
Wadaan,ودان,male
Wadaana,ودانا,female
Wadad,وداد,female
Waddaa,وأداء,female
Waddah,واضح,female
Waddeen,ودين,male
Waddia,ودية,female
Waddood,لاريب,female
Wade,,male
Wadee,وادي,male
Wadeed,وديد,male
Wadeedah,وعديدة,female
Wadha,واضحة,female
Wadhaa,واذا,female
Wadhdhaah,وضدهة,male
Wadi,وادي,female
Wadiah,وديه,female
Wadid,وديد,male
Wadida,وعديدة,female
Wadii,وادي,male
Wadiyah,وضعيه,female
Wadood,ودود,male
Wadud,ودود,male
Waduud,ودود,male
Wael,وال,male
Waelah,وله,female
Waf,واف,male
Wafa,وفا,female
Wafaa,وفاء,female
Wafadar,وفدر,male
Wafaee,وفي,male
Wafai,وفي,male
Wafaqat,وافقت,male
Wafee,وفي,male
Wafeeq,وفيق,male
Wafeeqa,وفيقة,female
Wafeeqah,وفقه,female
Wafeer,وفير,male
Wafi,وافي,male
Wafia,وافية,female
Wafid,وافيد,male
Wafii,وفي,male
Wafiq,وفيق,male
Wafiqa,وفقا,female
Wafiqah,وفقه,female
Wafiya,وفي,female
Wafiyah,وفيه,female
Wafiyya,وفي,female
Wafiyyah,وفيه,female
Wafiza,وفز,female
Wafqah,وفقه,female
Wagma,واجما,female
Wahaab,وهاب,male
Wahab,وهب,male
Wahabah,وهبه,female
Wahaj,وهج,male
Wahb,واحب,male
Wahbaan,وهبان,male
Wahbah,وهبه,female
Wahban,وهبان,male
Wahbi,وهبي,male
Wahbiyah,وهبية,female
Wahbiyyah,وهبية,female
Wahbullah,وهبلله,male
Wahdah,واحده,female
Wahdan,واحدا,male
Wahdat,وحدة,female
Waheeb,وهيب,male
Waheebah,وهيبه,female
Waheebullah,وهيبلله,male
Waheed,واحد,male
Waheeda,واحدة,female
Waheedah,واحده,female
Wahhaaj,وهاج,male
Wahhab,واحب,male
Wahhaj,وهج,male
Wahi,وهي,male
Wahib,وهيب,male
Wahiba,وهيبة,female
Wahibah,وهيبه,female
Wahid,واحد,male
Wahid-Uddin,وهددن,male
Wahid-Uz-Zaman,وحظوظزما,male
Wahida,واحدة,female
Wahidah,واحده,female
Wahiib,وهيب,male
Wahiid,وحيد,male
Wahuj,وهج,female
Wail,وائل,male
Waino,,male
Wais,ويس,male
Waiya,ويا,female
Waiz,وايز,male
Wajaahat,وجاهة,male
Wajahah,واجهه,female
Wajahat,واجهت,female
Wajd,واجد,male
Wajdaan,وجدان,male
Wajdan,وجدان,male
Wajdi,وجدي,male
Wajdii,وجدي,male
Wajee,واجي,female
Wajeed,وجيد,male
Wajeeda,وجيدة,female
Wajeedaa,وجيدا,female
Wajeedah,وجيده,female
Wajeeh,وجيه,female
Wajeeha,وجيهة,female
Wajeehah,وجيهه,female
Wajeehan,وجيهان,male
Wajeezah,وجيزه,female
Wajeh,وجه,male
Wajia,وجية,female
Wajib,واجيب,male
Wajibah,واجيبه,female
Wajid,واجد,male
Wajida,وجيدة,female
Wajidah,وجيده,female
Wajih,واجه,male
Wajih-Uddin,وجهودن,male
Wajiha,واجهة,female
Wajihah,واجهه,female
Wajiih,وجيه,male
Wajna,وجنة,female
Wakalat,وكالة,male
Wakdar,وقدر,male
Wakee,وكي,male
Wakeel,وكيل,male
Wakeela,وكيلا,female
Wakeelah,وكيله,female
Wakib,وكعب,male
Wakil,وكيل,male
Wal,وال,male
Wala,ولا,female
Walaa,ولا,female
Waldemar,,male
Waldo,,male
Walee,والي,male
Waleed,وليد,male
Waleedah,وليده,female
Waleeya,واليا,female
Wali,والي,male
Walia,ولا,female
Walid,وليد,male
Walidah,والده,female
Walif,وليف,male
Walihah,والهة,female
Waliid,وليد,male
Waliullah,واللله,male
Waliy,والي,male
Waliy-Al-Din,والعيالدن,male
Waliy-Allah,وليله,male
Waliy-Udeen,والإيدين,male
Waliyah,وليه,female
Waliyallah,وليله,male
Waliyuddin,والإيدين,male
Waliyullah,وليله,male
Waliyy,والي,male
Walker,,male
Wallace,,male
Wallad,ولد,male
Wallada,ولادة,female
Walladah,والده,female
Wallid,وليد,male
Walliy-Ullah,وليله,male
Wally,,male
Walt,,male
Walter,,male
Walton,,male
Wamaq,وعمق,male
Wan,وان,male
Wanawsha,وانوثه,female
Wanda,,female
Waneta,,female
Wania,وانا,female
Wanita,,female
Waniya,ونية,female
Waqaar,وقار,male
Waqar,وقار,male
Waqas,وقاص,male
Waqeea,واقية,female
Waqf,واقف,male
Waqi,واقع,male
Waqia,واقية,female
Waqid,وقد,male
Waqida,وعقيدة,female
Waqif,وقف,male
Waqqaa,وقاء,female
Waqqad,وقد,male
Waqqas,وقاص,male
Waqur,وقور,male
Waraqa,ورقة,female
Waraqah,ورقه,male
Ward,ورد,female
Warda,وردة,female
Wardaa,ورضاء,female
Wardah,ورده,female
Wardell,,male
Wardi,وردي,male
Wardiyyah,ورديه,female
Wareef,وريف,male
Wareefah,ورفاه,female
Wareesha,وريشة,female
Warid,واريد,male
Warida,وردة,female
Waris,وعريس,male
Warisa,وريثة,female
Warish,وريش,male
Warith,وريث,male
Waritha,وريثة,female
Warizah,ورزه,female
Warner,,male
Warqa,ورقة,female
Warqaa,ورقاء,female
Warqah,ورقه,male
Warren,,male
Warsan,وعرسان,female
Warshan,ورشا,male
Wasaaf,وصاف,male
Wasaf,وصف,male
Wasam,وسام,male
Wasama,واسامة,female
Wasamah,واسمح,female
Wasay,وصي,male
Wasaya,وصايا,female
Waseef,وصيف,male
Waseefah,وسيفه,female
Waseela,واصلا,female
Waseem,وسيم,male
Waseema,وسيما,female
Waseemah,وسيمه,female
Waseeq,وسيق,male
Waseq,واثق,male
Wasey,وصي,male
Wasfah,وصفه,female
Wasfi,وصفي,male
Wasfia,وصفية,female
Wasfiyah,وصفيه,female
Wasfiyahor,وصفيهر,female
Wash,,male
Washan,وعشان,male
Washana,وشنا,female
Washida,وشدة,female
Washington,,male
Washma,وشما,female
Wasi,واسع,male
Wasia,وصية,female
Wasidali,وأسدل,male
Wasif,وصيف,male
Wasifa,وصيفة,female
Wasifah,وسيفه,female
Wasifi,وصيفي,female
Wasiim,وسيم,male
Wasil,وصل,male
Wasila,وسيلة,female
Wasilah,وسيله,female
Wasilla,وسيلة,female
Wasim,وسيم,male
Wasim-Uddin,وصمودن,male
Wasima,وسيما,female
Wasimah,وسيمه,female
Wasiq,وسيق,male
Wasiqa,وثيقة,female
Wasiya,وصية,female
Wasiyy,وصيي,male
Wasiyyah,وسعيه,female
Wasl,واصل,male
Wasma,وصمة,female
Wasmaa,واسماء,female
Wasna,وسنة,female
Wassaf,وصف,male
Wassim,وسيم,male
Wateeb,وطيب,male
Wathab,وذاب,male
Wathaq,واثق,male
Watheq,واثق,male
Wathiq,وثيق,male
Wathiqa,وثيقة,female
Watiaa,وعطاء,female
Watson,,male
Watt,,male
Wava,,female
Waverly,,male
Wawrina,وورينا,female
Wayde,,male
Wayel,ويل,male
Wayland,,male
Waylon,,male
Wayman,,male
Waymon,,male
Wayne,,male
Wazee,وزي,male
Wazeenah,وزينه,female
Wazeer,وزير,male
Wazeera,وزيرة,female
Wazeerah,وزيره,female
Wazhaa,وعزها,female
Wazhah,وزهة,female
Wazia,واذا,female
Wazian,وزين,male
Wazihaa,وزعها,female
Wazihah,وزيهة,female
Wazin,وزين,male
Wazir,وزير,male
Wazira,وزيرة,female
Waziran,وزيران,male
Wazn,وزن,male
Waznah,وزنه,female
Wazzaa,واذا,female
Wazzah,وازاح,male
Weaver,,male
Webb,,male
Webster,,male
Weldon,,male
Wellington,,male
Wells,,male
Welton,,male
Wende,,female
Wendel,,male
Wendell,,male
Wendi,,female
Wendy,,female
Wenzel,,male
Werner,,male
Wes,,male
Wesley,,male
Wess,,male
West,,male
Westley,,male
Weston,,male
Wheeler,,male
Whit,,male
Whitley,,female
Whitney,,male
Wiam,ويام,female
Wid,ود,female
Widaad,وداد,female
Widad,وداد,female
Widadi,ودادي,male
Wided,وعدد,female
Wifaq,وفاق,female
Wijdan,وجدان,female
Wilaayat,ولايات,male
Wilan,والأن,male
Wilayat,ولاية,male
Wilber,,male
Wilbert,,male
Wilbur,,male
Wilburn,,male
Wilda,,female
Wildan,والدان,male
Wiley,,male
Wilford,,male
Wilfred,,male
Wilfredo,,male
Wilfrid,,male
Wilhelm,,male
Wilhelmina,,female
Wilhelmine,,female
Wiliam,,male
Wilkie,,male
Will,,male
Willa,,female
Willaim,,male
Willam,,male
Willard,,male
Willene,,female
Willia,,female
William,,male
Williams,,male
Willian,,male
Williard,,male
Willie,,male
Williemae,,female
Willis,,male
Willodean,,female
Willow,,female
Willy,,male
Wilma,,female
Wilmer,,male
Wilson,,male
Wilton,,male
Windell,,male
Windy,,female
Winfield,,male
Winford,,male
Winfred,,male
Wing,,male
Winifred,,male
Winnie,,male
Winnifred,,female
Winona,,female
Winston,,male
Winter,,female
Winthrop,,male
Winton,,male
Wiqaa,وقاء,female
Wirad,ويرد,male
Wirt,,male
Wisaal,وإيصال,female
Wisaam,وسام,male
Wisal,ويصل,female
Wisam,وسام,male
Wisama,ويسمى,female
Wissam,وسام,male
Wiyyam,وايام,female
Wm,,male
Wohayb,وهيب,male
Wong,,male
Wood,,male
Woodie,,male
Woodroe,,male
Woodrow,,male
Woodson,,male
Woody,,male
Wordah,ورده,female
Worley,,male
Worth,,male
Wranga,ورانجا,male
Wrashmin,ورشمن,female
Wright,,male
Wuhaib,وهيب,male
Wuhaibah,وهيبه,female
Wuhayb,وهيب,male
Wuraid,وأريد,male
Wuraidah,وريده,female
Wurud,وعروض,female
Wyatt,,male
Wylie,,male
Wyman,,male
Wynona,,female
Xander,كساندر,male
Xavier,كسفير,male
Xena,,female
Ximena,,female
Xiomara,,female
Xobeen,كسب,male
Xzavier,,male
Yaafi,يافع,male
Yaafis,يافث,male
Yaakov,,male
Yaameen,يامين,female
Yaamin,يامين,female
Yaani,ياني,female
Yaaqoot,ياقوت,male
Yaar,يار,male
Yaarunnabi,يارونب,male
Yaaseen,ياسين,male
Yaasiin,ياسين,male
Yaasir,ياسر,male
Yaasmeen,ياسمين,female
Yaasoob,يصوب,male
Yaawar,ياور,male
Yacoob,ياكوب,male
Yacoub,ياكوب,male
Yadiel,,male
Yadira,,female
Yaeesh,يعيش,male
Yael,,male
Yafi,يفي,male
Yafiah,يعفيه,female
Yafir,يفر,male
Yafita,يافطة,female
Yagana,يجنى,female
Yaghnam,يغنم,male
Yaghoub,يغب,male
Yahaira,,female
Yahir,,male
Yahiya,يحيى,male
Yahuda,يهودا,male
Yahya,يحيى,male
Yahyaa,يحيا,male
Yahyah,ياهيه,male
Yair,,male
Yajaira,,female
Yakootah,ياقوته,female
Yakta,يقطع,female
Yakub,يعقوب,male
Yala,يلا,male
Yalaa,يلا,male
Yalina,يلينا,female
Yalmaz,يلماز,male
Yalqoot,يلقط,female
Yama,ياما,male
Yamaamah,يمامه,female
Yamaan,يامان,male
Yamak,يمك,male
Yamam,يمام,female
Yamama,ياماما,female
Yamamah,يمامه,female
Yaman,يمن,male
Yamana,يمنى,female
Yamar,يمر,female
Yameen,يمين,female
Yameena,يمينة,female
Yameenaa,يمينا,female
Yamha,يامها,female
Yamilet,,female
Yamilex,,female
Yamin,يمين,female
Yamina,يمينة,female
Yaminah,يمينه,female
Yamna,يمنة,female
Yamun,يمون,male
Yana,يانا,female
Yanaabi,ينبع,male
Yancy,,male
Yandel,,male
Yaqaazah,يقظه,female
Yaqana,يقنع,male
Yaqeen,يقين,female
Yaqeena,يقينا,female
Yaqin,يقين,male
Yaqinuddin,يقيندن,male
Yaqinul-Islam,يقينلصلم,male
Yaqiz,يقز,male
Yaqoob,يعقوب,male
Yaqoot,ياقوت,male
Yaqub,يعقوب,male
Yaquta,ياقوتة,female
Yaqzan,يقظان,male
Yaqzhaan,يقظها,male
Yar,ير,male
Yara,يارا,female
Yarah,يراه,female
Yardan,يردن,male
Yareli,,female
Yaretzi,,female
Yariqa,يرقى,female
Yaritza,,female
Yaroq,يروق,male
Yarub,يارب,male
Yas,يس,female
Yasaal,يسال,female
Yasaar,يسار,male
Yasaman,يسمن,female
Yasar,يسار,male
Yaseen,ياسين,male
Yaseer,ياسر,male
Yaseera,يسيرة,female
Yaser,ياسر,female
Yasha,يشا,male
Yashal,يسهل,female
Yashar,يشار,male
Yasharah,يشرح,female
Yashfeen,يشفين,female
Yasim,يسم,female
Yasin,ياسين,male
Yasir,ياسر,male
Yasira,يسيرة,female
Yasirah,يسيره,female
Yasm,يسم,female
Yasma,يسمى,female
Yasmeen,ياسمين,female
Yasmeenah,ياسمينه,female
Yasmin,ياسمين,female
Yasmina,ياسمين,female
Yasminaa,ياسمينا,female
Yasmine,ياسمين,female
Yasmoon,يسمون,female
Yasna,يثنى,female
Yasoob,يصوب,male
Yasra,يسرا,female
Yasrib,يصرب,male
Yassaar,يسار,male
Yassaman,يسمن,female
Yasser,ياسر,male
Yasub,يصب,male
Yathrib,يثرب,male
Yawar,يور,male
Yawer,يور,male
Yawqeer,يوقر,male
Yazan,يزن,male
Yazar,يزار,male
Yazdan,يزدان,male
Yazeed,يزيد,male
Yazeedah,يزيده,female
Yazid,يزيد,male
Yazmin,,female
Yee,,male
Yehuda,,male
Yelda,يلدا,female
Yesenia,,female
Yessenia,,female
Yetta,,female
Yoel,,male
Yolanda,,female
Yolonda,,female
Yoon,يون,male
Yoonus,يونس,male
Yoosuf,يوسف,male
York,,male
Yosef,,male
Yoselin,,female
Yoshiko,,female
Yoshio,,male
Youcef,يوسف,male
Youmna,يومنا,female
Younas,يونس,male
Younes,يونس,male
Young,,male
Younus,يونس,male
Yousef,يوسف,male
Yousra,يسرا,female
Youssef,يوسف,male
Yuhannis,يوهانس,male
Yuliana,,female
Yulisa,,female
Yulissa,,female
Yumn,يمن,female
Yumna,يمنى,female
Yumnaa,يومنا,female
Yumnaat,يمنات,female
Yumnah,يمنح,female
Yunus,يونس,male
Yurem,,male
Yuridia,,female
Yusairah,يسيره,female
Yusayrah,يسيره,female
Yusef,يوسف,male
Yusha,يشا,male
Yushu,يوشع,male
Yushua,يشوى,male
Yusma,يسمى,female
Yusr,يسر,male
Yusra,يسرا,female
Yusraa,يسرا,female
Yusraat,يوزرات,female
Yusrah,يصرح,female
Yusri,يسري,male
Yusriya,يسرية,female
Yusriyah,يسرية,female
Yusriyya,يسرية,female
Yusrullah,يسرلله,female
Yusuf,يوسف,male
Yusur,يصور,male
Yvette,,female
Yvonne,,female
Za,زى,male
Zaabit,ذابت,male
Zaad,زاد,male
Zaada,زادة,female
Zaaef,زايف,male
Zaafir,ظافر,male
Zaafira,ظافرة,female
Zaafirah,ظافرة,female
Zaahid,زاهد,male
Zaahidah,زاهدة,female
Zaahii,زاهي,male
Zaahir,زاهر,male
Zaahira,ظاهرة,female
Zaahirah,ظاهره,female
Zaaiirah,زيره,female
Zaair,زائر,male
Zaakher,زاخر,male
Zaaki,زاكي,male
Zaakir,ذاكر,male
Zaakiyah,زاكية,female
Zaal,زال,male
Zaamat,ذمة,female
Zaaminah,زمينه,female
Zaara,زارا,female
Zaaria,زارا,female
Zaarib,زارب,male
Zaatar,زعتر,male
Zababa,ذبابة,female
Zabana,زبانة,female
Zabar,زبر,male
Zabarjad,زبرجد,male
Zabba,زبى,male
Zabeeb,زبيب,male
Zabeebat,زبيبة,female
Zabeer,زبير,male
Zabi,زبي,female
Zabia,ظبية,female
Zabir,زبير,male
Zabira,زبير,female
Zabit,ظابط,male
Zabiyah,ظبيه,female
Zabiyyah,ظبيه,female
Zaboor,زبور,male
Zabreen,زبر,female
Zabrij,زبرج,male
Zaby,زبي,male
Zabya,ظبية,female
Zachariah,,male
Zachary,,male
Zachery,,male
Zack,,male
Zackariya,زكريا,male
Zackary,,male
Zackery,,male
Zada,,female
Zadie,,female
Zaeem,زعيم,male
Zaeemah,زيمه,female
Zaer,زائر,male
Zafaa,زفة,female
Zafar,ظفار,female
Zafaruddin,زفردن,male
Zafeer,زفير,male
Zafeera,ظفيرة,female
Zafeerah,ظفيرة,female
Zafir,زفير,male
Zafira,ظفيرة,female
Zafirah,زفره,female
Zafiya,زافي,female
Zafran,زعفران,male
Zafrat,زفرات,female
Zafreen,ظافر,female
Zafrul,زفرل,male
Zafwat,زفواة,female
Zaghalil,زغاليل,female
Zaghar,زغار,male
Zagheefat,زغيفاة,female
Zagheeghat,زغيغاة,female
Zaghlul,زغلول,male
Zaghlula,زغلول,female
Zaghrab,زغرب,female
Zagros,زاغروس,male
Zahaa,زهاء,female
Zahaar,زهار,male
Zahab,ذهب,female
Zahabia,ذهبية,female
Zahabiya,ذهبية,female
Zahanat,ذهانة,male
Zahara,ظهرا,female
Zahauddin,زهدين,male
Zahbia,ذهبية,female
Zaheel,زحل,male
Zaheen,ذحين,female
Zaheena,ذحين,female
Zaheer,زهير,male
Zaheer-Ud-Dawlah,زهيرددولة,male
Zaheer-Uddin,زهيردن,male
Zaheera,زهير,female
Zaheeraa,زهراء,female
Zaheerah,زهيرة,female
Zahhaak,زهق,male
Zahi,زاهي,male
Zahia,زاهية,female
Zahian,ذحين,female
Zahid,زهيد,male
Zahida,زهيدة,female
Zahida-Bano,زهيدبنه,female
Zahida-Sultana,زهيدصلتن,female
Zahidah,زهيده,female
Zahil,زحل,male
Zahin,ذحين,male
Zahir,ظاهر,female
Zahira,زهيرة,female
Zahirah,زهره,female
Zahirul-Haq,زهيرلهق,male
Zahl,زحل,male
Zahoor,زهور,male
Zahou,زهو,female
Zahra,زهرة,female
Zahraa,زهراء,female
Zahrah,زهره,female
Zahran,زهران,male
Zahri,زهري,male
Zahriyyah,زهريه,female
Zahrun,زهرون,male
Zahuk,زهق,male
Zahun,ذهن,male
Zahur,زهور,male
Zahwah,زهوه,female
Zahyaa,زاهيا,female
Zahyan,ذحين,male
Zaib,ذيب,female
Zaiba,زيبا,female
Zaid,زيد,male
Zaida,زائدة,female
Zaidan,زيدان,male
Zaiden,,male
Zaidi,زيدي,male
Zaidun,زيدون,male
Zaifullah,زيفلله,male
Zaigham,زغم,female
Zaighama,زغما,female
Zaighum,زغم,male
Zaim,زعيم,male
Zaim-Uddin,زيمدن,male
Zaima,زيما,female
Zain,زين,female
Zain-Uddin,زندين,male
Zaina,زينة,female
Zainab,زينب,female
Zainabah,ذنبه,female
Zainba,زينب,female
Zair,زائر,male
Zaira,زائرا,female
Zairah,زائره,female
Zaire,,male
Zaiton,زيتون,female
Zaitoon,زيتون,female
Zaitoona,زيتونة,female
Zaitun,زيتون,female
Zaituna,زيتونة,female
Zajil,زاجل,male
Zaka,زكى,male
Zakaa,ذكاء,female
Zakar,ذكر,male
Zakaria,زكريا,male
Zakariya,زكريا,male
Zakariyah,ذكريه,male
Zakariyya,زكريا,male
Zakary,,male
Zakat,زكاة,female
Zakawan,ذكوان,male
Zakawat,زقوت,female
Zakhif,ذخيف,male
Zakhira,ذخيرة,female
Zaki,زكي,male
Zaki-Uddin,زكيدن,male
Zakia,زكية,female
Zakiah,زكيه,female
Zakir,ذكر,male
Zakir-Uddin,زاكيرودن,male
Zakir-Ullah,زاكيرولله,male
Zakira,ذاكرة,female
Zakirah,ذكره,female
Zakirul-Islam,زاكيرولسلم,male
Zakiy,زكي,male
Zakiya,زكية,female
Zakiyaa,زاكيا,female
Zakiyah,زكيه,female
Zakiyy,زكي,male
Zakiyya,زكية,female
Zakiyyah,زكيه,female
Zakoor,ذكور,male
Zakou,ذاك,male
Zakwan,ذكوان,male
Zaky,زكي,male
Zal,زال,male
Zala,زالا,female
Zaland,زيلاند,male
Zalanda,زيلندا,female
Zaleeq,زليق,male
Zalfa,زلفى,female
Zalmay,زلماي,male
Zalool,ذلول,male
Zaluj,زعلج,female
Zamaair,ذمار,female
Zamaam,زمام,male
Zamaan,زمان,male
Zamaar,ذمار,male
Zaman,زمان,male
Zamaneh,زمانه,female
Zamda,زمدا,female
Zameel,زميل,male
Zameela,زميلة,female
Zameelah,زميله,female
Zameena,زمين,female
Zameer,زمر,male
Zami,ظامي,male
Zamiir,زمر,male
Zamil,زميل,male
Zamila,زميلة,female
Zamin,زمن,male
Zaminah,زمينه,female
Zamir,زمر,male
Zamir-Uddin,زمردن,male
Zamira,زمرة,female
Zaml,زامل,male
Zamr,زمر,male
Zamrud,زمرد,female
Zamurad,زمرد,male
Zamurah,زمرة,male
Zamurd,زمرد,female
Zamzam,زمزم,male
Zana,,female
Zanbaqi,زنبق,female
Zander,,male
Zandra,,female
Zane,زان,female
Zanera,زنرا,female
Zaniah,زانيه,female
Zaniyah,,female
Zanubiya,زنوبيا,female
Zanurah,ذنورة,female
Zanyah,زانيه,female
Zaqawat,زقوت,female
Zar,زار,male
Zara,زارا,female
Zaraafat,زرافات,male
Zaraan,زعران,male
Zarab,زارب,female
Zarafat,زرافات,female
Zarafshan,زرافشا,female
Zarak,زرق,male
Zaram,زرام,male
Zarang,زارنج,male
Zarar,زرار,male
Zaray,زري,female
Zarbaha,ذربه,female
Zarbat,ذربة,male
Zardab,زردب,male
Zardasht,زردشت,male
Zareeb,زارب,male
Zareef,ظريف,male
Zareefa,ظريفة,female
Zareen,زرين,female
Zareena,زارنا,female
Zareenah,زرناه,female
Zareer,زارئر,male
Zareera,زارئرا,female
Zareesh,زريش,female
Zarf,ظرف,male
Zarfaat,ذرفت,female
Zargar,زرجر,male
Zargham,زرغم,male
Zarghama,زرغما,female
Zarghun,زرغن,male
Zarghuna,زرغنا,female
Zargonaa,زرجناء,female
Zargoon,زرج,female
Zargoona,زرجنا,female
Zargul,زرجل,female
Zarhawar,زرهور,male
Zarhgay,زارهج,male
Zari,زري,male
Zaria,ذرية,female
Zariah,,female
Zarif,ظريف,male
Zarifa,ظريفة,female
Zarifah,ظريفه,female
Zarim,زريم,male
Zarin,زرين,female
Zarina,زرعنا,female
Zariya,ذرية,female
Zariyah,ذريه,female
Zariyan,زارعين,male
Zarka,زرقا,female
Zarkanay,زرقان,male
Zarlesh,زرلش,male
Zarma,زرما,female
Zarmast,زرمسة,male
Zarmina,زرمنا,female
Zarnab,زارناب,female
Zarola,زرلا,female
Zaroon,زر,male
Zarq,زرق,male
Zarqa,زرقا,female
Zarqa-Bano,زرقابنه,female
Zarqa-Habiba,زرقهببة,female
Zarqa-Sultana,زرقاسلتن,female
Zarqaa,زرقاء,female
Zarra,زارا,female
Zarrah,زاره,female
Zarrar,زرار,male
Zartaj,زارتج,female
Zartash,زارتش,male
Zaryab,زرياب,female
Zaryan,زرين,female
Zaufishan,زافيشا,female
Zaumar,ذمار,male
Zauq,ذوق,male
Zavian,زافين,male
Zavier,زفير,male
Zaviyar,زفير,male
Zawaad,زواد,male
Zawal,زوال,female
Zawala,زوالا,female
Zawar,زوار,male
Zaweel,زويل,male
Zaweela,زويلة,female
Zawiya,زاوية,female
Zawqi,ذوقي,male
Zawri,زوري,male
Zayaam,زعيم,male
Zayaan,زيان,female
Zayan,زين,male
Zayana,زينة,female
Zayanaa,زينا,female
Zayb,ذيب,male
Zayba,زيبا,female
Zayd,زايد,male
Zayda,زايد,female
Zaydan,زيدان,male
Zayden,,male
Zayed,زايد,male
Zayef,زيف,male
Zayer,زاير,male
Zayid,زايد,male
Zayir,زاير,male
Zayirah,زيره,female
Zayn,زين,male
Zayna,زينا,female
Zaynab,زينب,female
Zaynah,زينه,female
Zayne,,male
Zaynul-Abidin,زينلبدن,male
Zaytoon,زيتون,male
Zaytoonah,زيتونه,female
Zayyan,زين,male
Zayyat,زيت,male
Zeb,زب,male
Zeba,زبى,female
Zebadiyah,زبديه,male
Zebulon,,male
Zechariah,,male
Zed,,male
Zeeana,زينة,female
Zeeb,ذيب,female
Zeebaq,زيبق,male
Zeena,زينة,female
Zeenaat,زينات,female
Zeenah,زينه,female
Zeenat,زينة,female
Zeeshah,زشة,male
Zeeshan,زشا,male
Zeeya,زيي,female
Zehab,ذهب,male
Zehak,زهق,female
Zehba,ذهبى,female
Zehn,ذهن,male
Zehna,ذهنى,female
Zehra,زهرة,female
Zeifa,زيفا,female
Zeinab,زينب,female
Zeke,,male
Zela,,female
Zelda,,female
Zelia,,female
Zella,,female
Zelma,,female
Zelpha,,female
Zemar,ذمار,male
Zena,,female
Zenas,,male
Zenia,زنية,female
Zeno,,male
Zenobia,,female
Zerada,زردة,female
Zerah,ذره,female
Zerina,زرعنا,female
Zerlinda,زرلندا,female
Zeta,,female
Zetta,,female
Zettie,,female
Zewar,زوار,female
Zeyad,زياد,male
Zeynep,زينب,female
Zgard,زغرد,male
Zhaahir,زهيهر,male
Zhaahirah,زهيهرة,female
Zhabyun,ذهبين,male
Zhafeerah,زحفيرة,female
Zhafir,زحفير,male
Zhaheerah,زهيهرة,female
Zhahiir,زهيهر,male
Zhala,زحلة,female
Zhalah,زحلة,male
Zhalai,زحل,female
Zhalay,زحل,female
Zhaleh,زحله,female
Zhane,,female
Zharf,زهرف,male
Zharif,زهريف,male
Zhasman,زحزما,female
Zhasmin,زحزمن,female
Zheela,زحلة,female
Zheena,ذحين,female
Zheeno,ذحين,female
Zhobin,ذهبن,male
Zia-Uddin,زدن,male
Ziad,زياد,male
Ziar,زيار,male
Ziara,زيارة,female
Ziarmal,زيارمل,male
Ziaud,زياد,male
Ziauddin,زدن,male
Ziaul-Qamar,زلقمر,female
Ziba,زيبا,female
Zibaa,زيبا,female
Zibandeh,ذيبانده,female
Zibaru,زبر,female
Zibatalaat,زبطلاة,female
Zibriqan,زبريقا,female
Zidan,زيدان,male
Zifaf,زفاف,female
Zigmund,,male
Zihaka,زهق,female
Zihayr,زهير,male
Zihni,ذهني,female
Zihniyyah,ذهنية,female
Zikr,ذكر,female
Zikra,ذكرى,female
Zikrayat,ذكريات,female
Zilal,ظلال,female
Zilallah,ظلاله,female
Zilelahi,ذليله,female
Zill,ذيل,female
Zilla,ذيلا,female
Zillah,,female
Zillullah,ذلوله,male
Zilpah,,female
Zilpha,,female
Zilyazdan,ذيليزدا,female
Zimal,زمال,female
Zimr,زيمر,male
Zimra,زمرة,male
Zimran,زمران,male
Zina,,female
Zinaat,زينات,female
Zinah,زينه,female
Zinat,زينة,female
Zineb,زينب,female
Zineta,زينتا,female
Zinia,زينة,female
Zinneerah,زينيرة,female
Zion,,male
Ziram,زيرم,female
Zirar,زرار,male
Zirwa,زيرو,female
Zishan,زشا,male
Zita,,female
Zivanka,زعفانكا,female
Zivar,ظفار,female
Ziya,زيي,male
Ziyaa,زياء,male
Ziyaad,زياد,male
Ziyaam,زعيم,male
Ziyad,زياد,male
Ziyada,زيادة,female
Ziyadat-Ullah,زياداتلله,male
Ziyan,زين,female
Zmarak,زمرك,male
Zmaray,زماري,male
Zoa,,female
Zobia,ظبية,female
Zoe,,female
Zoey,,female
Zoeya,زيا,female
Zoha,زها,female
Zohaib,ذهب,male
Zohair,زهير,male
Zohal,زحل,female
Zoharin,ظهرن,female
Zoheb,ذهب,male
Zoheir,زهير,male
Zohha,زها,female
Zohniyya,ذهنية,female
Zohoor,زهور,male
Zohra,ظهرا,female
Zohran,زهران,male
Zohura,زهرة,female
Zoie,,female
Zola,,female
Zollie,,male
Zona,,female
Zonera,زنرا,female
Zonira,زنيرا,female
Zoomeer,زمر,male
Zoona,زون,female
Zora,,female
Zorah,زوره,female
Zoraida,زردة,female
Zoraiz,زرز,female
Zoran,زوران,male
Zorawar,زعرور,male
Zoreed,زرد,female
Zoreza,زرزا,female
Zoufishan,زفيشا,female
Zoya,زيا,female
Zryan,زرين,female
Zuaib,ذيب,male
Zubaah,ذباح,female
Zubaid,زبيد,male
Zubaida,زبيدة,female
Zubaidah,زبيده,female
Zubair,زبير,male
Zubairaa,زبير,female
Zubaria,زوبري,female
Zubash,زبش,female
Zubayda,زبيدة,female
Zubaydah,زبيده,female
Zubayr,زبير,male
Zubdah,زبده,female
Zuber,زوبر,male
Zubi,زبي,female
Zudora,زودرا,female
Zuehb,ذهب,male
Zufar,ظفار,male
Zufash,زفاش,female
Zufishan,زفيشا,male
Zufunoon,زفن,male
Zuha,زها,male
Zuhaa,زهاء,female
Zuhaib,ذهب,male
Zuhaibah,ذهابه,female
Zuhain,ذحين,male
Zuhair,زهير,male
Zuhaira,زهير,female
Zuhairaa,زهراء,female
Zuharah,زهره,female
Zuhayr,زهير,male
Zuhayra,زهير,female
Zuhayyah,زهيه,female
Zuhdi,زهدي,male
Zuhdii,زهدي,male
Zuhdiyyah,زهدية,female
Zuhera,زهرة,female
Zuhni,ذهني,male
Zuhniyyah,ذهنية,female
Zuhoor,زهور,female
Zuhr,زهر,female
Zuhra,زهرة,female
Zuhrah,زهره,female
Zuhriyyah,زهريه,female
Zuhur,زهور,female
Zuka,زكى,male
Zuka-Uddin,ذوقدن,male
Zuka-Ullah,ذوقلله,male
Zukhruf,زخرف,female
Zukr,ذكر,male
Zula,,female
Zulaikha,زليخة,female
Zulaikhah,زليخه,female
Zulaykha,لاريب,female
Zulaym,ظليم,male
Zuleika,زوليك,female
Zuleikha,زليخة,female
Zulekha,زليخة,female
Zuleyka,زوليك,female
Zulfa,زلفى,female
Zulfaa,زلفى,female
Zulfah,زلفه,female
Zulfaqar,زلفقر,male
Zulfat,زلفة,male
Zulfateh,زلفتح,male
Zulfi,ذلفي,male
Zulfikar,ذلفيكر,male
Zulfiqar,ذلفيقر,male
Zulghaffar,زلغفر,male
Zulghina,زلغنا,male
Zulhijjah,زولهجة,female
Zulhimmah,زعلهمة,male
Zulikram,زوليكرم,male
Zuljalal,زعلجلل,male
Zulkifl,ذلكفل,male
Zulla,زولا,female
Zulnoon,زلن,male
Zulnoorain,زلنرن,male
Zulqadr,زلقدر,male
Zulqarnain,زلقرنن,male
Zulqarnayn,زلقرنين,male
Zulqurnayn,زلقرنين,male
Zultan,ظلتا,female
Zultana,زعلتني,female
Zumail,زميل,male
Zumar,ذمار,female
Zumard,زمرد,female
Zumarrad,زمرد,male
Zumarrada,زمردة,female
Zumurrud,زمرد,female
Zumurruda,زمردة,female
Zumzum,زمزم,female
Zunairah,زنارة,female
Zunnoon,لتي,male
Zunnur,ذنور,male
Zurafa,زرافة,female
Zurafaa,ظرفاء,female
Zurah,زوره,female
Zuraib,زرائب,male
Zurfah,ظرفه,female
Zurmah,زورمة,female
Zushimalain,زشملن,male
Zuti,زيوت,male
Zuwail,زويل,male
Zuwaila,زويلة,female
Zuwailah,زويلة,female
Zuwainah,زوينه,female
Zuwaiten,زويت,female
Zuwayhir,ظويهر,male
Zuzer,زوزر,male
Zwaahir,ظواهر,male
Zwandun,زوندن,male
Zyan,زين,female
Zyauddeen,زياد,male
Zynah,زينه,female
Zyva,زيفا,female
